"Year","Model","Neighbor","Summary","Rho","Gamma","Regime","Design_ID","Design","N_Draws","N_Unique","Complete","Mean_MSE","Variance_Raw","Variance_MC_Noise","Variance_Corrected","SD_Raw","SD_Corrected","Q90_Estimated","Worst10_Mean_Estimated","Sampled_Max_Estimated","SE_Mean_MSE_Noise","SE_Mean_MSE_Joint","Variance_Split_Half","Variance_Noise_Fraction","Q90_Half1","Q90_Half2","Worst10_Half1","Worst10_Half2","Tail_Half_Jaccard","Tail_Half_Rank_Cor","Tail_Boundary_Uncertain","No_Sampled_Allocation_Variation","N_Independent_Fits","N_Valid_Est","N_Valid_CI","N_Aliased","N_Warn","N_Bound","Proven_Singleton","Relative_MCSE_MSE","SD","MCSE_Coverage","Coverage","MCSE_Bias","Bias","Coverage_Variance_Noise","Coverage_Variance_Allocation","J","R","Source_ID","Precision_OK","Mean_Treated","Min_Treated","Max_Treated","Mean_Population_Share","Min_Population_Share","Max_Population_Share","Mean_Incidence_Difference","N_Unidentified_Allocations","Fail_Rate_Est","Fail_Rate_CI","Source_Reporting_Uses"
"2018","education","queen","mean_rank",0,0.5,"both",1,"Checkerboard (graph adaptation)",3,1,TRUE,0.171580068808523,0,0,0,0,0,0.171580068808523,0.171580068808523,0.171580068808523,0.0691502972211729,0.0691502972211729,0,NA,0.216930075599098,0.126230062017948,0.216930075599098,0.126230062017948,1,NA,FALSE,TRUE,8,8,8,0,0,0,TRUE,0.403020570520588,0.389199327597068,0.125,0.875,0.147103518750771,-0.141788406460167,0.015625,0,3,8,"476b15c62994bb281a9cf916a47b9561",FALSE,27,27,27,0.503966288284889,0.503966288284889,0.503966288284889,-19.5536701450524,0,0,0,1
"2018","education","queen","mean_rank",0.5,0.5,"both",1,"Checkerboard (graph adaptation)",3,1,TRUE,0.201312889094406,0,0,0,0,0,0.201312889094406,0.201312889094406,0.201312889094406,0.0429262175358873,0.0429262175358873,0,NA,0.205181110383156,0.197444667805656,0.205181110383156,0.197444667805656,1,NA,FALSE,TRUE,8,8,8,0,0,0,TRUE,0.213231342160893,0.434475670845834,0,1,0.164216367966576,0.11199902025227,0,0,3,8,"6460e74c096af07350269fc030e2ab51",FALSE,27,27,27,0.503966288284889,0.503966288284889,0.503966288284889,-19.5536701450524,0,0,0,1
"2018","education","queen","mean_rank",0,0.5,"control_only",1,"Checkerboard (graph adaptation)",3,1,TRUE,1.43464649950897,0,0,0,0,0,1.43464649950897,1.43464649950897,1.43464649950897,0.507774821334076,0.507774821334076,0,NA,2.0282631199021,0.841029879115838,2.0282631199021,0.841029879115838,1,NA,FALSE,TRUE,8,8,8,0,0,0,TRUE,0.353937239248742,1.12387464045608,0.125,0.875,0.424784686208419,0.414188715501368,0.015625,0,3,8,"5b8fcab525ce837734585cd23c48e4fd",FALSE,27,27,27,0.503966288284889,0.503966288284889,0.503966288284889,-19.5536701450524,0,0,0,1
"2018","education","queen","mean_rank",0.5,0.5,"control_only",1,"Checkerboard (graph adaptation)",3,1,TRUE,0.733379290740159,0,0,0,0,0,0.733379290740159,0.733379290740159,0.733379290740159,0.456451187542457,0.456451187542457,0,NA,1.35566515780787,0.111093423672445,1.35566515780787,0.111093423672445,1,NA,FALSE,TRUE,8,8,8,0,0,0,TRUE,0.622394432602243,0.572448191944233,0.125,0.875,0.216365079193287,0.636931988739723,0.015625,0,3,8,"92ab56b06e93459133eeb2d580fc83df",FALSE,27,27,27,0.503966288284889,0.503966288284889,0.503966288284889,-19.5536701450524,0,0,0,1
"2018","education","queen","mean_rank",0,0.5,"both",2,"High Incidence Focus",3,1,TRUE,0.0492164816977358,0,0,0,0,0,0.0492164816977358,0.0492164816977358,0.0492164816977358,0.0357061612886538,0.0357061612886538,0,NA,0.00721553834440805,0.0912174250510635,0.00721553834440805,0.0912174250510635,1,NA,FALSE,TRUE,8,8,8,0,0,0,TRUE,0.725491950195549,0.213196422442804,0.125,0.875,0.0805806734560471,0.0613495489414969,0.015625,0,3,8,"5f15f55bd9fe08658993fc41313af837",FALSE,29,29,29,0.222331266315861,0.222331266315861,0.222331266315861,53.4219564460164,0,0,0,1
"2018","education","queen","mean_rank",0.5,0.5,"both",2,"High Incidence Focus",3,1,TRUE,0.0312891648885432,0,0,0,0,0,0.0312891648885432,0.0312891648885432,0.0312891648885432,0.0124712797548704,0.0124712797548704,0,NA,0.0583475568868048,0.00423077289028165,0.0583475568868048,0.00423077289028165,1,NA,FALSE,TRUE,8,8,8,0,0,0,TRUE,0.398581419456063,0.151433228156601,0,1,0.0572363802762958,-0.0914174069781792,0,0,3,8,"551eb44da15459afcea1098f80732751",FALSE,29,29,29,0.222331266315861,0.222331266315861,0.222331266315861,53.4219564460164,0,0,0,1
"2018","education","queen","mean_rank",0,0.5,"control_only",2,"High Incidence Focus",3,1,TRUE,0.205396991390003,0,0,0,0,0,0.205396991390003,0.205396991390003,0.205396991390003,0.0604781477593631,0.0604781477593631,0,NA,0.161056631003065,0.249737351776941,0.161056631003065,0.249737351776941,1,NA,FALSE,TRUE,8,8,8,0,0,0,TRUE,0.294445149123575,0.428397455761502,0,1,0.16191901860539,-0.147893919033459,0,0,3,8,"9703ebda1a670f9cc3da3ef29ec94415",FALSE,29,29,29,0.222331266315861,0.222331266315861,0.222331266315861,53.4219564460164,0,0,0,1
"2018","education","queen","mean_rank",0.5,0.5,"control_only",2,"High Incidence Focus",3,1,TRUE,0.256882035199211,0,0,0,0,0,0.256882035199211,0.256882035199211,0.256882035199211,0.138998890763525,0.138998890763525,0,NA,0.0943042198248027,0.419459850573619,0.0943042198248027,0.419459850573619,1,NA,FALSE,TRUE,8,8,8,0,0,0,TRUE,0.541100083763085,0.422117068243009,0.125,0.875,0.159545255246669,-0.280533805266207,0.015625,0,3,8,"960d2475b1a980b2e9472e93b5a3049f",FALSE,29,29,29,0.222331266315861,0.222331266315861,0.222331266315861,53.4219564460164,0,0,0,1
"2018","education","queen","mean_rank",0,0.5,"both",3,"Saturation Regions",3,3,TRUE,0.0660720920865572,0.000378064442554429,0.00236219042326781,-0.00198412598071338,0.0194438793082664,NA,0.0821687093330815,0.0883198025322768,0.0883198025322768,0.0280605917214149,0.0112259289527182,0.00015545062159079,6.24811581673072,0.0309225614173728,0.136507796508899,0.0312806850686312,0.145358919995922,1,0.5,TRUE,FALSE,24,24,24,0,0,0,FALSE,0.169904245471927,0.256037763358777,7.85046229341888e-17,0.875,0.0612156198141396,0.0227322638730079,0.00520833333333333,-0.015625,3,8,"30321b058fa2ccf4864355bcc8e7a125",FALSE,29.3333333333333,29,30,0.470001796309069,0.396383676472537,0.580957746141143,5.48546497035986,0,0,0,1
"2018","education","queen","mean_rank",0.5,0.5,"both",3,"Saturation Regions",3,3,TRUE,0.0742611966984404,0.0025298367697548,0.0018679457254752,0.000661891044279601,0.0502974827377554,0.0257272432312442,0.115441490840487,0.132237367770749,0.132237367770749,0.024952927186172,0.0290392651982036,-0.00164456034237086,0.738366106385689,0.197965386170759,0.0681690861293148,0.227721513904818,0.0760230522524736,0,-0.5,FALSE,FALSE,24,24,24,0,0,0,FALSE,0.391042246681348,0.271199256375945,0.0416666666666667,0.958333333333333,0.0830982329324755,-0.0266863268280786,0.00173611111111111,-8.67361737988404e-19,3,8,"ef2ff02eaec9ed87479557e8017d756c",FALSE,29.3333333333333,29,30,0.470001796309069,0.396383676472537,0.580957746141143,5.48546497035986,0,0,0,1
"2018","education","queen","mean_rank",0,0.5,"control_only",3,"Saturation Regions",3,3,TRUE,0.185129180755038,0.00132404353517177,0.00781591236167784,-0.00649186882650607,0.0363874090197663,NA,0.215299047065512,0.224813234948825,0.224813234948825,0.0510421798178652,0.0210082803926751,-0.00406477658982424,5.90306296889542,0.260990256722385,0.238662451042045,0.2927934687862,0.255106410027322,0,-1,TRUE,FALSE,24,24,24,0,0,0,FALSE,0.113479032894728,0.429402174036477,0.0416666666666667,0.958333333333333,0.0959237332473259,0.0272571768124562,0.00173611111111111,-8.67361737988404e-19,3,8,"4b9b44cbc258f2f5391cc6d572187968",FALSE,29.3333333333333,29,30,0.470001796309069,0.396383676472537,0.580957746141143,5.48546497035986,0,0,0,1
"2018","education","queen","mean_rank",0.5,0.5,"control_only",3,"Saturation Regions",3,3,TRUE,0.142710788090514,5.38943185275574e-06,0.00274755371738489,-0.00274216428553213,0.00232151499085312,NA,0.144640212494339,0.145268686958313,0.145268686958313,0.0302630342022788,0.0013403273048968,-0.000935782169577469,509.803963098634,0.188130353247133,0.144891959306913,0.195034105993763,0.148609441219639,0,-1,TRUE,FALSE,24,24,24,0,0,0,FALSE,0.00939191299291753,0.369622720332967,0,1,0.126723105622724,-0.0780373801723983,0,0,3,8,"88acb13e2e1c02798c4706aa4051df03",TRUE,29.3333333333333,29,30,0.470001796309069,0.396383676472537,0.580957746141143,5.48546497035986,0,0,0,1
"2018","education","queen","mean_rank",0,0.5,"both",4,"Isolation Buffer",3,3,TRUE,0.185530553794133,0.00149877595288872,0.00506175500240182,-0.0035629790495131,0.038714027856692,NA,0.213441621799659,0.217731007219371,0.217731007219371,0.0410761690943456,0.0223515544044758,-0.00553435766696711,3.3772592845821,0.229560954082733,0.283027357470674,0.237980270427656,0.315137224384851,0,-0.5,TRUE,FALSE,24,24,24,0,0,0,FALSE,0.120473711458207,0.412548561189446,0,1,0.0551897116276544,-0.123831492176469,0,0,3,8,"fddfeaf185b919e3d89611d67e327af6",FALSE,15.3333333333333,14,16,0.231587989801844,0.17424881572961,0.313182647401988,4.03570349392163,0,0,0,1
"2018","education","queen","mean_rank",0.5,0.5,"both",4,"Isolation Buffer",3,3,TRUE,0.165620908803748,0.00816740446138954,0.00943686110676678,-0.00126945664537724,0.0903736934145636,NA,0.232930370571825,0.245022186615133,0.245022186615133,0.056085830375615,0.052177276220559,-0.0166370511168923,1.15542962900619,0.38327016123846,0.231938521748972,0.451462216383782,0.258624272140019,0,-0.5,TRUE,FALSE,24,24,24,0,0,0,FALSE,0.315040393132888,0.391149473506415,0.0416666666666667,0.958333333333333,0.0780418894790058,0.112352116933338,0.00173611111111111,-8.67361737988404e-19,3,8,"29cfe9dd1235e941fa8fce8ce5ff1864",FALSE,15.3333333333333,14,16,0.231587989801844,0.17424881572961,0.313182647401988,4.03570349392163,0,0,0,1
"2018","education","queen","mean_rank",0,0.5,"control_only",4,"Isolation Buffer",3,3,TRUE,0.14936471277504,0.00529639971652946,0.0051845609219963,0.000111838794533161,0.0727763678437545,0.0105753862592891,0.205067187279395,0.216400630262237,0.216400630262237,0.0415714682684984,0.0420174555652349,-0.0042226254518279,0.978883996579011,0.147537798618015,0.328711983151454,0.160042295358255,0.371033845104867,0,-0.5,TRUE,FALSE,24,24,24,0,0,0,FALSE,0.281307778688784,0.381726295711207,0.0416666666666667,0.958333333333333,0.103930535598465,-0.0604131437490243,0.00173611111111111,-8.67361737988404e-19,3,8,"d75de2e35fdae027a223dcfb5702a718",FALSE,15.3333333333333,14,16,0.231587989801844,0.17424881572961,0.313182647401988,4.03570349392163,0,0,0,1
"2018","education","queen","mean_rank",0.5,0.5,"control_only",4,"Isolation Buffer",3,3,TRUE,0.139845722716728,0.00341840412493272,0.00188403736633638,0.00153436675859634,0.0584671200328246,0.0391709938423361,0.18836376007646,0.206494702583744,0.206494702583744,0.0250601766842427,0.0337560074896934,0.00270756828219839,0.551145299818366,0.22276962665263,0.15950665892582,0.244546629190168,0.168442775977319,1,0.5,FALSE,FALSE,24,24,24,0,0,0,FALSE,0.241380335657958,0.371450442413564,0,1,0.0315498484596068,-0.0432468674876601,0,0,3,8,"fa2ab6ef8edf14a8cd1cfddafb940896",FALSE,15.3333333333333,14,16,0.231587989801844,0.17424881572961,0.313182647401988,4.03570349392163,0,0,0,1
"2018","education","queen","mean_rank",0,0.5,"both",5,"2x2 Blocking",3,3,TRUE,0.0492277029837754,0.000892281420990864,0.000539884578275726,0.000352396842715138,0.0298710800104526,0.0187722359540663,0.0735102320905047,0.0837096733234449,0.0837096733234449,0.0134149739504745,0.0172460760850197,0.000363001015736858,0.605060876058803,0.0400128834952507,0.109596620835628,0.0414935622091964,0.125925784437693,1,0.5,FALSE,FALSE,24,24,24,0,0,0,FALSE,0.350332740300795,0.221873167747341,0.0416666666666667,0.958333333333333,0.0421982310497811,-2.04336935732477e-05,0.00173611111111111,-8.67361737988404e-19,3,8,"abe1d1f3c65552e7e46f792c26f91da1",FALSE,28,28,28,0.505990659192843,0.477529309390679,0.527489681214036,-1.3794695672047,0,0,0,1
"2018","education","queen","mean_rank",0.5,0.5,"both",5,"2x2 Blocking",3,3,TRUE,0.0648706442599395,0.000546357429824723,0.00100408745456429,-0.000457730024739564,0.0233742899319899,NA,0.0813516417314961,0.0836081569584634,0.0836081569584634,0.0182946937167064,0.0134951525843507,-0.000698105897969311,1.83778493666025,0.125722354843673,0.0732641441806654,0.141335202043751,0.0851099022575379,0,-0.5,TRUE,FALSE,24,24,24,0,0,0,FALSE,0.20803173358777,0.242887548891457,0.0416666666666667,0.916666666666667,0.0256239215868649,0.0766569165401232,0.00347222222222222,-0.00520833333333333,3,8,"5c9626e20e537871299deb9823c3249b",FALSE,28,28,28,0.505990659192843,0.477529309390679,0.527489681214036,-1.3794695672047,0,0,0,1
"2018","education","queen","mean_rank",0,0.5,"control_only",5,"2x2 Blocking",3,3,TRUE,0.208509388575688,0.0113317440060045,0.0133795920357124,-0.00204784802970785,0.106450664657411,NA,0.297075726248489,0.326547231860008,0.326547231860008,0.0667822132899481,0.0614593198953707,-0.0189534168189411,1.18071781612987,0.189368140274622,0.504926691428324,0.192549415194694,0.585724272532782,0,-1,FALSE,FALSE,24,24,24,0,0,0,FALSE,0.294755647768164,0.456543277011604,0,1,0.119308736942258,-0.00881049324347863,0,0,3,8,"8f2d981e86bf473d3505a1f5cbecad11",FALSE,28,28,28,0.505990659192843,0.477529309390679,0.527489681214036,-1.3794695672047,0,0,0,1
"2018","education","queen","mean_rank",0.5,0.5,"control_only",5,"2x2 Blocking",3,3,TRUE,0.194279411740369,0.00334567698055304,0.0110355345535415,-0.00768985757298843,0.0578418272580755,NA,0.24136199251776,0.261038627630512,0.261038627630512,0.060650733860747,0.0333949945378697,-0.00498099252952233,3.2984459102556,0.353456122935853,0.190098732467797,0.397954230620376,0.200161612600809,0,-1,TRUE,FALSE,24,24,24,0,0,0,FALSE,0.171891577386996,0.439635040321007,0,1,0.0906706918274661,-0.0316297812562121,0,0,3,8,"fac4eadf96044d5425b04e3bf560786e",FALSE,28,28,28,0.505990659192843,0.477529309390679,0.527489681214036,-1.3794695672047,0,0,0,1
"2018","education","queen","mean_rank",0,0.5,"both",6,"Balanced Quartiles",3,3,TRUE,0.0808442935552261,0.00111488080623082,0.00137024449724122,-0.0002553636910104,0.0333898308805364,NA,0.108414182252487,0.119153254869603,0.119153254869603,0.0213716673600137,0.0192776278470738,-0.00357122304057867,1.22905021737143,0.180809788869181,0.0869424762091145,0.215533850968419,0.0890022430958095,0,-0.5,TRUE,FALSE,24,24,24,0,0,0,FALSE,0.238453785657796,0.251023731167686,0.0721687836487032,0.875,0.0338463961775112,0.133534190175697,0.00471230158730159,0.00148809523809524,3,8,"e2a724c16855b2170682cd5367e746b5",FALSE,29,29,29,0.508855340959023,0.470507139697526,0.58484042402149,2.38487154756295,0,0,0,1
"2018","education","queen","mean_rank",0.5,0.5,"both",6,"Balanced Quartiles",3,3,TRUE,0.0610674016437541,4.19230596995064e-05,0.00126027305705763,-0.00121834999735813,0.00647480190426753,NA,0.0660192875726056,0.0670232566900859,0.0670232566900859,0.0204961220483098,0.00373822862237836,-0.00113559277643591,30.0615715095926,0.109472786762167,0.0693691508310531,0.115576385160424,0.0808882682618547,0,-1,TRUE,FALSE,24,24,24,0,0,0,FALSE,0.0612147974493148,0.24324564659773,0.0416666666666667,0.958333333333333,0.0745185731633646,-0.0435770243936659,0.00173611111111111,-8.67361737988404e-19,3,8,"fe2d471616228622523af4cf39868d57",FALSE,29,29,29,0.508855340959023,0.470507139697526,0.58484042402149,2.38487154756295,0,0,0,1
"2018","education","queen","mean_rank",0,0.5,"control_only",6,"Balanced Quartiles",3,3,TRUE,0.17468228593933,0.0015086714976759,0.00438769843600432,-0.00287902693832842,0.0388416206880699,NA,0.206251024196657,0.214836920322171,0.214836920322171,0.0382435111533287,0.0224252201600185,-0.00664799816236806,2.9083193012949,0.192706525288589,0.299064777300763,0.210001347337618,0.318759061051772,0,-1,TRUE,FALSE,24,24,24,0,0,0,FALSE,0.128377185124582,0.417532175259238,0,1,0.0551699427880808,-0.0186860526227129,0,0,3,8,"45a63f615354932500432f08a392e6df",FALSE,29,29,29,0.508855340959023,0.470507139697526,0.58484042402149,2.38487154756295,0,0,0,1
"2018","education","queen","mean_rank",0.5,0.5,"control_only",6,"Balanced Quartiles",3,3,TRUE,0.255723849583111,0.00525489434870681,0.00710796704030193,-0.00185307269159512,0.0724906500778329,NA,0.315754937369686,0.338632632876,0.338632632876,0.0486756853754244,0.0418524963361678,0.00298650642294881,1.35263747824942,0.288792500194956,0.342717374544416,0.29473675658085,0.38252850917115,1,1,TRUE,FALSE,24,24,24,0,0,0,FALSE,0.163662858995737,0.481558259911569,0.0416666666666667,0.958333333333333,0.0501417721295805,0.154355083797239,0.00173611111111111,-8.67361737988404e-19,3,8,"45f9b7b30e166fad3970b136145b1188",FALSE,29,29,29,0.508855340959023,0.470507139697526,0.58484042402149,2.38487154756295,0,0,0,1
"2018","education","queen","mean_rank",0,0.5,"both",7,"Balanced Halves",3,3,TRUE,0.0359649993275896,0.00158677382075487,0.000550077513594238,0.00103669630716063,0.0398343296762337,0.0321977686674191,0.068274105462381,0.0819569506197256,0.0819569506197256,0.0135410181005004,0.0229983609615618,8.14342541307375e-05,0.346664096923751,0.123845141320858,0.0183260174656924,0.14903194386044,0.0191870324873628,0,-0.5,FALSE,FALSE,24,24,24,0,0,0,FALSE,0.639465074142772,0.179209802445907,0.0416666666666667,0.958333333333333,0.0579661400386958,-0.0620390686171901,0.00173611111111111,-8.67361737988404e-19,3,8,"aa28123ac90be92fb9a21f8841354279",FALSE,29,29,29,0.547421139612969,0.479801461572974,0.66996954057187,-5.0496173546241,0,0,0,1
"2018","education","queen","mean_rank",0.5,0.5,"both",7,"Balanced Halves",3,3,TRUE,0.105864579463859,0.00276954803609827,0.00127044252206524,0.00149910551403304,0.052626495571131,0.0387182839758303,0.148893504371831,0.161026693006341,0.161026693006341,0.0205786501182272,0.0303839213844991,-0.00190947950033921,0.458718356030044,0.219326966897735,0.113217419457572,0.253910373212451,0.11972815802872,0,-0.5,TRUE,FALSE,24,24,24,0,0,0,FALSE,0.287007434765958,0.323228046858782,0.110239637961025,0.833333333333333,0.0353180207296857,-0.0372586793608695,0.0054563492063492,0.0200892857142857,3,8,"543df8afcf034849fc9f6bc6ca5847dd",FALSE,29,29,29,0.547421139612969,0.479801461572974,0.66996954057187,-5.0496173546241,0,0,0,1
"2018","education","queen","mean_rank",0,0.5,"control_only",7,"Balanced Halves",3,3,TRUE,0.184387995005594,0.00578942199518312,0.0123440662205415,-0.00655464422535841,0.0760882513610552,NA,0.247193028648894,0.271710604430914,0.271710604430914,0.0641458396170828,0.0439295724054731,1.86498694809067e-05,2.132175928929,0.118658009281758,0.398037693126232,0.120713393612116,0.4329847369015,0,-0.5,TRUE,FALSE,24,24,24,0,0,0,FALSE,0.238245295764187,0.429390532869411,0.0416666666666667,0.958333333333333,0.0385944627533335,-0.00343005651805239,0.00173611111111111,-8.67361737988404e-19,3,8,"f2ae898c57b0eec140db237b9ba5363b",FALSE,29,29,29,0.547421139612969,0.479801461572974,0.66996954057187,-5.0496173546241,0,0,0,1
"2018","education","queen","mean_rank",0.5,0.5,"control_only",7,"Balanced Halves",3,3,TRUE,0.469898385922749,0.0623932301799032,0.0436838881236914,0.0187093420562118,0.249786369083469,0.136782096987185,0.67777065737455,0.752044330252963,0.752044330252963,0.120670195331036,0.14421422743024,0.0551443000285391,0.700138268170029,0.460221787849759,0.89531952689934,0.500840260576858,1.00324839992907,1,1,FALSE,FALSE,24,24,24,0,0,0,FALSE,0.306905134707036,0.685491092939078,0.0833333333333333,0.791666666666667,0.175770580449004,-0.000589426787910546,0.00719246031746032,-0.00074404761904762,3,8,"795cea8b9418c975873d6b7a63286b28",FALSE,29,29,29,0.547421139612969,0.479801461572974,0.66996954057187,-5.0496173546241,0,0,0,1
"2018","education","queen","mean_rank",0,0.5,"both",8,"Incidence-Guided Saturation Regions",3,3,TRUE,0.0719925405765582,0.000684723049766849,0.000785318090561239,-0.000100595040794389,0.0261672132594751,NA,0.0910908537781708,0.0942084331612588,0.0942084331612588,0.0161793911150496,0.0151076476193003,0.000254065164626639,1.14691347228437,0.0983955027264825,0.0991634332446562,0.109756404297591,0.104289176049589,0,0.5,TRUE,FALSE,24,24,24,0,0,0,FALSE,0.209850180286866,0.257821835427795,0.0416666666666667,0.958333333333333,0.0570730948077523,0.0742996753236596,0.00173611111111111,-8.67361737988404e-19,3,8,"ddb015fe87b4ca59ca7a80491c36a42b",FALSE,29,29,29,0.54400862564898,0.455074236573904,0.597601738086779,7.8808966721385,0,0,0,1
"2018","education","queen","mean_rank",0.5,0.5,"both",8,"Incidence-Guided Saturation Regions",3,3,TRUE,0.0768574821208755,0.000622188510919537,0.00162352320525546,-0.00100133469433592,0.0249437068399935,NA,0.09429082534286,0.0965649178245408,0.0965649178245408,0.0232631554556088,0.0144012558586573,0.000595176993869132,2.60937509575039,0.0756999491624244,0.112881701523296,0.0765800831904482,0.116549752458633,1,1,TRUE,FALSE,24,24,24,0,0,0,FALSE,0.187376107846054,0.277098210683805,0.0721687836487032,0.875,0.044044775795939,-0.00860603025263861,0.00471230158730159,0.00148809523809524,3,8,"dbf3e1ff1850c381f24c5cdbce89ec8c",FALSE,29,29,29,0.54400862564898,0.455074236573904,0.597601738086779,7.8808966721385,0,0,0,1
"2018","education","queen","mean_rank",0,0.5,"control_only",8,"Incidence-Guided Saturation Regions",3,3,TRUE,0.405033625400273,0.0405382644967344,0.0466379347253836,-0.0060996702286492,0.20134116443672,NA,0.538427969706944,0.550777855900207,0.550777855900207,0.124683512309345,0.116244375486493,0.0105566372445525,1.15046697988614,0.389603689099817,0.720572526682331,0.418638871761092,0.729986448343083,0,-0.5,TRUE,FALSE,24,24,24,0,0,0,FALSE,0.286999321035667,0.626621686263569,0.0833333333333333,0.833333333333333,0.122384047640493,0.111260449866401,0.00595238095238095,0.00297619047619048,3,8,"33f9842bc4b025e331785d6d5e4a6464",FALSE,29,29,29,0.54400862564898,0.455074236573904,0.597601738086779,7.8808966721385,0,0,0,1
"2018","education","queen","mean_rank",0.5,0.5,"control_only",8,"Incidence-Guided Saturation Regions",3,3,TRUE,0.242128768424323,0.00981195115667256,0.00924625048185839,0.000565700674814176,0.0990552934308539,0.0237844628868128,0.300928298708725,0.302015952939156,0.302015952939156,0.0555165155062239,0.0571896003269609,-0.0102762470011957,0.942345751035514,0.383145135341208,0.383184331166947,0.424319867839696,0.43405240444903,0,-0.5,TRUE,FALSE,24,24,24,0,0,0,FALSE,0.236194982938739,0.489852421081876,0,1,0.137825716125722,-0.0466194592905981,0,0,3,8,"dba86105416f29f278a21752a0a7527b",FALSE,29,29,29,0.54400862564898,0.455074236573904,0.597601738086779,7.8808966721385,0,0,0,1
"2018","education","queen","mean_rank",0,0.5,"both",9,"Simple Random Sampling",3,3,TRUE,0.0812411229446539,0.00185374621605158,0.00143154268533691,0.000422203530714667,0.0430551531881096,0.0205475918470917,0.116454490826759,0.130885156198381,0.130885156198381,0.0218444705843906,0.0248579042831556,0.00178313247122842,0.772243078875194,0.0923095770634846,0.142138474622791,0.107487957955718,0.154282354441044,1,0.5,FALSE,FALSE,24,24,24,0,0,0,FALSE,0.305976867159878,0.285028132699328,0.125,0.875,0.00990057575757929,0.00029413362251369,0.00372023809523809,0.0357142857142857,3,8,"d24fc8915c9581042d0922c6cad71eee",FALSE,29,29,29,0.442337006511936,0.367824570857767,0.485358713876361,1.08231275490155,0,0,0,1
"2018","education","queen","mean_rank",0.5,0.5,"both",9,"Simple Random Sampling",3,3,TRUE,0.0948671503911514,0.00181555360374973,0.00121279584655888,0.000602757757190847,0.0426093135798939,0.0245511253752419,0.129514177760047,0.138962646762922,0.138962646762922,0.0201063493003154,0.0246004986653369,3.8261623735535e-05,0.668003326398103,0.103898800602808,0.157814853905484,0.104185451144872,0.173739842380973,1,0.5,TRUE,FALSE,24,24,24,0,0,0,FALSE,0.259315248364743,0.285490594648698,0.0833333333333333,0.916666666666667,0.0895027217638047,0.115595288650898,0.00297619047619048,0.0119047619047619,3,8,"9bb12b1bef60f74a0c4078eb671ec8a0",FALSE,29,29,29,0.442337006511936,0.367824570857767,0.485358713876361,1.08231275490155,0,0,0,1
"2018","education","queen","mean_rank",0,0.5,"control_only",9,"Simple Random Sampling",3,3,TRUE,0.269281784272601,0.00346438092368661,0.00902046533047857,-0.00555608440679197,0.0588589918677393,NA,0.317653353634223,0.331771205850345,0.331771205850345,0.0548344944065885,0.0339822547990693,0.0007898260010869,2.60377410255437,0.249324071395587,0.395814942015443,0.256254148913166,0.407288262787524,1,0.5,TRUE,FALSE,24,24,24,0,0,0,FALSE,0.126195891381454,0.449359593342555,0.0416666666666667,0.916666666666667,0.126438025150128,0.259533697510776,0.00347222222222222,-0.00520833333333333,3,8,"0dd60f1250552439401423f40b9ab1de",FALSE,29,29,29,0.442337006511936,0.367824570857767,0.485358713876361,1.08231275490155,0,0,0,1
"2018","education","queen","mean_rank",0.5,0.5,"control_only",9,"Simple Random Sampling",3,3,TRUE,0.262771956834318,0.0667873144595205,0.0162686525037242,0.0505186619557962,0.25843241758634,0.224763569013744,0.475352158324093,0.560062555142245,0.560062555142245,0.0736402347083989,0.149206025860799,0.0341975130154863,0.243588960499147,0.689957415836603,0.260746900811584,0.838953736737143,0.281171373547348,1,1,FALSE,FALSE,24,24,24,0,0,0,FALSE,0.567815636258614,0.501466081313761,0,1,0.127979269366362,-0.106318982905867,0,0,3,8,"41da99612ef331d16cf24a6f62f4a4aa",FALSE,29,29,29,0.442337006511936,0.367824570857767,0.485358713876361,1.08231275490155,0,0,0,1
"2018","baseline_sensitivity","queen","mean_rank",0,0.5,"both",1,"Checkerboard (graph adaptation)",3,1,TRUE,0.25029468335162,0,0,0,0,0,0.25029468335162,0.25029468335162,0.25029468335162,0.111591437622334,0.111591437622334,0,NA,0.466470351938921,0.0341190147643186,0.466470351938921,0.0341190147643186,1,NA,FALSE,TRUE,8,8,8,0,0,0,TRUE,0.445840223723683,0.493852281128131,0.125,0.875,0.186658617180999,-0.0800287934193789,0.015625,0,3,8,"e2822464c9c3e4f46a9806c4eb1bb3a2",FALSE,27,27,27,0.503966288284889,0.503966288284889,0.503966288284889,-19.5536701450524,0,0,0,1
"2018","baseline_sensitivity","queen","mean_rank",0.5,0.5,"both",1,"Checkerboard (graph adaptation)",3,1,TRUE,0.244458000848819,0,0,0,0,0,0.244458000848819,0.244458000848819,0.244458000848819,0.131613524334138,0.131613524334138,0,NA,0.258432662049622,0.230483339648016,0.258432662049622,0.230483339648016,1,NA,FALSE,TRUE,8,8,8,0,0,0,TRUE,0.538389105192479,0.413284499892863,0.125,0.875,0.156206858204888,-0.271392562530968,0.015625,0,3,8,"d00100b4e254590a31de9cfc00da0b27",FALSE,27,27,27,0.503966288284889,0.503966288284889,0.503966288284889,-19.5536701450524,0,0,0,1
"2018","baseline_sensitivity","queen","mean_rank",0,0.5,"control_only",1,"Checkerboard (graph adaptation)",3,1,TRUE,1.24238778446949,0,0,0,0,0,1.24238778446949,1.24238778446949,1.24238778446949,0.643594234680354,0.643594234680354,0,NA,0.361351672208154,2.12342389673082,0.361351672208154,2.12342389673082,1,NA,FALSE,TRUE,8,8,8,0,0,0,TRUE,0.518030072997841,1.06790907428101,0.163663417676994,0.75,0.403631690482394,-0.319308618013612,0.0267857142857143,0,3,8,"310ea8ac17666363d8f8557e7af84788",FALSE,27,27,27,0.503966288284889,0.503966288284889,0.503966288284889,-19.5536701450524,0,0,0,1
"2018","baseline_sensitivity","queen","mean_rank",0.5,0.5,"control_only",1,"Checkerboard (graph adaptation)",3,1,TRUE,0.699190672336276,0,0,0,0,0,0.699190672336276,0.699190672336276,0.699190672336276,0.364165322231516,0.364165322231516,0,NA,0.917389202617473,0.48099214205508,0.917389202617473,0.48099214205508,1,NA,FALSE,TRUE,8,8,8,0,0,0,TRUE,0.52083835874797,0.758408333132804,0,1,0.286651405958347,0.35214694741116,0,0,3,8,"156df7ce6da59e9e02d2d5020ad2f918",FALSE,27,27,27,0.503966288284889,0.503966288284889,0.503966288284889,-19.5536701450524,0,0,0,1
"2018","baseline_sensitivity","queen","mean_rank",0,0.5,"both",2,"High Incidence Focus",3,1,TRUE,0.168852685304989,0,0,0,0,0,0.168852685304989,0.168852685304989,0.168852685304989,0.0632414329445415,0.0632414329445415,0,NA,0.117732613222326,0.219972757387651,0.117732613222326,0.219972757387651,1,NA,FALSE,TRUE,8,8,8,0,0,0,TRUE,0.374536139773627,0.370634055450294,0,1,0.140086505447543,-0.177434726717903,0,0,3,8,"72dec996aed111916ccd30b8d2815d9c",FALSE,29,29,29,0.222331266315861,0.222331266315861,0.222331266315861,53.4219564460164,0,0,0,1
"2018","baseline_sensitivity","queen","mean_rank",0.5,0.5,"both",2,"High Incidence Focus",3,1,TRUE,0.349122066331101,0,0,0,0,0,0.349122066331101,0.349122066331101,0.349122066331101,0.0992422988837861,0.0992422988837861,0,NA,0.323402718750505,0.374841413911697,0.323402718750505,0.374841413911697,1,NA,FALSE,TRUE,8,8,8,0,0,0,TRUE,0.284262464205475,0.589628195581569,0.125,0.875,0.222858510214369,-0.038218546627569,0.015625,0,3,8,"36340f14d2a26d60acd88f4f362c506e",FALSE,29,29,29,0.222331266315861,0.222331266315861,0.222331266315861,53.4219564460164,0,0,0,1
"2018","baseline_sensitivity","queen","mean_rank",0,0.5,"control_only",2,"High Incidence Focus",3,1,TRUE,0.474906755666265,0,0,0,0,0,0.474906755666265,0.474906755666265,0.474906755666265,0.151523496618247,0.151523496618247,0,NA,0.333346235018228,0.616467276314302,0.333346235018228,0.616467276314302,1,NA,FALSE,TRUE,8,8,8,0,0,0,TRUE,0.319059467590998,0.674015985064563,0,1,0.254754096594723,-0.143559073359061,0,0,3,8,"a03b6533821351d33c1d612c9535ef22",FALSE,29,29,29,0.222331266315861,0.222331266315861,0.222331266315861,53.4219564460164,0,0,0,1
"2018","baseline_sensitivity","queen","mean_rank",0.5,0.5,"control_only",2,"High Incidence Focus",3,1,TRUE,0.474024076437155,0,0,0,0,0,0.474024076437155,0.474024076437155,0.474024076437155,0.149819005031491,0.149819005031491,0,NA,0.54453098622737,0.403517166646941,0.54453098622737,0.403517166646941,1,NA,FALSE,TRUE,8,8,8,0,0,0,TRUE,0.316057796383585,0.675455799686753,0,1,0.25529829536963,0.133354936566608,0,0,3,8,"07d27c8cf0dfe8583c08d253f1c266c6",FALSE,29,29,29,0.222331266315861,0.222331266315861,0.222331266315861,53.4219564460164,0,0,0,1
"2018","baseline_sensitivity","queen","mean_rank",0,0.5,"both",3,"Saturation Regions",3,3,TRUE,0.0732599776529794,0.00188626797486298,0.000883295520822057,0.00100297245404092,0.043431186661925,0.0316697403532287,0.105455423769445,0.111114014767341,0.111114014767341,0.017159016296805,0.0250750073104873,0.00126258192644716,0.468276794492162,0.138448219203717,0.072462628335173,0.144213241355769,0.0780147881789124,1,1,TRUE,FALSE,24,24,24,0,0,0,FALSE,0.342274296468715,0.270624293418915,0.0416666666666667,0.958333333333333,0.0317479188588431,0.00474019667236334,0.00173611111111111,-8.67361737988404e-19,3,8,"133cd142ae2d8ccc2907e5036cf8df19",FALSE,29.3333333333333,29,30,0.470001796309069,0.396383676472537,0.580957746141143,5.48546497035986,0,0,0,1
"2018","baseline_sensitivity","queen","mean_rank",0.5,0.5,"both",3,"Saturation Regions",3,3,TRUE,0.107840707657142,0.00187914663771205,0.00235295985822779,-0.00047381322051574,0.0433491249936149,NA,0.143551857695037,0.154163871491061,0.154163871491061,0.0280057128590328,0.0250276289841983,0.000225379254550912,1.25214276044611,0.121505220023706,0.184102600237772,0.125270467768363,0.201883513937042,0,-0.5,TRUE,FALSE,24,24,24,0,0,0,FALSE,0.232079606374327,0.294621674671688,0.0416666666666667,0.916666666666667,0.0425329769844091,0.14504749729241,0.00347222222222222,-0.00520833333333333,3,8,"ecce2f2f5ae2c5399b4e7f0a3d9a8ff0",FALSE,29.3333333333333,29,30,0.470001796309069,0.396383676472537,0.580957746141143,5.48546497035986,0,0,0,1
"2018","baseline_sensitivity","queen","mean_rank",0,0.5,"control_only",3,"Saturation Regions",3,3,TRUE,0.288635917389816,0.0110972567009446,0.0202943034927705,-0.00919704679182595,0.105343517602862,NA,0.353439760237226,0.356181505406866,0.356181505406866,0.0822482086791165,0.0608201082453946,-0.0129250538583355,1.82876759902681,0.561296788010199,0.313288333720003,0.610435213826366,0.347619926068199,0,-0.5,TRUE,FALSE,24,24,24,0,0,0,FALSE,0.210715661430501,0.474963731406813,7.85046229341888e-17,0.875,0.0681834763506742,0.251088373362712,0.00520833333333333,-0.015625,3,8,"8743241c213e0144ec61212579696aab",FALSE,29.3333333333333,29,30,0.470001796309069,0.396383676472537,0.580957746141143,5.48546497035986,0,0,0,1
"2018","baseline_sensitivity","queen","mean_rank",0.5,0.5,"control_only",3,"Saturation Regions",3,3,TRUE,0.290081544251582,0.0140996409290227,0.043036790321563,-0.0289371493925403,0.118741908899186,NA,0.388953019339754,0.423035482388676,0.423035482388676,0.119773105386202,0.0685556730670352,-0.0251464980036734,3.05233236351262,0.395616354500124,0.553701483161178,0.437272814076562,0.617080448582979,0,-0.5,TRUE,FALSE,24,24,24,0,0,0,FALSE,0.236332419023453,0.48684099855591,0.0416666666666667,0.833333333333333,0.106025738267202,0.230363596031722,0.0064484126984127,-0.0141369047619048,3,8,"7d692cb0c89709ad0ded0b7d97126dbe",FALSE,29.3333333333333,29,30,0.470001796309069,0.396383676472537,0.580957746141143,5.48546497035986,0,0,0,1
"2018","baseline_sensitivity","queen","mean_rank",0,0.5,"both",4,"Isolation Buffer",3,3,TRUE,0.117755198784002,0.000799014487406343,0.00410206190030123,-0.00330304741289489,0.0282668443128401,NA,0.134476853277578,0.134747834576115,0.134747834576115,0.0369777496173993,0.0163198701731595,-0.00339409932352324,5.13390178145182,0.0824112517243172,0.249922292020635,0.0826259391527076,0.266362885772257,0,-0.5,TRUE,FALSE,24,24,24,0,0,0,FALSE,0.138591504593313,0.335262135836132,0,1,0.0633175291791664,0.07317444265997,0,0,3,8,"445cbdc154ff8f6e105e792179c83ae8",FALSE,15.3333333333333,14,16,0.231587989801844,0.17424881572961,0.313182647401988,4.03570349392163,0,0,0,1
"2018","baseline_sensitivity","queen","mean_rank",0.5,0.5,"both",4,"Isolation Buffer",3,3,TRUE,0.202088579294376,0.017431689818735,0.0103876545334531,0.00704403528528186,0.132029124888166,0.0839287512434318,0.30922081729546,0.338087492310679,0.338087492310679,0.0588434491778909,0.0762270507950534,0.0129117903365267,0.595906343072306,0.482637384079989,0.135804250510932,0.51983892767368,0.156336056947678,1,1,TRUE,FALSE,24,24,24,0,0,0,FALSE,0.377196232766899,0.427054070787208,0.0416666666666667,0.958333333333333,0.06245797865773,0.140404415594563,0.00173611111111111,-8.67361737988404e-19,3,8,"6d918f8a1267de25b825e8e892e974b5",FALSE,15.3333333333333,14,16,0.231587989801844,0.17424881572961,0.313182647401988,4.03570349392163,0,0,0,1
"2018","baseline_sensitivity","queen","mean_rank",0,0.5,"control_only",4,"Isolation Buffer",3,3,TRUE,0.163459864916755,0.00526926973055663,0.0100164127940077,-0.00474714306345103,0.0725897357107507,NA,0.212518167831708,0.217739317815167,0.217739317815167,0.0577823871492795,0.0419097034530057,-0.0226974900343183,1.90091100023258,0.351799718362197,0.26625978675421,0.417264666108405,0.293327208418378,0,-0.5,TRUE,FALSE,24,24,24,0,0,0,FALSE,0.25639139904067,0.404248307809811,0.0416666666666667,0.916666666666667,0.147482078655402,0.00657042994475287,0.00347222222222222,-0.00520833333333333,3,8,"e17c393dd98f39854452a662a6f81029",FALSE,15.3333333333333,14,16,0.231587989801844,0.17424881572961,0.313182647401988,4.03570349392163,0,0,0,1
"2018","baseline_sensitivity","queen","mean_rank",0.5,0.5,"control_only",4,"Isolation Buffer",3,3,TRUE,0.264793825128855,0.00219895209711279,0.0100083854530147,-0.00780943335590193,0.0468929855854028,NA,0.303631429769308,0.315732614092314,0.315732614092314,0.0577592285642584,0.0270736778508375,-0.00372735558593885,4.55143405177205,0.425754308856928,0.236514206309925,0.466300606240503,0.246884265631942,0,-0.5,TRUE,FALSE,24,24,24,0,0,0,FALSE,0.102244370077976,0.514479041047507,0.0416666666666667,0.916666666666667,0.0718647173723689,-0.0102538505787841,0.00347222222222222,-0.00520833333333333,3,8,"7bfa6c2360a86e753488821d21ce58de",FALSE,15.3333333333333,14,16,0.231587989801844,0.17424881572961,0.313182647401988,4.03570349392163,0,0,0,1
"2018","baseline_sensitivity","queen","mean_rank",0,0.5,"both",5,"2x2 Blocking",3,3,TRUE,0.0879948579084722,0.00438042930541638,0.00342979376549572,0.000950635539920659,0.066184811742698,0.030832378110043,0.141982918594942,0.164355986168806,0.164355986168806,0.0338121958544335,0.0382118188759114,0.00381881332687335,0.782981193476812,0.1354973442829,0.156827331768908,0.155068286224455,0.173643686113157,1,0.5,FALSE,FALSE,24,24,24,0,0,0,FALSE,0.434250589002114,0.296531517507988,0.0833333333333333,0.916666666666667,0.0919928430663513,0.00799481287348594,0.00297619047619048,0.0119047619047619,3,8,"ec72479c6c076acabcfc153b70c3345d",FALSE,28,28,28,0.505990659192843,0.477529309390679,0.527489681214036,-1.3794695672047,0,0,0,1
"2018","baseline_sensitivity","queen","mean_rank",0.5,0.5,"both",5,"2x2 Blocking",3,3,TRUE,0.0767357667610159,0.00116144732764943,0.00127332836878864,-0.000111881041139211,0.0340800136098774,NA,0.10069452268019,0.103922740170019,0.103922740170019,0.0206020093582207,0.0196761050316488,0.000413977017099166,1.09632898408371,0.106562190056766,0.109678794996087,0.117152902052107,0.114425349173125,0,-0.5,TRUE,FALSE,24,24,24,0,0,0,FALSE,0.256413741103645,0.272710666987036,0.0833333333333333,0.916666666666667,0.0460426355290133,-0.0486277582508395,0.00297619047619048,0.0119047619047619,3,8,"52d928fc1b0b588a604dd06389c0a3e7",FALSE,28,28,28,0.505990659192843,0.477529309390679,0.527489681214036,-1.3794695672047,0,0,0,1
"2018","baseline_sensitivity","queen","mean_rank",0,0.5,"control_only",5,"2x2 Blocking",3,3,TRUE,0.33573871436578,0.0197751354686431,0.0301852135597463,-0.0104100780911033,0.140624092774471,NA,0.444424608734437,0.467534856715692,0.467534856715692,0.100308214286013,0.0811893578178878,-0.046130155097313,1.52642259303914,0.815722076001585,0.263617552852951,0.91097594273267,0.269260624541585,0,-0.5,TRUE,FALSE,24,24,24,0,0,0,FALSE,0.241823043765616,0.574212810722984,0.0416666666666667,0.916666666666667,0.0408439023900895,0.0775781049484383,0.00347222222222222,-0.00520833333333333,3,8,"e2ffafac2b9c3a28787f5cf645d43454",FALSE,28,28,28,0.505990659192843,0.477529309390679,0.527489681214036,-1.3794695672047,0,0,0,1
"2018","baseline_sensitivity","queen","mean_rank",0.5,0.5,"control_only",5,"2x2 Blocking",3,3,TRUE,0.313693539188583,0.0466689356156039,0.0147504196137695,0.0319185160018344,0.216029941479425,0.178657538329157,0.49159568338919,0.562039778555088,0.562039778555088,0.0701199439383916,0.124724944866165,0.0385245490504936,0.316065053106497,0.343881705242115,0.639309661536264,0.381891951183016,0.74218760592716,1,1,FALSE,FALSE,24,24,24,0,0,0,FALSE,0.397601254998065,0.555516722515096,0.0833333333333333,0.916666666666667,0.0547947323270947,-0.071377238631575,0.00297619047619048,0.0119047619047619,3,8,"3aab5e7025974d4106e26a10c9eea53f",FALSE,28,28,28,0.505990659192843,0.477529309390679,0.527489681214036,-1.3794695672047,0,0,0,1
"2018","baseline_sensitivity","queen","mean_rank",0,0.5,"both",6,"Balanced Quartiles",3,3,TRUE,0.0730448683180434,0.000193865106513722,0.000875542830937238,-0.000681677724423516,0.0139235450411783,NA,0.0846374641275688,0.0887028067906796,0.0887028067906796,0.0170835479427551,0.0080387624775982,-0.000109556089267738,4.516247646016,0.0705480941885654,0.10817269764842,0.080388575431862,0.110961612523151,0,-0.5,TRUE,FALSE,24,24,24,0,0,0,FALSE,0.110052391943494,0.26260323117815,0.0416666666666667,0.916666666666667,0.0365347588727872,-0.06390939909621,0.00347222222222222,-0.00520833333333333,3,8,"95f36464b9c7dae31845ffc362c1322d",FALSE,29,29,29,0.508855340959023,0.470507139697526,0.58484042402149,2.38487154756295,0,0,0,1
"2018","baseline_sensitivity","queen","mean_rank",0.5,0.5,"both",6,"Balanced Quartiles",3,3,TRUE,0.0752161478190776,0.000163184920701351,0.000872205478635206,-0.000709020557933855,0.0127743853355592,NA,0.0858025960043698,0.0898114674778149,0.0898114674778149,0.0170509577310211,0.00737529481221714,-0.00226547625499914,5.344890170529,0.100752891950193,0.130683271717665,0.109427561435884,0.144984088093643,0,-1,TRUE,FALSE,24,24,24,0,0,0,FALSE,0.0980546734453541,0.274171599856783,0.0416666666666667,0.916666666666667,0.0609615278552543,-0.00678834670959925,0.00347222222222222,-0.00520833333333333,3,8,"023df0db6676cf6150ba3a3d6141de70",FALSE,29,29,29,0.508855340959023,0.470507139697526,0.58484042402149,2.38487154756295,0,0,0,1
"2018","baseline_sensitivity","queen","mean_rank",0,0.5,"control_only",6,"Balanced Quartiles",3,3,TRUE,0.17984437541734,0.0138793653540375,0.0115532100062339,0.00232615534780366,0.117810718332576,0.0482302327156283,0.277941379717347,0.311920111515494,0.311920111515494,0.0620569899534126,0.0680180499427359,-0.00749866619670574,0.832401893856985,0.122764499027069,0.484821565598992,0.135514593944438,0.552954760575759,0,-1,FALSE,FALSE,24,24,24,0,0,0,FALSE,0.378205044138276,0.419562906937625,0.0416666666666667,0.958333333333333,0.111907271103217,0.0617360716225931,0.00173611111111111,-8.67361737988404e-19,3,8,"eb93c26e112c6e12aed5f9d0ef3b0fb0",FALSE,29,29,29,0.508855340959023,0.470507139697526,0.58484042402149,2.38487154756295,0,0,0,1
"2018","baseline_sensitivity","queen","mean_rank",0.5,0.5,"control_only",6,"Balanced Quartiles",3,3,TRUE,0.235027500558987,0.00962738396058153,0.0139429448296113,-0.00431556086902977,0.0981192333876572,NA,0.294515692531875,0.296454484126203,0.296454484126203,0.0681736626310858,0.0566491658090436,-0.0119681697981461,1.44825893375599,0.397505996730807,0.364526152059024,0.446628833478352,0.419087656380266,0,-0.5,TRUE,FALSE,24,24,24,0,0,0,FALSE,0.241032073584196,0.483404494117422,0.0721687836487032,0.875,0.141211471219901,0.0367096121753802,0.00471230158730159,0.00148809523809524,3,8,"8deb96c930368a5e4185c630c9a2c82d",FALSE,29,29,29,0.508855340959023,0.470507139697526,0.58484042402149,2.38487154756295,0,0,0,1
"2018","baseline_sensitivity","queen","mean_rank",0,0.5,"both",7,"Balanced Halves",3,3,TRUE,0.074627851309456,0.00105271585248257,0.000581826824246415,0.000470889028236154,0.0324455829425604,0.0216999776091164,0.101389780454111,0.109421458256,0.109421458256,0.0139263159072601,0.0187324660459016,0.000704790427424465,0.552691234652087,0.0930797233840631,0.112041149536414,0.100512763981502,0.118330152530499,1,0.5,TRUE,FALSE,24,24,24,0,0,0,FALSE,0.251011729765936,0.272701392727169,0.0721687836487032,0.875,0.0449937424051745,0.0161802878255686,0.00471230158730159,0.00148809523809524,3,8,"05af74ee0fe87453a5134b307aef96ee",FALSE,29,29,29,0.547421139612969,0.479801461572974,0.66996954057187,-5.0496173546241,0,0,0,1
"2018","baseline_sensitivity","queen","mean_rank",0.5,0.5,"both",7,"Balanced Halves",3,3,TRUE,0.046780790984668,0.000953788979126804,0.00105015165038468,-9.63626712578783e-05,0.0308834742075241,NA,0.0675465046236933,0.0696822608534992,0.0696822608534992,0.0187096378940969,0.0178305821472249,-0.000934015180627507,1.10103143710687,0.075562243454412,0.104595924047818,0.0905839628726932,0.123889155925711,0,0.5,TRUE,FALSE,24,24,24,0,0,0,FALSE,0.381151788413939,0.208801224868289,0.0416666666666667,0.958333333333333,0.0179576029115573,0.0564166595800405,0.00173611111111111,-8.67361737988404e-19,3,8,"3ba66eba6a8bf002917bc734eec53cea",FALSE,29,29,29,0.547421139612969,0.479801461572974,0.66996954057187,-5.0496173546241,0,0,0,1
"2018","baseline_sensitivity","queen","mean_rank",0,0.5,"control_only",7,"Balanced Halves",3,3,TRUE,0.420183976256097,0.0503446856978026,0.034372059035199,0.0159726266626036,0.224376214643626,0.126382857471271,0.58431936974939,0.61140811667618,0.61140811667618,0.107039025648279,0.129543667924247,0.0376358299552022,0.682734603638597,0.774115512943099,0.394523226555682,0.791210507904682,0.431605725447678,1,1,TRUE,FALSE,24,24,24,0,0,0,FALSE,0.308302256260462,0.644159102723678,0.0416666666666667,0.833333333333333,0.125092500148055,0.0724087469462303,0.0064484126984127,-0.0141369047619048,3,8,"a425f7d0f3564a77cfa7d210cc83c4cf",FALSE,29,29,29,0.547421139612969,0.479801461572974,0.66996954057187,-5.0496173546241,0,0,0,1
"2018","baseline_sensitivity","queen","mean_rank",0.5,0.5,"control_only",7,"Balanced Halves",3,3,TRUE,0.265422046244104,0.00187833583250605,0.0166555120677764,-0.0147771762352703,0.0433397719480162,NA,0.29162523307857,0.292430546742677,0.292430546742677,0.0745106526338714,0.0250222290008041,-0.00121958678271373,8.86716410321299,0.257995137319984,0.350015772998107,0.263869316159582,0.350362671523762,0,-0.5,TRUE,FALSE,24,24,24,0,0,0,FALSE,0.0942733633278965,0.514498065332873,0.0416666666666667,0.958333333333333,0.0831194540297368,0.0267167927123499,0.00173611111111111,-8.67361737988404e-19,3,8,"f8017f10cb56d9435b630204d9885677",FALSE,29,29,29,0.547421139612969,0.479801461572974,0.66996954057187,-5.0496173546241,0,0,0,1
"2018","baseline_sensitivity","queen","mean_rank",0,0.5,"both",8,"Incidence-Guided Saturation Regions",3,3,TRUE,0.0780316085344685,0.00163820001359408,0.00203127494664124,-0.000393074933047166,0.0404746836132672,NA,0.109035890435496,0.115367447913326,0.115367447913326,0.0260209847792203,0.0233680694794847,-8.46513684960714e-05,1.23994318751395,0.0598118782709385,0.169709840140124,0.0630872333388658,0.186054278247785,0,-0.5,TRUE,FALSE,24,24,24,0,0,0,FALSE,0.299469278134418,0.279156324037876,0.0416666666666667,0.958333333333333,0.0976640678878194,-0.0101663800897172,0.00173611111111111,-8.67361737988404e-19,3,8,"af6e57c72a387c7d7c5a2b15c12500f5",FALSE,29,29,29,0.54400862564898,0.455074236573904,0.597601738086779,7.8808966721385,0,0,0,1
"2018","baseline_sensitivity","queen","mean_rank",0.5,0.5,"both",8,"Incidence-Guided Saturation Regions",3,3,TRUE,0.0808509256430602,0.00288450968397589,0.00256090386511353,0.000323605818862358,0.0537076315245411,0.0179890471916207,0.12527956392066,0.142357868508167,0.142357868508167,0.0292170262296577,0.0310081155182311,-0.00244372767634809,0.887812538588425,0.222635533690331,0.0567130749616409,0.264374474121899,0.0582529191772087,0,-0.5,FALSE,FALSE,24,24,24,0,0,0,FALSE,0.383522084275514,0.283266905277269,0.0833333333333333,0.916666666666667,0.0101602388235075,-0.0247140854109349,0.00297619047619048,0.0119047619047619,3,8,"27f2cef7d691a66d6f3360464d732fa1",FALSE,29,29,29,0.54400862564898,0.455074236573904,0.597601738086779,7.8808966721385,0,0,0,1
"2018","baseline_sensitivity","queen","mean_rank",0,0.5,"control_only",8,"Incidence-Guided Saturation Regions",3,3,TRUE,0.287468363540234,0.0260037826384414,0.00903910372710555,0.0169646789113359,0.161256884003262,0.130248527482409,0.382516227624767,0.383826473245731,0.383826473245731,0.0548911156354273,0.0931017053879634,0.0195126759710019,0.347607263634908,0.492457758778186,0.311667984579753,0.505488854814321,0.327319571857816,0,0.5,TRUE,FALSE,24,24,24,0,0,0,FALSE,0.323867657092406,0.531193052387868,0.0416666666666667,0.958333333333333,0.0405898479937441,0.0728169254713007,0.00173611111111111,-8.67361737988404e-19,3,8,"3f68c14fed6012a54606d13f41f34018",FALSE,29,29,29,0.54400862564898,0.455074236573904,0.597601738086779,7.8808966721385,0,0,0,1
"2018","baseline_sensitivity","queen","mean_rank",0.5,0.5,"control_only",8,"Incidence-Guided Saturation Regions",3,3,TRUE,0.333394861849197,0.022134887272551,0.021399253612623,0.000735633659927983,0.14877797979725,0.0271225673550271,0.45631992067008,0.50399096718902,0.50399096718902,0.0844575901712866,0.0858970066854312,0.00251318352610652,0.96676587276592,0.614103573873752,0.348711949545524,0.691396764819961,0.356743644542385,0,-0.5,FALSE,FALSE,24,24,24,0,0,0,FALSE,0.25764346279663,0.57672235608709,0.0416666666666667,0.916666666666667,0.00974315112699588,0.0280390056626956,0.00347222222222222,-0.00520833333333333,3,8,"63aa52ccd0cb46335c096e94ab4c4a34",FALSE,29,29,29,0.54400862564898,0.455074236573904,0.597601738086779,7.8808966721385,0,0,0,1
"2018","baseline_sensitivity","queen","mean_rank",0,0.5,"both",9,"Simple Random Sampling",3,3,TRUE,0.0949040501660897,0.00206367229664519,0.00174994504078034,0.000313727255864853,0.0454276600392887,0.0177123475537505,0.122312646326975,0.123117071277073,0.123117071277073,0.0241519153193581,0.0262276717523382,0.000929306969233607,0.84797622356279,0.0684817790196508,0.199208350990987,0.0761700581385467,0.208505480010078,0,0.5,TRUE,FALSE,24,24,24,0,0,0,FALSE,0.276359878281671,0.306811899215263,0.0416666666666667,0.958333333333333,0.0341585242684866,-0.0277580378631651,0.00173611111111111,-8.67361737988404e-19,3,8,"f65b473efcc0d5ff1871e3e21176ca20",FALSE,29,29,29,0.442337006511936,0.367824570857767,0.485358713876361,1.08231275490155,0,0,0,1
"2018","baseline_sensitivity","queen","mean_rank",0.5,0.5,"both",9,"Simple Random Sampling",3,3,TRUE,0.0713789883150383,0.00089567632005879,0.00115764200819422,-0.000261965688135434,0.0299278519118695,NA,0.0959326249071288,0.103014044644557,0.103014044644557,0.0196438455857827,0.0172788533575851,-4.84471145654186e-05,1.29247807748031,0.0872497270652851,0.110001273331695,0.089044977259526,0.125959363000793,0,0.5,TRUE,FALSE,24,24,24,0,0,0,FALSE,0.242071984563905,0.266517306844482,0.0416666666666667,0.958333333333333,0.0476385338929386,0.0186417131026764,0.00173611111111111,-8.67361737988404e-19,3,8,"71c3ac632b9975d1ef3c123dc84d97b1",FALSE,29,29,29,0.442337006511936,0.367824570857767,0.485358713876361,1.08231275490155,0,0,0,1
"2018","baseline_sensitivity","queen","mean_rank",0,0.5,"control_only",9,"Simple Random Sampling",3,3,TRUE,0.199182670143004,0.00381379614177748,0.00390079717018396,-8.7001028406487e-05,0.0617559401335408,NA,0.241065545295808,0.245626215460093,0.245626215460093,0.0360591974868362,0.0356548086601582,-0.00529899384753651,1.02281218638129,0.326408683069763,0.260490697327095,0.357204818834137,0.292101468637357,0,-0.5,TRUE,FALSE,24,24,24,0,0,0,FALSE,0.179005576311231,0.444762526429715,0,1,0.120417481843806,-0.0369995300897333,0,0,3,8,"f23f52b91be4570b97b6ee037cf8dfb3",FALSE,29,29,29,0.442337006511936,0.367824570857767,0.485358713876361,1.08231275490155,0,0,0,1
"2018","baseline_sensitivity","queen","mean_rank",0.5,0.5,"control_only",9,"Simple Random Sampling",3,3,TRUE,0.361542703181341,0.0541236428549564,0.0198106377509078,0.0343130051040486,0.232644885727059,0.185237698927752,0.555069767219016,0.624905822076064,0.624905822076064,0.0812622047262395,0.134317587400107,0.0523495209028668,0.366025579689776,0.526291293794989,0.583848240643043,0.579880535236089,0.669931108916039,1,1,FALSE,FALSE,24,24,24,0,0,0,FALSE,0.371512372447846,0.588136539596293,0,1,0.141485461040531,-0.125052444890288,0,0,3,8,"85ab6ddfc983cbee38d1ec1300eb459d",FALSE,29,29,29,0.442337006511936,0.367824570857767,0.485358713876361,1.08231275490155,0,0,0,1
"2018","education","rook","mean_rank",0,0.5,"both",1,"Checkerboard (graph adaptation)",3,1,TRUE,0.425162355288567,0,0,0,0,0,0.425162355288567,0.425162355288567,0.425162355288567,0.23261667865273,0.23261667865273,0,NA,0.129754314950061,0.720570395627073,0.129754314950061,0.720570395627073,1,NA,FALSE,TRUE,8,8,8,0,0,0,TRUE,0.547124353224659,0.540596516046012,0.125,0.875,0.204326277297955,0.364578883271482,0.015625,0,3,8,"3a95389ea26e75a8b27e2222f29ab03d",FALSE,26,26,26,0.415356612573364,0.415356612573364,0.415356612573364,-6.11790684228488,0,0,0,1
"2018","education","rook","mean_rank",0.5,0.5,"both",1,"Checkerboard (graph adaptation)",3,1,TRUE,0.267213214697209,0,0,0,0,0,0.267213214697209,0.267213214697209,0.267213214697209,0.163490167379317,0.163490167379317,0,NA,0.458642506557031,0.0757839228373869,0.458642506557031,0.0757839228373869,1,NA,FALSE,TRUE,8,8,8,0,0,0,TRUE,0.611834139881798,0.515832111221463,0.125,0.875,0.194966212079057,-0.0336221315507707,0.015625,0,3,8,"98947ae0edd079d606894d6dde6fbb83",FALSE,26,26,26,0.415356612573364,0.415356612573364,0.415356612573364,-6.11790684228488,0,0,0,1
"2018","education","rook","mean_rank",0,0.5,"control_only",1,"Checkerboard (graph adaptation)",3,1,TRUE,1.31882553152543,0,0,0,0,0,1.31882553152543,1.31882553152543,1.31882553152543,0.796913414420468,0.796913414420468,0,NA,1.22400096460381,1.41365009844706,1.22400096460381,1.41365009844706,1,NA,FALSE,TRUE,8,8,8,0,0,0,TRUE,0.604259923220254,1.14774786927021,0.125,0.875,0.433807918556177,0.0387344821978019,0.015625,0,3,8,"b72a3ee5db7ab0cce204cdecfb94e642",FALSE,26,26,26,0.415356612573364,0.415356612573364,0.415356612573364,-6.11790684228488,0,0,0,1
"2018","education","rook","mean_rank",0.5,0.5,"control_only",1,"Checkerboard (graph adaptation)",3,1,TRUE,1.52161279656774,0,0,0,0,0,1.52161279656774,1.52161279656774,1.52161279656774,0.846463318550576,0.846463318550576,0,NA,0.36365183537418,2.6795737577613,0.36365183537418,2.6795737577613,1,NA,FALSE,TRUE,8,8,8,0,0,0,TRUE,0.556293506771183,1.21998111454846,0.163663417676994,0.75,0.461109519041517,-0.18237016398756,0.0267857142857143,0,3,8,"23564e300865d23a87101186c67a5b92",FALSE,26,26,26,0.415356612573364,0.415356612573364,0.415356612573364,-6.11790684228488,0,0,0,1
"2018","education","rook","mean_rank",0,0.5,"both",2,"High Incidence Focus",3,1,TRUE,0.0743480935325997,0,0,0,0,0,0.0743480935325997,0.0743480935325997,0.0743480935325997,0.0409159075749158,0.0409159075749158,0,NA,0.0891164707055846,0.0595797163596147,0.0891164707055846,0.0595797163596147,1,NA,FALSE,TRUE,8,8,8,0,0,0,TRUE,0.550328940942853,0.271348571735544,0.125,0.875,0.102560119917831,0.0267963831454885,0.015625,0,3,8,"84d44a774ae37bf98a97dea9004c205b",FALSE,29,29,29,0.222331266315861,0.222331266315861,0.222331266315861,53.4219564460164,0,0,0,1
"2018","education","rook","mean_rank",0.5,0.5,"both",2,"High Incidence Focus",3,1,TRUE,0.160697247069497,0,0,0,0,0,0.160697247069497,0.160697247069497,0.160697247069497,0.0442508368175363,0.0442508368175363,0,NA,0.2128888667046,0.108505627434394,0.2128888667046,0.108505627434394,1,NA,FALSE,TRUE,8,8,8,0,0,0,TRUE,0.27536773419895,0.390446481183436,0.125,0.875,0.147574898498805,0.090822862765768,0.015625,0,3,8,"c2cb028f3073d459fd3ccb65ffb8f7c6",FALSE,29,29,29,0.222331266315861,0.222331266315861,0.222331266315861,53.4219564460164,0,0,0,1
"2018","education","rook","mean_rank",0,0.5,"control_only",2,"High Incidence Focus",3,1,TRUE,0.212735312402259,0,0,0,0,0,0.212735312402259,0.212735312402259,0.212735312402259,0.0679065102226466,0.0679065102226466,0,NA,0.0905721087367531,0.334898516067765,0.0905721087367531,0.334898516067765,1,NA,FALSE,TRUE,8,8,8,0,0,0,TRUE,0.319206573914926,0.454511281138914,0,1,0.171789116852418,-0.0784525826198365,0,0,3,8,"3ad115de119499562f46c82a3d4b5d2d",FALSE,29,29,29,0.222331266315861,0.222331266315861,0.222331266315861,53.4219564460164,0,0,0,1
"2018","education","rook","mean_rank",0.5,0.5,"control_only",2,"High Incidence Focus",3,1,TRUE,0.190214630508179,0,0,0,0,0,0.190214630508179,0.190214630508179,0.190214630508179,0.0766548436815427,0.0766548436815427,0,NA,0.188745332482017,0.19168392853434,0.188745332482017,0.19168392853434,1,NA,FALSE,TRUE,8,8,8,0,0,0,TRUE,0.402991312901385,0.436054787132987,0,1,0.16481321782187,-0.0084174299274738,0,0,3,8,"98e8f7f9fcd64cfdd03b1890b5524361",FALSE,29,29,29,0.222331266315861,0.222331266315861,0.222331266315861,53.4219564460164,0,0,0,1
"2018","education","rook","mean_rank",0,0.5,"both",3,"Saturation Regions",3,3,TRUE,0.0898867376264899,0.000360251934225722,0.00224413278927654,-0.00188388085505082,0.018980303849668,NA,0.102082509769392,0.102956016740117,0.102956016740117,0.0273503978598517,0.0109582835369067,-0.000759969950496875,6.22934279062174,0.108191817969723,0.118657032295875,0.111367266800144,0.120715787661794,0,-1,TRUE,FALSE,24,24,24,0,0,0,FALSE,0.121912128821964,0.292119438703317,7.85046229341888e-17,0.875,0.0984481352227685,0.0674757079114318,0.00520833333333333,-0.015625,3,8,"b681d911023f74162ec55179a6fbbb20",FALSE,28.6666666666667,28,29,0.535908249833358,0.418137683935002,0.597669415187814,-2.194639342247,0,0,0,1
"2018","education","rook","mean_rank",0.5,0.5,"both",3,"Saturation Regions",3,3,TRUE,0.0757893483359823,2.77615197111298e-05,0.00136669034323215,-0.00133892882352102,0.00526892016556806,NA,0.0790572844417861,0.0792134771285127,0.0792134771285127,0.0213439323402237,0.00304201247592937,-0.000777596852426909,49.2296660072334,0.0922887283600491,0.10070277965193,0.101231354734065,0.100791773433469,0,-1,TRUE,FALSE,24,24,24,0,0,0,FALSE,0.0401377309967596,0.253702955617208,0.0416666666666667,0.916666666666667,0.050366396172629,0.10688385587672,0.00347222222222222,-0.00520833333333333,3,8,"454f9ac142e5582025bb952fd7e14c2a",FALSE,28.6666666666667,28,29,0.535908249833358,0.418137683935002,0.597669415187814,-2.194639342247,0,0,0,1
"2018","education","rook","mean_rank",0,0.5,"control_only",3,"Saturation Regions",3,3,TRUE,0.0872388518678477,0.00287257480768334,0.00405404754974121,-0.00118147274205786,0.0535964066676428,NA,0.11847875774058,0.118676976896533,0.118676976896533,0.0367607016152721,0.0309438998171602,-0.000914535320347147,1.41129398576418,0.20164152657787,0.102882718330984,0.223990469107087,0.123126005772531,0,-0.5,TRUE,FALSE,24,24,24,0,0,0,FALSE,0.354703198799946,0.280293991095005,0,1,0.0324585046240073,0.0931350118048047,0,0,3,8,"89c6015bfde9f7789da975063f0043c3",FALSE,28.6666666666667,28,29,0.535908249833358,0.418137683935002,0.597669415187814,-2.194639342247,0,0,0,1
"2018","education","rook","mean_rank",0.5,0.5,"control_only",3,"Saturation Regions",3,3,TRUE,0.311201007154205,0.0453953913307463,0.0297624507051477,0.0156329406255986,0.213061942473888,0.125031758467993,0.486259079480731,0.556445353435252,0.556445353435252,0.0996032976447863,0.123011369841364,0.0343041022490006,0.655627142594751,0.532455789098875,0.468794234195361,0.604522024841455,0.508368682029049,1,0.5,FALSE,FALSE,24,24,24,0,0,0,FALSE,0.395279472152895,0.556661985922143,0.110239637961025,0.791666666666667,0.0561545530160967,-0.0364477788544333,0.00669642857142857,0.0163690476190476,3,8,"5041b606c12106926013fc94f9b8991f",FALSE,28.6666666666667,28,29,0.535908249833358,0.418137683935002,0.597669415187814,-2.194639342247,0,0,0,1
"2018","education","rook","mean_rank",0,0.5,"both",4,"Isolation Buffer",3,3,TRUE,0.201658926250508,0.0130111261923232,0.0116427890670727,0.00136833712525052,0.114066323655684,0.0369910411485067,0.281734906622499,0.292440364862176,0.292440364862176,0.0622971081915061,0.06585622266808,0.00717035261078426,0.894833306123965,0.399583002575013,0.216454691451859,0.43851654598166,0.233977318379151,0,0.5,TRUE,FALSE,24,24,24,0,0,0,FALSE,0.326572316398586,0.441978293656311,0.0833333333333333,0.916666666666667,0.083135914249043,-0.0794614006116403,0.00297619047619048,0.0119047619047619,3,8,"52184c47a863798b9c4fd054a0203e56",FALSE,17.6666666666667,16,20,0.314147427334145,0.208474340440113,0.3830399291741,4.15841212980515,0,0,0,1
"2018","education","rook","mean_rank",0.5,0.5,"both",4,"Isolation Buffer",3,3,TRUE,0.185518990319377,0.00326690435465483,0.0108902462564612,-0.00762334190180634,0.0571568399638646,NA,0.233110280848427,0.249700889145741,0.249700889145741,0.060250162534943,0.0329995169391656,-0.0118913041359358,3.33350630266976,0.189821248542066,0.397690936980229,0.222077981129059,0.438607460097388,0,-0.5,TRUE,FALSE,24,24,24,0,0,0,FALSE,0.17787676012227,0.424555598978989,0.0416666666666667,0.958333333333333,0.13579562977755,0.072605328282216,0.00173611111111111,-8.67361737988404e-19,3,8,"759c96e67c71a427a211f89a2aa771d1",FALSE,17.6666666666667,16,20,0.314147427334145,0.208474340440113,0.3830399291741,4.15841212980515,0,0,0,1
"2018","education","rook","mean_rank",0,0.5,"control_only",4,"Isolation Buffer",3,3,TRUE,0.294769480387759,0.0970873470479293,0.0299560586457839,0.0671312884021453,0.311588425728443,0.259097063669478,0.552010736158276,0.652306182097705,0.652306182097705,0.0999267375727236,0.179895661470688,0.0651951346379315,0.308547504454885,0.303583756829619,0.800437715486933,0.349271523389579,0.95534084080583,1,1,FALSE,FALSE,24,24,24,0,0,0,FALSE,0.610292697989092,0.522293753948948,0.0833333333333333,0.916666666666667,0.240541425100161,0.148252200569416,0.00297619047619048,0.0119047619047619,3,8,"b842902ace9a67a00bf90f8f81ab4f3f",FALSE,17.6666666666667,16,20,0.314147427334145,0.208474340440113,0.3830399291741,4.15841212980515,0,0,0,1
"2018","education","rook","mean_rank",0.5,0.5,"control_only",4,"Isolation Buffer",3,3,TRUE,0.402639629759873,0.0818055095892802,0.0174407595006118,0.0643647500886684,0.286016624672903,0.25370208924774,0.618163338432313,0.659015615613277,0.659015615613277,0.0762468786259735,0.165131775247609,0.0571529044537525,0.213197859021677,0.62898003731388,0.644044756742592,0.722917297406423,0.656277462473207,0,0.5,TRUE,FALSE,24,24,24,0,0,0,FALSE,0.410123005890131,0.629314540936997,0.0416666666666667,0.958333333333333,0.0277160045387283,-0.0812578508522693,0.00173611111111111,-8.67361737988404e-19,3,8,"88625a8b4043f48f706d0f212eec8737",FALSE,17.6666666666667,16,20,0.314147427334145,0.208474340440113,0.3830399291741,4.15841212980515,0,0,0,1
"2018","education","rook","mean_rank",0,0.5,"both",5,"2x2 Blocking",3,3,TRUE,0.0957638100118929,0.00438063531834618,0.00168801624348473,0.00269261907486145,0.0661863680703677,0.0518904526368912,0.149606295612537,0.172160181936728,0.172160181936728,0.02372070996327,0.0382127174221104,0.00391750477127184,0.385335943490956,0.221784132624414,0.0801738135678149,0.250150691728437,0.0941696721450182,1,0.5,FALSE,FALSE,24,24,24,0,0,0,FALSE,0.399030880427218,0.28180764531052,0.0721687836487032,0.875,0.103966062850644,0.127860318537194,0.00471230158730159,0.00148809523809524,3,8,"95d5684cb3e6b41c506c76a59572aba1",FALSE,28,28,28,0.476430805396415,0.470194941602076,0.482712365694872,3.73557739604435,0,0,0,1
"2018","education","rook","mean_rank",0.5,0.5,"both",5,"2x2 Blocking",3,3,TRUE,0.0755878168465351,0.00134926046572609,0.000906147569514495,0.000443112896211593,0.0367322809763577,0.0210502469394445,0.103444052829437,0.108879704873588,0.108879704873588,0.0173795624179139,0.0212073923096491,0.000457780128894092,0.671588320070478,0.150235584778328,0.0761670574814156,0.167611734400253,0.0826719030150391,0,0.5,TRUE,FALSE,24,24,24,0,0,0,FALSE,0.280566276344588,0.268664119301251,0.0416666666666667,0.958333333333333,0.0127270406033084,-0.058373006146833,0.00173611111111111,-8.67361737988404e-19,3,8,"8103b1d90db70656619e18112414e3e6",FALSE,28,28,28,0.476430805396415,0.470194941602076,0.482712365694872,3.73557739604435,0,0,0,1
"2018","education","rook","mean_rank",0,0.5,"control_only",5,"2x2 Blocking",3,3,TRUE,0.219817781023304,0.0126165094031839,0.0145024284241291,-0.00188591902094529,0.112323236256724,NA,0.307242716899389,0.326436251730817,0.326436251730817,0.0695280001729019,0.0648498506890696,0.000556763555088218,1.14948025326794,0.329337785557085,0.360288895755185,0.353088168599178,0.418536250072923,0,-0.5,TRUE,FALSE,24,24,24,0,0,0,FALSE,0.295016401253703,0.460009226298568,0.0416666666666667,0.958333333333333,0.0686016968326999,-0.090605147444813,0.00173611111111111,-8.67361737988404e-19,3,8,"bc20bce6db18d53d2f03aa356bbb35bd",FALSE,28,28,28,0.476430805396415,0.470194941602076,0.482712365694872,3.73557739604435,0,0,0,1
"2018","education","rook","mean_rank",0.5,0.5,"control_only",5,"2x2 Blocking",3,3,TRUE,0.291977350248825,0.00881250505890905,0.0213411707711334,-0.0125286657122244,0.0938749437225347,NA,0.369469434546086,0.392880813538259,0.392880813538259,0.0843428929452731,0.0541987240283664,-0.00286108345446307,2.42169174695207,0.501701639090736,0.295390535733714,0.566798361473223,0.314497353266319,0,-0.5,TRUE,FALSE,24,24,24,0,0,0,FALSE,0.185626467197465,0.52646041660431,0.0416666666666667,0.958333333333333,0.11657446275377,-0.121724196434569,0.00173611111111111,-8.67361737988404e-19,3,8,"421e27aea4354e3c1a818f205d82db5a",FALSE,28,28,28,0.476430805396415,0.470194941602076,0.482712365694872,3.73557739604435,0,0,0,1
"2018","education","rook","mean_rank",0,0.5,"both",6,"Balanced Quartiles",3,3,TRUE,0.0810802069846038,0.000737179300052036,0.00212075581768103,-0.001383576517629,0.0271510460213237,NA,0.102516466091128,0.10754409486087,0.10754409486087,0.0265879409863509,0.0156756637291911,-3.35428885082734e-05,2.87685210033886,0.0494431699324532,0.15775435089917,0.0496191301718144,0.165469059549926,1,0.5,TRUE,FALSE,24,24,24,0,0,0,FALSE,0.193335270248727,0.28469016382713,0.0416666666666667,0.916666666666667,0.0806369017418785,-0.00563183848188115,0.00347222222222222,-0.00520833333333333,3,8,"5c7347dbb6ca76ef9b24b890aac7d3fa",FALSE,29,29,29,0.477473989802265,0.407184720940021,0.524174923062652,-1.74418793845987,0,0,0,1
"2018","education","rook","mean_rank",0.5,0.5,"both",6,"Balanced Quartiles",3,3,TRUE,0.062378086504345,0.000739739748062816,0.00108330332516334,-0.000343563577100528,0.0271981570710741,NA,0.0847722277286491,0.0913999750179447,0.0913999750179447,0.0190026605607684,0.0157028633064463,0.000480312759141897,1.4644384433853,0.112384880350796,0.0571595751065023,0.124424354829245,0.0583755952066438,1,1,TRUE,FALSE,24,24,24,0,0,0,FALSE,0.251736854822447,0.249582079091976,0.0416666666666667,0.958333333333333,0.0311965728100307,-0.0093205311260641,0.00173611111111111,-8.67361737988404e-19,3,8,"d9a762325530b38cf278774a45dabfa9",FALSE,29,29,29,0.477473989802265,0.407184720940021,0.524174923062652,-1.74418793845987,0,0,0,1
"2018","education","rook","mean_rank",0,0.5,"control_only",6,"Balanced Quartiles",3,3,TRUE,0.219350361703226,0.00162845182173777,0.0204908474958377,-0.0188623956741,0.0403540806082578,NA,0.252880362929522,0.26375722544375,0.26375722544375,0.082645523161346,0.0232984393020775,-0.0264434977520824,12.5830234719326,0.364230129156627,0.356039308909035,0.399952475592391,0.407923848593028,0,-1,TRUE,FALSE,24,24,24,0,0,0,FALSE,0.106215641137622,0.448999416653992,0.0416666666666667,0.916666666666667,0.0606543839231354,-0.133228696411851,0.00347222222222222,-0.00520833333333333,3,8,"8e2db2ae5aac721d7ee5df91f109a9ba",FALSE,29,29,29,0.477473989802265,0.407184720940021,0.524174923062652,-1.74418793845987,0,0,0,1
"2018","education","rook","mean_rank",0.5,0.5,"control_only",6,"Balanced Quartiles",3,3,TRUE,0.380835258577924,0.0385253987239128,0.0747715334400562,-0.0362461347161433,0.196278879974165,NA,0.539939820332743,0.607462659802693,0.607462659802693,0.157872874427556,0.113321664189323,-0.131003538202718,1.94083736747013,0.880773448733354,0.50255979822089,1.09060432301317,0.505964908940567,0,-1,TRUE,FALSE,24,24,24,0,0,0,FALSE,0.297560852460134,0.61538631219253,7.85046229341888e-17,0.875,0.159171504200348,0.0462054687672513,0.00520833333333333,-0.015625,3,8,"bab42131bb5045c00a571d25fc371983",FALSE,29,29,29,0.477473989802265,0.407184720940021,0.524174923062652,-1.74418793845987,0,0,0,1
"2018","education","rook","mean_rank",0,0.5,"both",7,"Balanced Halves",3,3,TRUE,0.0706370473804344,0.00133655880826751,0.00089236138452025,0.000444197423747257,0.0365589771228286,0.0210759916432717,0.100230746516933,0.11285095484597,0.11285095484597,0.0172468488379786,0.0211073352831625,-0.00138092905464899,0.667655907843636,0.160013206732568,0.06522854667273,0.18985455934344,0.0670424953659087,0,-1,FALSE,FALSE,24,24,24,0,0,0,FALSE,0.298813951968906,0.26366699358602,0.0416666666666667,0.958333333333333,0.0553260612584551,0.0334180172024614,0.00173611111111111,-8.67361737988404e-19,3,8,"b0359319e6a90c73e5e45b8d9ff61968",FALSE,29,29,29,0.466179538777664,0.34685949855212,0.58377352370844,6.20421673912861,0,0,0,1
"2018","education","rook","mean_rank",0.5,0.5,"both",7,"Balanced Halves",3,3,TRUE,0.0536030623094261,0.00147628403044162,0.000816679412195831,0.00065960461824579,0.0384224417553286,0.0256827688975661,0.0852753084721378,0.0977441588392378,0.0977441588392378,0.0164992869764709,0.0221832070903617,0.00115003935844173,0.553199381254247,0.082232022922546,0.0925563354481055,0.0880598832799005,0.107428434398575,1,0.5,FALSE,FALSE,24,24,24,0,0,0,FALSE,0.413842160030114,0.231300581852639,0.0416666666666667,0.958333333333333,0.0767958169150631,0.0101539718365183,0.00173611111111111,-8.67361737988404e-19,3,8,"79f584cc53e57ee5fff71c4f7ae790f2",FALSE,29,29,29,0.466179538777664,0.34685949855212,0.58377352370844,6.20421673912861,0,0,0,1
"2018","education","rook","mean_rank",0,0.5,"control_only",7,"Balanced Halves",3,3,TRUE,0.238670917277221,0.028378894401914,0.0145236238706599,0.0138552705312541,0.168460364483501,0.117708413171082,0.368644619694287,0.396064222353805,0.396064222353805,0.06957878956181,0.0972606367823317,0.0120841390910534,0.511775535190701,0.410674818714197,0.395996144511753,0.48864126531236,0.419123385790878,0,0.5,TRUE,FALSE,24,24,24,0,0,0,FALSE,0.407509376893882,0.461060058997131,0.0416666666666667,0.958333333333333,0.044268547353041,0.161538042809685,0.00173611111111111,-8.67361737988404e-19,3,8,"e6629e9d5cb6a2fc276b17d1513ac0d6",FALSE,29,29,29,0.466179538777664,0.34685949855212,0.58377352370844,6.20421673912861,0,0,0,1
"2018","education","rook","mean_rank",0.5,0.5,"control_only",7,"Balanced Halves",3,3,TRUE,0.224384262149467,0.0058847938033739,0.00937398122967791,-0.00348918742630401,0.0767124097090809,NA,0.285716793445084,0.301003350350949,0.301003350350949,0.0558986619687147,0.0442899303957227,-0.0193823463909522,1.59291583407792,0.225402963895761,0.479964719985465,0.232782258857939,0.545866181785504,0,-0.5,TRUE,FALSE,24,24,24,0,0,0,FALSE,0.19738429946669,0.473572728528107,0,1,0.0994798846467706,-0.0106363971301941,0,0,3,8,"cbcfc59b9b4c29c64f79b13eb74f51c3",FALSE,29,29,29,0.466179538777664,0.34685949855212,0.58377352370844,6.20421673912861,0,0,0,1
"2018","education","rook","mean_rank",0,0.5,"both",8,"Incidence-Guided Saturation Regions",3,3,TRUE,0.0936914012458785,0.00021834510342637,0.00131492884361473,-0.00109658374018836,0.0147765051154314,NA,0.104894326337991,0.107077757000107,0.107077757000107,0.0209358452071619,0.00853121920607619,0.000181011501610276,6.02225020382996,0.146034559825811,0.0644961781183444,0.1506487829061,0.0647435398744023,0,0.5,TRUE,FALSE,24,24,24,0,0,0,FALSE,0.0910565867585579,0.298850806676549,0.0416666666666667,0.916666666666667,0.0100741759115943,-0.0661785206441967,0.00347222222222222,-0.00520833333333333,3,8,"a6d742a603a3e9c987fe2e7c2ff4cdf2",FALSE,29,29,29,0.544408378035978,0.495935272295424,0.640068882352904,2.23645740754721,0,0,0,1
"2018","education","rook","mean_rank",0.5,0.5,"both",8,"Incidence-Guided Saturation Regions",3,3,TRUE,0.0707020515069001,0.00064109291640757,0.00138687616621437,-0.0007457832498068,0.0253198127245754,NA,0.0854779595706913,0.0855834935807793,0.0855834935807793,0.0215009780104252,0.0146184006923645,-0.00108463262041206,2.1632997818567,0.118890745987751,0.101570091260355,0.135392385356659,0.118282798649439,0,0.5,TRUE,FALSE,24,24,24,0,0,0,FALSE,0.206760629724271,0.261805879602409,0.0416666666666667,0.916666666666667,0.0709723546919841,0.0464729266617585,0.00347222222222222,-0.00520833333333333,3,8,"f89bcccb869e7205140a17c112840ad0",FALSE,29,29,29,0.544408378035978,0.495935272295424,0.640068882352904,2.23645740754721,0,0,0,1
"2018","education","rook","mean_rank",0,0.5,"control_only",8,"Incidence-Guided Saturation Regions",3,3,TRUE,0.236881790491797,0.011942462152082,0.0133408698185085,-0.00139840766642646,0.109281572792864,NA,0.310911188786088,0.318912228840789,0.318912228840789,0.066685505217922,0.0630937454694257,-0.00791373541131438,1.11709542375922,0.135752663698014,0.543030943344952,0.13898823028302,0.570037764237046,0,-1,TRUE,FALSE,24,24,24,0,0,0,FALSE,0.266351184438597,0.481182533857444,0.0416666666666667,0.958333333333333,0.0938468037818804,0.0731105984268136,0.00173611111111111,-8.67361737988404e-19,3,8,"db82d03fdc9e5cdab64bf92773ad2699",FALSE,29,29,29,0.544408378035978,0.495935272295424,0.640068882352904,2.23645740754721,0,0,0,1
"2018","education","rook","mean_rank",0.5,0.5,"control_only",8,"Incidence-Guided Saturation Regions",3,3,TRUE,0.324240907257611,0.0342398464094232,0.0137351822295492,0.020504664179874,0.18504012108033,0.143194497729047,0.477662716760199,0.535496990703423,0.535496990703423,0.0676638313762707,0.10683296371661,0.0173729320348977,0.40114614023996,0.311846747364738,0.651897486157844,0.329316113993388,0.741677867413459,1,0.5,FALSE,FALSE,24,24,24,0,0,0,FALSE,0.329486382887925,0.531348652437182,0.0416666666666667,0.958333333333333,0.14788723766938,0.20471813991633,0.00173611111111111,-8.67361737988404e-19,3,8,"0857ccf292caa532766517ef4f2bb904",FALSE,29,29,29,0.544408378035978,0.495935272295424,0.640068882352904,2.23645740754721,0,0,0,1
"2018","education","rook","mean_rank",0,0.5,"both",9,"Simple Random Sampling",3,3,TRUE,0.0675133171619492,9.65597665140407e-05,0.00154921013398198,-0.00145265036746793,0.00982648291679381,NA,0.075447952708733,0.0775292452260907,0.0775292452260907,0.0227245105116478,0.00567332255719817,-0.000869405161539748,16.0440542672264,0.0786994969365605,0.105258215027638,0.0889754462128872,0.107410302422709,0,-1,TRUE,FALSE,24,24,24,0,0,0,FALSE,0.0840326441609904,0.257106092675416,0.0416666666666667,0.916666666666667,0.0450884472072953,0.03754696087741,0.00347222222222222,-0.00520833333333333,3,8,"a5a19cf8f5f3d8f9930a7b4328bbda3d",FALSE,29,29,29,0.535284221738579,0.50921907251136,0.580584023408389,6.12475875072216,0,0,0,1
"2018","education","rook","mean_rank",0.5,0.5,"both",9,"Simple Random Sampling",3,3,TRUE,0.0790826888352454,0.000188810219398179,0.00188418313522265,-0.00169537291582447,0.0137408230975506,NA,0.0898992881432496,0.0924012296617008,0.0924012296617008,0.0250611461245134,0.00793326791425785,-0.00286641353761959,9.97924339703838,0.124910796904682,0.127118307112088,0.140059345949504,0.142499376684165,0,-1,TRUE,FALSE,24,24,24,0,0,0,FALSE,0.100316112553853,0.278081447629517,7.85046229341888e-17,0.875,0.0888547828696263,-0.0418735873733953,0.00520833333333333,-0.015625,3,8,"c21dac49dd0999c681ed075602d023c8",FALSE,29,29,29,0.535284221738579,0.50921907251136,0.580584023408389,6.12475875072216,0,0,0,1
"2018","education","rook","mean_rank",0,0.5,"control_only",9,"Simple Random Sampling",3,3,TRUE,0.285170988065112,0.00273652215641566,0.0291427695641535,-0.0264062474077378,0.0523117783717554,NA,0.328676087800876,0.343018957902668,0.343018957902668,0.0985609279653174,0.030202219324721,-0.0351848852071766,10.6495646292611,0.340561822532832,0.526129711536144,0.349703475799934,0.60943570467331,0,-0.5,TRUE,FALSE,24,24,24,0,0,0,FALSE,0.105909158325128,0.511567403610376,0.0416666666666667,0.958333333333333,0.11114332093987,-0.153198497474519,0.00173611111111111,-8.67361737988404e-19,3,8,"8048dd75648358c8ead75b55486d043f",FALSE,29,29,29,0.535284221738579,0.50921907251136,0.580584023408389,6.12475875072216,0,0,0,1
"2018","education","rook","mean_rank",0.5,0.5,"control_only",9,"Simple Random Sampling",3,3,TRUE,0.399417785034784,0.0264327547120224,0.0472634678004595,-0.0208307130884371,0.16258153250607,NA,0.529719926194524,0.562594914777635,0.562594914777635,0.125516888372919,0.0938664915576416,0.0212137482509505,1.78806440400866,0.398896605905167,0.660543246483882,0.459029827013181,0.666160002542089,1,1,TRUE,FALSE,24,24,24,0,0,0,FALSE,0.235008292255857,0.631979065786505,7.85046229341888e-17,0.875,0.0717026561898208,0.00449949357156534,0.00520833333333333,-0.015625,3,8,"10eb4fbc386451682792811e54b665fe",FALSE,29,29,29,0.535284221738579,0.50921907251136,0.580584023408389,6.12475875072216,0,0,0,1
"2018","education","queen","mean_rate",0,0.5,"both",8,"Incidence-Guided Saturation Regions",3,3,TRUE,0.090411860214776,0.00630544465095849,0.0025871905583315,0.00371825409262698,0.0794068300019494,0.0609774884086495,0.155564022585848,0.181869957495155,0.181869957495155,0.0293665941637291,0.0458455546771203,0.00622064221804129,0.410310565161844,0.151597742024215,0.15953772733249,0.179280483993906,0.184459430996405,1,0.5,FALSE,FALSE,24,24,24,0,0,0,FALSE,0.507074564865858,0.300468640112281,0.110239637961025,0.833333333333333,0.0726297839832356,0.0114217566009928,0.0054563492063492,0.0200892857142857,3,8,"17801674a946f1cca9eb2aedb9678d4b",FALSE,29,29,29,0.51409403236259,0.495583004307987,0.533243339090357,8.04966919064995,0,0,0,1
"2018","education","queen","mean_rate",0.5,0.5,"both",8,"Incidence-Guided Saturation Regions",3,3,TRUE,0.104375425823829,0.0010479366388388,0.0035754427239895,-0.00252750608515071,0.0323718494812823,NA,0.129930508509004,0.135920736200691,0.135920736200691,0.034522662720738,0.0186898960121844,-0.00385644831191686,3.41188826831305,0.204239866331004,0.131548744457919,0.226427434685819,0.153082421143508,0,-0.5,TRUE,FALSE,24,24,24,0,0,0,FALSE,0.179064141436225,0.311313897800059,0.0721687836487032,0.875,0.00721195900980961,-0.086365982078385,0.00471230158730159,0.00148809523809524,3,8,"d697a0bdb129e4856a45596b9e3a6dd0",FALSE,29,29,29,0.51409403236259,0.495583004307987,0.533243339090357,8.04966919064995,0,0,0,1
"2018","education","queen","mean_rate",0,0.5,"control_only",8,"Incidence-Guided Saturation Regions",3,3,TRUE,0.173754414750125,0.00744577910314267,0.0076623186436122,-0.000216539540469532,0.0862889280449275,NA,0.245450774026799,0.271832440643426,0.271832440643426,0.0505381659198016,0.0498189358348231,-0.0141991926587905,1.02908218703106,0.409083369849553,0.1943245293695,0.480972231014224,0.218534294986263,0,-1,FALSE,FALSE,24,24,24,0,0,0,FALSE,0.286720403084246,0.414884734210899,0.0416666666666667,0.958333333333333,0.0852907696974229,0.0403121826359845,0.00173611111111111,-8.67361737988404e-19,3,8,"b85e8178250f7c0b9a251b7c711b7589",FALSE,29,29,29,0.51409403236259,0.495583004307987,0.533243339090357,8.04966919064995,0,0,0,1
"2018","education","queen","mean_rate",0.5,0.5,"control_only",8,"Incidence-Guided Saturation Regions",3,3,TRUE,0.15327883931201,0.00432521703954661,0.00427786936803439,4.7347671512217e-05,0.0657663822902447,0.00688096443183781,0.206887672811679,0.221721893394914,0.221721893394914,0.0377618386206427,0.0379702385189006,0.0030139204130486,0.989053110842923,0.141428614771349,0.272346730852009,0.15010733754515,0.293336449244679,1,1,TRUE,FALSE,24,24,24,0,0,0,FALSE,0.247720028996367,0.367439592581914,0,1,0.0275805119017656,0.135155410972876,0,0,3,8,"9b3d6dfbb380acd395ed0d9eff84e5e5",FALSE,29,29,29,0.51409403236259,0.495583004307987,0.533243339090357,8.04966919064995,0,0,0,1
"2018","education","queen","pooled_rate",0,0.5,"both",8,"Incidence-Guided Saturation Regions",3,3,TRUE,0.0496727739590969,9.09732762548261e-05,0.000375266236393772,-0.000284292960138946,0.00953799120647666,NA,0.0575142875632688,0.0598092501520721,0.0598092501520721,0.0111843080011501,0.00550676179058758,-0.000748046918584568,4.12501617884587,0.0790424159956009,0.0610429270353389,0.0795767328223681,0.0662932169237295,0,-0.5,TRUE,FALSE,24,24,24,0,0,0,FALSE,0.110860766405398,0.210759753899975,0,1,0.0569782427610194,-0.0724782732625363,0,0,3,8,"6e9fac6a6b88ace0278edd179b136b5d",FALSE,29,29,29,0.49305612961022,0.363226156363446,0.623813757666128,1.04039910970562,0,0,0,1
"2018","education","queen","pooled_rate",0.5,0.5,"both",8,"Incidence-Guided Saturation Regions",3,3,TRUE,0.0570616338763609,0.00189680333788761,0.000837308199831572,0.00105949513805604,0.0435523057700464,0.0325498869131068,0.0930913406596953,0.104190731474196,0.104190731474196,0.0167063680456642,0.0251449354601652,0.000721378019935972,0.44143121382528,0.143583395963506,0.0425992853558845,0.163648814396699,0.0447326485516919,1,1,FALSE,FALSE,24,24,24,0,0,0,FALSE,0.440662731716521,0.238443242561912,0.0416666666666667,0.958333333333333,0.015198565337206,0.0143685055911271,0.00173611111111111,-8.67361737988404e-19,3,8,"d8ab1abf69729c3dde5f7f7da0083721",FALSE,29,29,29,0.49305612961022,0.363226156363446,0.623813757666128,1.04039910970562,0,0,0,1
"2018","education","queen","pooled_rate",0,0.5,"control_only",8,"Incidence-Guided Saturation Regions",3,3,TRUE,0.137560545093028,0.00492564964540932,0.00490550080719176,2.01488382175668e-05,0.0701829726173616,0.00448874572877176,0.191318918016989,0.202294488246717,0.202294488246717,0.0404371974267578,0.0405201581331618,0.0018911464374408,0.995909404917513,0.23339908793411,0.177786184951707,0.242650345467196,0.208194918691668,0,-0.5,TRUE,FALSE,24,24,24,0,0,0,FALSE,0.294562355112503,0.3677451595922,0.0416666666666667,0.958333333333333,0.179523736237401,-0.0482083259358285,0.00173611111111111,-8.67361737988404e-19,3,8,"b8979de9ed3ffa7d54ccedbbd54c32c9",FALSE,29,29,29,0.49305612961022,0.363226156363446,0.623813757666128,1.04039910970562,0,0,0,1
"2018","education","queen","pooled_rate",0.5,0.5,"control_only",8,"Incidence-Guided Saturation Regions",3,3,TRUE,0.260568146811793,0.022539171732586,0.0110344415955715,0.0115047301370146,0.150130515660828,0.10726010505782,0.381984901904823,0.433923489313518,0.433923489313518,0.0606477303658086,0.0866778936303562,0.0203606889664787,0.489567306487062,0.534221852760053,0.233550983722149,0.600131393193327,0.26771558543371,1,0.5,FALSE,FALSE,24,24,24,0,0,0,FALSE,0.332649614662852,0.50988296456594,0.0721687836487032,0.875,0.115440473231955,-0.0242385902486371,0.00471230158730159,0.00148809523809524,3,8,"bdd054b36cdc775a22385c7e1b340a9a",FALSE,29,29,29,0.49305612961022,0.363226156363446,0.623813757666128,1.04039910970562,0,0,0,1
