"Primary_College","period","deaths","person_years","rate_per_100k","n_counties","rank","X"
"A-B Tech","2018",111,176152,63.0137608429084,2,4,0.0603448275862069
"Alamance CC","2018",84,102026,82.3319545998079,1,15,0.25
"Beaufort County CC","2018",49,36581,133.949317951942,4,46,0.78448275862069
"Bladen CC","2018",32,17620,181.61180476731,1,57,0.974137931034483
"Blue Ridge CC","2018",60,81887,73.2717036892303,2,11,0.181034482758621
"Brunswick CC","2018",60,68758,87.262573082405,1,19,0.318965517241379
"Caldwell CC&TI","2018",73,87769,83.1728742494503,2,17,0.28448275862069
"Cape Fear CC","2018",115,177856,64.6590500179921,2,5,0.0775862068965517
"Carteret CC","2018",44,39351,111.814185154126,1,32,0.543103448275862
"Catawba Valley CC","2018",136,117535,115.710213978815,2,35,0.594827586206897
"Central Carolina CC","2018",160,159017,100.618172899753,3,23,0.387931034482759
"Central Piedmont","2018",384,709963,54.0873256775353,1,3,0.0431034482758621
"Cleveland CC","2018",76,58438,130.052363188336,1,43,0.732758620689655
"Coastal Carolina CC","2018",85,130529,65.1196285882831,1,6,0.0948275862068965
"College of The Albemarle","2018",96,89791,106.914946932321,7,28,0.474137931034483
"Craven CC","2018",66,60212,109.612701787019,1,30,0.508620689655172
"Davidson-Davie CC","2018",128,124368,102.920365367297,2,25,0.422413793103448
"Durham Tech","2018",150,307662,48.7548023480313,2,2,0.0258620689655172
"Edgecombe CC","2018",58,29086,199.408650209723,1,58,0.991379310344828
"Fayetteville Tech","2018",175,210572,83.1069657884239,1,16,0.267241379310345
"Forsyth Tech","2018",233,258157,90.2551548088954,2,20,0.336206896551724
"Gaston College","2018",199,188904,105.344513615381,2,26,0.439655172413793
"Guilford Tech","2018",252,336092,74.9794699070493,1,13,0.21551724137931
"Halifax CC","2018",63,39323,160.21158100857,2,56,0.956896551724138
"Haywood CC","2018",48,35245,136.189530429848,1,49,0.836206896551724
"Isothermal CC","2018",63,47788,131.832259144555,2,45,0.767241379310345
"James Sprunt CC","2018",28,28995,96.5683738575617,1,22,0.370689655172414
"Johnston CC","2018",100,124912,80.0563596772128,1,14,0.232758620689655
"Lenoir CC","2018",67,50848,131.765261170548,3,44,0.75
"Martin CC","2018",35,23764,147.281602423834,2,55,0.939655172413793
"Mayland CC","2018",34,30138,112.814387152432,3,33,0.560344827586207
"McDowell Tech","2018",39,26506,147.136497396816,1,54,0.922413793103448
"Mitchell CC","2018",81,109959,73.6638201511472,1,12,0.198275862068966
"Montgomery CC","2018",15,14793,101.399310484689,1,24,0.405172413793103
"Nash CC","2018",66,56285,117.260371324509,1,36,0.612068965517241
"Pamlico CC","2018",5,6836,73.1421884142774,1,10,0.163793103448276
"Piedmont CC","2018",54,37061,145.705728393729,2,52,0.887931034482759
"Pitt CC","2018",75,110367,67.9550952730436,1,8,0.129310344827586
"Randolph CC","2018",107,85533,125.097915424456,1,38,0.646551724137931
"Richmond CC","2018",68,46504,146.22398073284,2,53,0.905172413793103
"Roanoke-Chowan CC","2018",16,13989,114.375580813496,1,34,0.577586206896552
"Robeson CC","2018",97,72236,134.282075419458,1,47,0.801724137931034
"Rockingham CC","2018",76,53869,141.082997642429,1,50,0.853448275862069
"Rowan-Cabarrus CC","2018",188,219382,85.6952712619996,2,18,0.301724137931034
"Sampson CC","2018",37,34803,106.312674194753,1,27,0.456896551724138
"Sandhills CC","2018",60,85121,70.4878937042563,2,9,0.146551724137931
"South Piedmont CC","2018",102,154311,66.1002780099928,2,7,0.112068965517241
"Southeastern CC","2018",39,30936,126.066718386346,1,39,0.663793103448276
"Southwestern CC","2018",51,55147,92.4800986454386,3,21,0.353448275862069
"Stanly CC","2018",47,36857,127.519874108039,1,40,0.681034482758621
"Surry CC","2018",78,64097,121.690562740846,2,37,0.629310344827586
"Tri-County CC","2018",33,25476,129.533678756477,3,41,0.698275862068966
"Vance-Granville CC","2018",125,114021,109.62892800449,4,31,0.525862068965517
"Wake Tech","2018",300,704385,42.5903447688409,1,1,0.00862068965517241
"Wayne CC","2018",76,71069,106.938327540841,1,29,0.491379310344828
"Western Piedmont CC","2018",73,53702,135.935346914454,1,48,0.818965517241379
"Wilkes CC","2018",78,60065,129.859319071006,3,42,0.71551724137931
"Wilson CC","2018",67,46275,144.786601836845,1,51,0.870689655172414
"A-B Tech","2019",144,177355,81.1930873107609,2,9,0.146551724137931
"Alamance CC","2019",101,103511,97.5741708610679,1,22,0.370689655172414
"Beaufort County CC","2019",54,35825,150.732728541521,4,51,0.870689655172414
"Bladen CC","2019",27,17046,158.394931362196,1,54,0.922413793103448
"Blue Ridge CC","2019",67,81753,81.9541790515333,2,10,0.163793103448276
"Brunswick CC","2019",82,70658,116.051968637663,1,35,0.594827586206897
"Caldwell CC&TI","2019",84,87244,96.2816927238549,2,21,0.353448275862069
"Cape Fear CC","2019",144,177418,81.1642561634107,2,8,0.129310344827586
"Carteret CC","2019",36,39003,92.3005922621337,1,17,0.28448275862069
"Catawba Valley CC","2019",103,117809,87.4296530825319,2,14,0.232758620689655
"Central Carolina CC","2019",147,160630,91.514661022225,3,16,0.267241379310345
"Central Piedmont","2019",354,720546,49.1294101972671,1,2,0.0258620689655172
"Cleveland CC","2019",84,58540,143.491629654937,1,48,0.818965517241379
"Coastal Carolina CC","2019",88,135390,64.9974148755447,1,6,0.0948275862068965
"College of The Albemarle","2019",89,90202,98.6674353118556,7,23,0.387931034482759
"Craven CC","2019",66,59576,110.782865583456,1,29,0.491379310344828
"Davidson-Davie CC","2019",159,125180,127.017095382649,2,42,0.71551724137931
"Durham Tech","2019",171,309722,55.21080194497,2,4,0.0603448275862069
"Edgecombe CC","2019",48,28347,169.330087839983,1,58,0.991379310344828
"Fayetteville Tech","2019",195,210159,92.7868899261987,1,18,0.301724137931034
"Forsyth Tech","2019",227,259007,87.6424189307625,2,15,0.25
"Gaston College","2019",214,190978,112.054791651394,2,30,0.508620689655172
"Guilford Tech","2019",259,337796,76.6734952456512,1,7,0.112068965517241
"Halifax CC","2019",58,38294,151.459758708936,2,52,0.887931034482759
"Haywood CC","2019",38,35300,107.648725212465,1,25,0.422413793103448
"Isothermal CC","2019",54,47591,113.466831964027,2,32,0.543103448275862
"James Sprunt CC","2019",35,28138,124.386950031985,1,41,0.698275862068966
"Johnston CC","2019",110,128945,85.307689324906,1,12,0.198275862068966
"Lenoir CC","2019",58,50236,115.455052153834,3,34,0.577586206896552
"Martin CC","2019",29,23369,124.096024648038,2,40,0.681034482758621
"Mayland CC","2019",45,30078,149.611011370437,3,50,0.853448275862069
"McDowell Tech","2019",25,26514,94.2898091574263,1,20,0.336206896551724
"Mitchell CC","2019",92,112179,82.0117847368937,1,11,0.181034482758621
"Montgomery CC","2019",18,14728,122.21618685497,1,39,0.663793103448276
"Nash CC","2019",62,56051,110.613548375587,1,28,0.474137931034483
"Pamlico CC","2019",9,6754,133.254367782055,1,45,0.767241379310345
"Piedmont CC","2019",42,36791,114.158353945258,2,33,0.560344827586207
"Pitt CC","2019",56,110011,50.90400050904,1,3,0.0431034482758621
"Randolph CC","2019",101,85644,117.930035962823,1,36,0.612068965517241
"Richmond CC","2019",67,46029,145.560407569141,2,49,0.836206896551724
"Roanoke-Chowan CC","2019",18,13627,132.090702282234,1,43,0.732758620689655
"Robeson CC","2019",117,70120,166.856816885339,1,56,0.956896551724138
"Rockingham CC","2019",91,53834,169.038154326262,1,57,0.974137931034483
"Rowan-Cabarrus CC","2019",209,223547,93.4926436051479,2,19,0.318965517241379
"Sampson CC","2019",41,34395,119.203372583224,1,38,0.646551724137931
"Sandhills CC","2019",75,85907,87.3037121538408,2,13,0.21551724137931
"South Piedmont CC","2019",94,155652,60.3911289286357,2,5,0.0775862068965517
"Southeastern CC","2019",48,30446,157.656178151481,1,53,0.905172413793103
"Southwestern CC","2019",74,55413,133.542670492484,3,46,0.78448275862069
"Stanly CC","2019",49,37088,132.118205349439,1,44,0.75
"Surry CC","2019",70,63791,109.733347964446,2,27,0.456896551724138
"Tri-County CC","2019",41,25500,160.78431372549,3,55,0.939655172413793
"Vance-Granville CC","2019",136,114550,118.725447402881,4,37,0.629310344827586
"Wake Tech","2019",308,716598,42.9808623523928,1,1,0.00862068965517241
"Wayne CC","2019",80,70762,113.055029535626,1,31,0.525862068965517
"Western Piedmont CC","2019",58,53298,108.822094637697,1,26,0.439655172413793
"Wilkes CC","2019",84,59583,140.979809677257,3,47,0.801724137931034
"Wilson CC","2019",47,46094,101.965548661431,1,24,0.405172413793103
"A-B Tech","2020",173,177687,97.3622155813312,2,13,0.21551724137931
"Alamance CC","2020",94,104808,89.6878100908328,1,10,0.163793103448276
"Beaufort County CC","2020",65,35299,184.141193801524,4,52,0.887931034482759
"Bladen CC","2020",34,16794,202.453257115637,1,56,0.956896551724138
"Blue Ridge CC","2020",60,81899,73.2609677773843,2,6,0.0948275862068965
"Brunswick CC","2020",85,72634,117.025084671091,1,23,0.387931034482759
"Caldwell CC&TI","2020",86,86643,99.2578742656648,2,15,0.25
"Cape Fear CC","2020",124,178514,69.4623390882508,2,5,0.0775862068965517
"Carteret CC","2020",46,38717,118.810858279309,1,25,0.422413793103448
"Catawba Valley CC","2020",163,117971,138.169550143679,2,38,0.646551724137931
"Central Carolina CC","2020",169,161530,104.624527951464,3,17,0.28448275862069
"Central Piedmont","2020",409,729291,56.0818658121381,1,3,0.0431034482758621
"Cleveland CC","2020",92,58857,156.311059007425,1,45,0.767241379310345
"Coastal Carolina CC","2020",103,138370,74.438100744381,1,7,0.112068965517241
"College of The Albemarle","2020",100,90495,110.503342726117,7,20,0.336206896551724
"Craven CC","2020",72,58089,123.947735371585,1,27,0.456896551724138
"Davidson-Davie CC","2020",170,125629,135.319074417531,2,35,0.594827586206897
"Durham Tech","2020",164,306692,53.4738434651051,2,2,0.0258620689655172
"Edgecombe CC","2020",54,27670,195.157209974702,1,54,0.922413793103448
"Fayetteville Tech","2020",248,209411,118.427398751737,1,24,0.405172413793103
"Forsyth Tech","2020",256,259284,98.7334351521883,2,14,0.232758620689655
"Gaston College","2020",224,192535,116.342483184875,2,22,0.370689655172414
"Guilford Tech","2020",277,335841,82.4795066713117,1,8,0.129310344827586
"Halifax CC","2020",69,37202,185.473899252728,2,53,0.905172413793103
"Haywood CC","2020",44,35422,124.216588560781,1,28,0.474137931034483
"Isothermal CC","2020",81,47386,170.936563541974,2,48,0.818965517241379
"James Sprunt CC","2020",33,27554,119.764825433694,1,26,0.439655172413793
"Johnston CC","2020",114,133093,85.6543920416551,1,9,0.146551724137931
"Lenoir CC","2020",73,49559,147.299178756634,3,43,0.732758620689655
"Martin CC","2020",33,22690,145.438519171441,2,42,0.71551724137931
"Mayland CC","2020",52,29894,173.947949421289,3,49,0.836206896551724
"McDowell Tech","2020",35,26372,132.71651751858,1,32,0.543103448275862
"Mitchell CC","2020",120,114579,104.731233472102,1,18,0.301724137931034
"Montgomery CC","2020",29,14635,198.155107618722,1,55,0.939655172413793
"Nash CC","2020",76,56271,135.060688454088,1,34,0.577586206896552
"Pamlico CC","2020",7,6735,103.934669636229,1,16,0.267241379310345
"Piedmont CC","2020",50,36679,136.317784018103,2,37,0.629310344827586
"Pitt CC","2020",100,109802,91.0730223493197,1,12,0.198275862068966
"Randolph CC","2020",112,86225,129.892722528269,1,30,0.508620689655172
"Richmond CC","2020",93,45452,204.611458241662,2,57,0.974137931034483
"Roanoke-Chowan CC","2020",35,13059,268.014396201853,1,58,0.991379310344828
"Robeson CC","2020",121,68780,175.92323349811,1,50,0.853448275862069
"Rockingham CC","2020",90,53689,167.632103410382,1,47,0.801724137931034
"Rowan-Cabarrus CC","2020",207,227406,91.0266219888657,2,11,0.181034482758621
"Sampson CC","2020",45,34118,131.895187291166,1,31,0.525862068965517
"Sandhills CC","2020",92,86910,105.856633298815,2,19,0.318965517241379
"South Piedmont CC","2020",109,158553,68.7467282233701,2,4,0.0603448275862069
"Southeastern CC","2020",53,29753,178.133297482607,1,51,0.870689655172414
"Southwestern CC","2020",77,54434,141.455707829665,3,41,0.698275862068966
"Stanly CC","2020",43,37284,115.330973071559,1,21,0.353448275862069
"Surry CC","2020",85,63440,133.984867591425,2,33,0.560344827586207
"Tri-County CC","2020",32,25609,124.956070131594,3,29,0.491379310344828
"Vance-Granville CC","2020",161,115030,139.963487785795,4,39,0.663793103448276
"Wake Tech","2020",342,725208,47.1588840718801,1,1,0.00862068965517241
"Wayne CC","2020",106,69968,151.497827578322,1,44,0.75
"Western Piedmont CC","2020",87,53003,164.1416523593,1,46,0.78448275862069
"Wilkes CC","2020",83,58913,140.885712830784,3,40,0.681034482758621
"Wilson CC","2020",62,45787,135.4096140826,1,36,0.612068965517241
"A-B Tech","2021",183,179314,102.055611943295,2,15,0.25
"Alamance CC","2021",111,105851,104.864384842845,1,17,0.28448275862069
"Beaufort County CC","2021",56,35172,159.217559422268,4,46,0.78448275862069
"Bladen CC","2021",30,16627,180.429422024418,1,54,0.922413793103448
"Blue Ridge CC","2021",84,82104,102.309266296405,2,16,0.267241379310345
"Brunswick CC","2021",73,75934,96.1361182079174,1,12,0.198275862068966
"Caldwell CC&TI","2021",103,87023,118.359514151431,2,24,0.405172413793103
"Cape Fear CC","2021",149,182458,81.6626292078177,2,7,0.112068965517241
"Carteret CC","2021",43,38951,110.395111807142,1,19,0.318965517241379
"Catawba Valley CC","2021",145,118293,122.576991030746,2,26,0.439655172413793
"Central Carolina CC","2021",198,163824,120.86141224729,3,25,0.422413793103448
"Central Piedmont","2021",467,736001,63.4510007459229,1,3,0.0431034482758621
"Cleveland CC","2021",97,59089,164.159149757146,1,47,0.801724137931034
"Coastal Carolina CC","2021",86,135292,63.5662123407149,1,4,0.0603448275862069
"College of The Albemarle","2021",92,91866,100.145864628916,7,13,0.21551724137931
"Craven CC","2021",65,58038,111.995589096799,1,20,0.336206896551724
"Davidson-Davie CC","2021",179,126859,141.101537927936,2,36,0.612068965517241
"Durham Tech","2021",164,314880,52.0833333333333,2,2,0.0258620689655172
"Edgecombe CC","2021",59,27277,216.299446420061,1,56,0.956896551724138
"Fayetteville Tech","2021",247,210441,117.37256523206,1,23,0.387931034482759
"Forsyth Tech","2021",297,260552,113.988762319998,2,21,0.353448275862069
"Gaston College","2021",273,195580,139.584824624195,2,34,0.577586206896552
"Guilford Tech","2021",318,337736,94.1563824999408,1,10,0.163793103448276
"Halifax CC","2021",86,36759,233.956310019315,2,58,0.991379310344828
"Haywood CC","2021",46,35690,128.887643597646,1,28,0.474137931034483
"Isothermal CC","2021",74,47591,155.491584543296,2,43,0.732758620689655
"James Sprunt CC","2021",46,27350,168.19012797075,1,49,0.836206896551724
"Johnston CC","2021",114,139454,81.7473862348875,1,8,0.129310344827586
"Lenoir CC","2021",68,48888,139.09343806251,3,32,0.543103448275862
"Martin CC","2021",40,22075,181.200453001133,2,55,0.939655172413793
"Mayland CC","2021",34,29752,114.278031728959,3,22,0.370689655172414
"McDowell Tech","2021",46,26259,175.178034197799,1,53,0.905172413793103
"Mitchell CC","2021",110,117590,93.5453695042095,1,9,0.146551724137931
"Montgomery CC","2021",22,14742,149.233482566816,1,40,0.681034482758621
"Nash CC","2021",88,56021,157.083950661359,1,45,0.767241379310345
"Pamlico CC","2021",9,6769,132.959078150391,1,30,0.508620689655172
"Piedmont CC","2021",53,36428,145.492478313385,2,39,0.663793103448276
"Pitt CC","2021",87,110531,78.7109498692674,1,6,0.0948275862068965
"Randolph CC","2021",114,86536,131.737080521402,1,29,0.491379310344828
"Richmond CC","2021",63,45267,139.174232884883,2,33,0.560344827586207
"Roanoke-Chowan CC","2021",17,11717,145.08833319109,1,38,0.646551724137931
"Robeson CC","2021",115,68135,168.782564027299,1,50,0.853448275862069
"Rockingham CC","2021",93,53628,173.416871783397,1,51,0.870689655172414
"Rowan-Cabarrus CC","2021",235,231005,101.729399796541,2,14,0.232758620689655
"Sampson CC","2021",51,34027,149.880976871308,1,42,0.71551724137931
"Sandhills CC","2021",97,88880,109.135913591359,2,18,0.301724137931034
"South Piedmont CC","2021",120,161641,74.2385904566292,2,5,0.0775862068965517
"Southeastern CC","2021",66,29354,224.841588880561,1,57,0.974137931034483
"Southwestern CC","2021",91,54785,166.10386054577,3,48,0.818965517241379
"Stanly CC","2021",47,37497,125.343360802198,1,27,0.456896551724138
"Surry CC","2021",60,63209,94.9231913176921,2,11,0.181034482758621
"Tri-County CC","2021",45,25766,174.648761934332,3,52,0.887931034482759
"Vance-Granville CC","2021",158,116286,135.871902034639,4,31,0.525862068965517
"Wake Tech","2021",358,740204,48.365045311833,1,1,0.00862068965517241
"Wayne CC","2021",98,69446,141.116838982807,1,37,0.629310344827586
"Western Piedmont CC","2021",83,52915,156.855334026269,1,44,0.75
"Wilkes CC","2021",88,58924,149.344918878555,3,41,0.698275862068966
"Wilson CC","2021",64,45408,140.944326990839,1,35,0.594827586206897
"A-B Tech","2018-2021",611,710508,85.994809347678,2,11,0.181034482758621
"Alamance CC","2018-2021",390,416196,93.7058501283049,1,15,0.25
"Beaufort County CC","2018-2021",224,142877,156.778207829112,4,50,0.853448275862069
"Bladen CC","2018-2021",123,68087,180.651225637787,1,56,0.956896551724138
"Blue Ridge CC","2018-2021",271,327643,82.7119761447673,2,9,0.146551724137931
"Brunswick CC","2018-2021",300,287984,104.172454025224,1,20,0.336206896551724
"Caldwell CC&TI","2018-2021",346,348679,99.2316715374313,2,17,0.28448275862069
"Cape Fear CC","2018-2021",532,716246,74.2761565160573,2,7,0.112068965517241
"Carteret CC","2018-2021",169,156022,108.31805770981,1,22,0.370689655172414
"Catawba Valley CC","2018-2021",547,471608,115.986157995623,2,26,0.439655172413793
"Central Carolina CC","2018-2021",674,645001,104.495962021764,3,21,0.353448275862069
"Central Piedmont","2018-2021",1614,2895801,55.7358741156592,1,3,0.0431034482758621
"Cleveland CC","2018-2021",349,234924,148.558682808057,1,48,0.818965517241379
"Coastal Carolina CC","2018-2021",362,539581,67.0890932038007,1,4,0.0603448275862069
"College of The Albemarle","2018-2021",377,362354,104.041903773658,7,19,0.318965517241379
"Craven CC","2018-2021",269,235915,114.024118856368,1,24,0.405172413793103
"Davidson-Davie CC","2018-2021",636,502036,126.684142173071,2,32,0.543103448275862
"Durham Tech","2018-2021",649,1238956,52.3828126261142,2,2,0.0258620689655172
"Edgecombe CC","2018-2021",219,112380,194.874532835024,1,58,0.991379310344828
"Fayetteville Tech","2018-2021",865,840583,102.904769665815,1,18,0.301724137931034
"Forsyth Tech","2018-2021",1013,1037000,97.6856316297011,2,16,0.267241379310345
"Gaston College","2018-2021",910,767997,118.490046185076,2,27,0.456896551724138
"Guilford Tech","2018-2021",1106,1347465,82.0800540273773,1,8,0.129310344827586
"Halifax CC","2018-2021",276,151578,182.084471361279,2,57,0.974137931034483
"Haywood CC","2018-2021",176,141657,124.243771927967,1,28,0.474137931034483
"Isothermal CC","2018-2021",272,190356,142.89016369329,2,46,0.78448275862069
"James Sprunt CC","2018-2021",142,112037,126.743843551684,1,34,0.577586206896552
"Johnston CC","2018-2021",438,526404,83.2060546652381,1,10,0.163793103448276
"Lenoir CC","2018-2021",266,199531,133.31261808942,3,38,0.646551724137931
"Martin CC","2018-2021",137,91898,149.078325970097,2,49,0.836206896551724
"Mayland CC","2018-2021",165,119862,137.658307053111,3,42,0.71551724137931
"McDowell Tech","2018-2021",145,105651,137.244323290835,1,41,0.698275862068966
"Mitchell CC","2018-2021",403,454307,88.7065354484963,1,12,0.198275862068966
"Montgomery CC","2018-2021",84,58898,142.619443784169,1,45,0.767241379310345
"Nash CC","2018-2021",292,224628,129.992699040191,1,36,0.612068965517241
"Pamlico CC","2018-2021",30,27094,110.72562190891,1,23,0.387931034482759
"Piedmont CC","2018-2021",199,146959,135.411917609673,2,40,0.681034482758621
"Pitt CC","2018-2021",318,440711,72.1561295270597,1,6,0.0948275862068965
"Randolph CC","2018-2021",434,343938,126.185533439166,1,31,0.525862068965517
"Richmond CC","2018-2021",291,183252,158.797721170847,2,51,0.870689655172414
"Roanoke-Chowan CC","2018-2021",86,52392,164.147198045503,1,54,0.922413793103448
"Robeson CC","2018-2021",450,279271,161.133809095824,1,52,0.887931034482759
"Rockingham CC","2018-2021",350,215020,162.775555762255,1,53,0.905172413793103
"Rowan-Cabarrus CC","2018-2021",839,901340,93.083631038232,2,13,0.21551724137931
"Sampson CC","2018-2021",174,137343,126.690111618357,1,33,0.560344827586207
"Sandhills CC","2018-2021",324,346818,93.4207567081293,2,14,0.232758620689655
"South Piedmont CC","2018-2021",425,630157,67.4435101093854,2,5,0.0775862068965517
"Southeastern CC","2018-2021",206,120489,170.96996406311,1,55,0.939655172413793
"Southwestern CC","2018-2021",293,219779,133.315739902356,3,39,0.663793103448276
"Stanly CC","2018-2021",186,148726,125.062194908758,1,29,0.491379310344828
"Surry CC","2018-2021",293,254537,115.110966185663,2,25,0.422413793103448
"Tri-County CC","2018-2021",151,102351,147.531533644029,3,47,0.801724137931034
"Vance-Granville CC","2018-2021",580,459887,126.117937667297,4,30,0.508620689655172
"Wake Tech","2018-2021",1308,2886395,45.3160430225246,1,1,0.00862068965517241
"Wayne CC","2018-2021",360,281245,128.002275596011,1,35,0.594827586206897
"Western Piedmont CC","2018-2021",301,212918,141.368977728515,1,44,0.75
"Wilkes CC","2018-2021",333,237485,140.219382276775,3,43,0.732758620689655
"Wilson CC","2018-2021",240,183564,130.74459044257,1,37,0.629310344827586
