"Year","Block","N_Clusters","N_Treated","Singleton_Always_Control"
"2018","1",4,2,FALSE
"2018","2",8,4,FALSE
"2018","3",4,2,FALSE
"2018","4",5,2,FALSE
"2018","5",3,2,FALSE
"2018","6",2,1,FALSE
"2018","7",6,3,FALSE
"2018","8",2,1,FALSE
"2018","9",5,2,FALSE
"2018","10",4,2,FALSE
"2018","11",1,0,TRUE
"2018","12",3,2,FALSE
"2018","13",6,3,FALSE
"2018","14",5,2,FALSE
"2019","1",7,4,FALSE
"2019","2",6,3,FALSE
"2019","3",1,0,TRUE
"2019","4",6,3,FALSE
"2019","5",3,2,FALSE
"2019","6",5,2,FALSE
"2019","7",3,2,FALSE
"2019","8",4,2,FALSE
"2019","9",6,3,FALSE
"2019","10",2,1,FALSE
"2019","11",3,2,FALSE
"2019","12",2,1,FALSE
"2019","13",3,2,FALSE
"2019","14",7,4,FALSE
"2020","1",4,2,FALSE
"2020","2",5,2,FALSE
"2020","3",4,2,FALSE
"2020","4",4,2,FALSE
"2020","5",2,1,FALSE
"2020","6",5,2,FALSE
"2020","7",1,0,TRUE
"2020","8",6,3,FALSE
"2020","9",3,2,FALSE
"2020","10",5,2,FALSE
"2020","11",3,2,FALSE
"2020","12",5,2,FALSE
"2020","13",5,2,FALSE
"2020","14",6,3,FALSE
"2021","1",3,2,FALSE
"2021","2",5,2,FALSE
"2021","3",3,2,FALSE
"2021","4",5,2,FALSE
"2021","5",5,2,FALSE
"2021","6",2,1,FALSE
"2021","7",3,2,FALSE
"2021","8",6,3,FALSE
"2021","9",7,4,FALSE
"2021","10",6,3,FALSE
"2021","11",3,2,FALSE
"2021","12",1,0,TRUE
"2021","13",5,2,FALSE
"2021","14",4,2,FALSE
