"Year","Regime","Design_ID","Design","Mean_MSE","Min_MSE","Max_MSE","Bias","Coverage","Min_Coverage","Max_Coverage","Ratio_of_Mean_MSE_SRS","Min_Setting_Ratio_SRS","Max_Setting_Ratio_SRS","N_Point_Lower_SRS","N_MC_Upper_Below_Zero","Mean_Treated","Min_Treated","Max_Treated","Mean_Population_Share","Min_Population_Share","Max_Population_Share","Max_Relative_MCSE_MSE","Max_MCSE_Coverage","Source_IDs","Averaging"
"2018","both",1,"Checkerboard (graph adaptation)",0.215908889022986,0.2064881219552,0.230666216243594,-0.00738477887005697,0.936166666666667,0.93,0.942,2.82665427435906,2.6308819208257,3.00266106958898,0,0,27,27,27,0.503966288284889,0.503966288284889,0.503966288284889,0.0451424784300981,0.00807249435832351,"476b15c62994bb281a9cf916a47b9561 | 60d04456744dc4576924b53f9fc07f36 | 6460e74c096af07350269fc030e2ab51 | 37586c604b4349a0bfdaff187b0947fe | 578abc9f097b14a50fbd02ba82572d3c | 1b4519bd86c81a14bc7c8a6fd70e8d09","Equal weight to six rho/gamma pairs; descriptive, shared allocation streams"
"2019","both",1,"Checkerboard (graph adaptation)",0.215908889022986,0.2064881219552,0.230666216243594,-0.00738477887005697,0.936166666666667,0.93,0.942,2.82665427435906,2.6308819208257,3.00266106958898,0,0,27,27,27,0.504182396758149,0.504182396758149,0.504182396758149,0.0451424784300981,0.00807249435832351,"476b15c62994bb281a9cf916a47b9561 | 60d04456744dc4576924b53f9fc07f36 | 6460e74c096af07350269fc030e2ab51 | 37586c604b4349a0bfdaff187b0947fe | 578abc9f097b14a50fbd02ba82572d3c | 1b4519bd86c81a14bc7c8a6fd70e8d09","Equal weight to six rho/gamma pairs; descriptive, shared allocation streams"
"2020","both",1,"Checkerboard (graph adaptation)",0.215908889022986,0.2064881219552,0.230666216243594,-0.00738477887005697,0.936166666666667,0.93,0.942,2.82665427435906,2.6308819208257,3.00266106958898,0,0,27,27,27,0.504106224456118,0.504106224456118,0.504106224456118,0.0451424784300981,0.00807249435832351,"476b15c62994bb281a9cf916a47b9561 | 60d04456744dc4576924b53f9fc07f36 | 6460e74c096af07350269fc030e2ab51 | 37586c604b4349a0bfdaff187b0947fe | 578abc9f097b14a50fbd02ba82572d3c | 1b4519bd86c81a14bc7c8a6fd70e8d09","Equal weight to six rho/gamma pairs; descriptive, shared allocation streams"
"2021","both",1,"Checkerboard (graph adaptation)",0.215908889022986,0.2064881219552,0.230666216243594,-0.00738477887005697,0.936166666666667,0.93,0.942,2.82665427435906,2.6308819208257,3.00266106958898,0,0,27,27,27,0.506549694568102,0.506549694568102,0.506549694568102,0.0451424784300981,0.00807249435832351,"476b15c62994bb281a9cf916a47b9561 | 60d04456744dc4576924b53f9fc07f36 | 6460e74c096af07350269fc030e2ab51 | 37586c604b4349a0bfdaff187b0947fe | 578abc9f097b14a50fbd02ba82572d3c | 1b4519bd86c81a14bc7c8a6fd70e8d09","Equal weight to six rho/gamma pairs; descriptive, shared allocation streams"
"2018","control_only",1,"Checkerboard (graph adaptation)",0.920362628547988,0.842825194517837,0.955477877410203,0.00999581024431615,0.9335,0.922,0.943,2.991951896046,2.71936573668369,3.25760370255761,0,0,27,27,27,0.503966288284889,0.503966288284889,0.503966288284889,0.0468436229810795,0.00848457353011859,"5b8fcab525ce837734585cd23c48e4fd | f626abdcd52bffab7401d7ace2d8d803 | 92ab56b06e93459133eeb2d580fc83df | a4946688fe37a3794fa02f90e84f8f30 | ddfc2dcf2eb6943c622b8eab73de81e5 | 386381f5e313bf70dcd7a70fd69046ef","Equal weight to six rho/gamma pairs; descriptive, shared allocation streams"
"2019","control_only",1,"Checkerboard (graph adaptation)",0.920362628547988,0.842825194517837,0.955477877410203,0.00999581024431615,0.9335,0.922,0.943,2.991951896046,2.71936573668369,3.25760370255761,0,0,27,27,27,0.504182396758149,0.504182396758149,0.504182396758149,0.0468436229810795,0.00848457353011859,"5b8fcab525ce837734585cd23c48e4fd | f626abdcd52bffab7401d7ace2d8d803 | 92ab56b06e93459133eeb2d580fc83df | a4946688fe37a3794fa02f90e84f8f30 | ddfc2dcf2eb6943c622b8eab73de81e5 | 386381f5e313bf70dcd7a70fd69046ef","Equal weight to six rho/gamma pairs; descriptive, shared allocation streams"
"2020","control_only",1,"Checkerboard (graph adaptation)",0.920362628547988,0.842825194517837,0.955477877410203,0.00999581024431615,0.9335,0.922,0.943,2.991951896046,2.71936573668369,3.25760370255761,0,0,27,27,27,0.504106224456118,0.504106224456118,0.504106224456118,0.0468436229810795,0.00848457353011859,"5b8fcab525ce837734585cd23c48e4fd | f626abdcd52bffab7401d7ace2d8d803 | 92ab56b06e93459133eeb2d580fc83df | a4946688fe37a3794fa02f90e84f8f30 | ddfc2dcf2eb6943c622b8eab73de81e5 | 386381f5e313bf70dcd7a70fd69046ef","Equal weight to six rho/gamma pairs; descriptive, shared allocation streams"
"2021","control_only",1,"Checkerboard (graph adaptation)",0.920362628547988,0.842825194517837,0.955477877410203,0.00999581024431615,0.9335,0.922,0.943,2.991951896046,2.71936573668369,3.25760370255761,0,0,27,27,27,0.506549694568102,0.506549694568102,0.506549694568102,0.0468436229810795,0.00848457353011859,"5b8fcab525ce837734585cd23c48e4fd | f626abdcd52bffab7401d7ace2d8d803 | 92ab56b06e93459133eeb2d580fc83df | a4946688fe37a3794fa02f90e84f8f30 | ddfc2dcf2eb6943c622b8eab73de81e5 | 386381f5e313bf70dcd7a70fd69046ef","Equal weight to six rho/gamma pairs; descriptive, shared allocation streams"
"2018","both",2,"High Incidence Focus",0.0717218096788842,0.067769312888815,0.0763281242566734,0.0159504281135452,0.9345,0.926,0.945,0.93897366065369,0.894632399672834,1.00104117102134,5,1,29,29,29,0.222331266315861,0.222331266315861,0.222331266315861,0.0479213426550821,0.00828206451270416,"5f15f55bd9fe08658993fc41313af837 | 612945b1accf385a13f4486f39da892b | 551eb44da15459afcea1098f80732751 | 328e5e1791275cce63de92b733d949cd | 7dffc86776f3a6c9a85766792ebaaf1b | 3badd73313c6dd58b6f535ccedcb9099","Equal weight to six rho/gamma pairs; descriptive, shared allocation streams"
"2019","both",2,"High Incidence Focus",0.0718010960114566,0.0706757768729566,0.0743764239209149,0.00631345968977286,0.9365,0.927,0.943,0.940011668175651,0.886530784870713,1.00583784991898,5,1,29,29,29,0.235017910676067,0.235017910676067,0.235017910676067,0.0468900004941615,0.00823035471524408,"cf541114ef14b67dabe6b17a4b9f73f8 | c062ed326f379a8b23f37944a1c1bb69 | f2aef6718d57b521994f7ca8f9c68096 | 664c5821f9cb57f9a075246f775f919d | eaa05b5c09c2d6b8ccb4d48114a60c83 | c3dcbe9721e832aa7d1d2a641113597c","Equal weight to six rho/gamma pairs; descriptive, shared allocation streams"
"2020","both",2,"High Incidence Focus",0.0729176895097187,0.0700216207198424,0.0755262456686293,0.00937983524234684,0.931166666666667,0.926,0.942,0.954629981478389,0.909230336774062,1.02002501383427,4,1,29,29,29,0.233336934599855,0.233336934599855,0.233336934599855,0.0468877377583539,0.00828206451270416,"3117b0a7744ec63df769585afe40ffc0 | f413cf9e4ec6012cdac0bbb1a7171b3b | 9fcfb4f7b23ad9911c76e4b7f17adc3e | 343f6af7a98a22a237909145a92be1ac | b328311b0d1e7401e6219e8636cb25a9 | aa18670ebf45fc96edbcb23f3bec2f95","Equal weight to six rho/gamma pairs; descriptive, shared allocation streams"
"2021","both",2,"High Incidence Focus",0.0703102116908495,0.0663400430270945,0.0735054197546234,0.0104368795405072,0.933666666666667,0.922,0.941,0.920493182593659,0.854503161606618,0.970701688668009,6,2,29,29,29,0.223989677404995,0.223989677404995,0.223989677404995,0.046014852328587,0.00848457353011858,"7f71278e80ef03625b0b19f8af48f94b | f100338e65ed8312287e1de9a890efdd | e64e5f63b2770c5895978ff09018778d | 8f287e3c0762c56d3176750589e6a756 | b5dc2156d015a2ac06f760224a86dc24 | a21caad647f7d91a2036b1574919055c","Equal weight to six rho/gamma pairs; descriptive, shared allocation streams"
"2018","control_only",2,"High Incidence Focus",0.214260486133009,0.193803657160923,0.222777096691161,0.0237159599698724,0.931833333333333,0.92,0.942,0.696526616628012,0.665272812274345,0.739599887045309,6,6,29,29,29,0.222331266315861,0.222331266315861,0.222331266315861,0.0466205228424214,0.00858333697775365,"9703ebda1a670f9cc3da3ef29ec94415 | e5d4cb2b44270895fdc5b25c2383ba03 | 960d2475b1a980b2e9472e93b5a3049f | 1868e1e1f674b79aa4354d40cef95611 | a299a714b763b43bd6fc6a8fdfda3600 | 7915b218af0259ee7502418233365e06","Equal weight to six rho/gamma pairs; descriptive, shared allocation streams"
"2019","control_only",2,"High Incidence Focus",0.430192936706819,0.406067906888824,0.45943524484482,0.0226951222125023,0.931166666666667,0.922,0.949,1.39848852259048,1.29291095158023,1.50818031504385,0,0,29,29,29,0.235017910676067,0.235017910676067,0.235017910676067,0.0469279454004088,0.00848457353011859,"29703afafc3bb4504257159b4dc1a699 | fbb640550b5203cab22583a61422782d | d39be39efc6241515999607b1f5591a2 | e4dc9f9b380716be65e6699a089fd61a | 9b5da470a7ad418e7b7e823238109b00 | ac41bf01edb54aca658abc7dfc5feb2f","Equal weight to six rho/gamma pairs; descriptive, shared allocation streams"
"2020","control_only",2,"High Incidence Focus",0.259177569090755,0.24960741813804,0.271765367309584,0.0326782901941017,0.930333333333333,0.923,0.936,0.842544878725748,0.805355446089836,0.932893180847941,6,4,29,29,29,0.233336934599855,0.233336934599855,0.233336934599855,0.0467595247989201,0.00843458014024065,"88911148eca3299192051fa6b1c55183 | e935d44ca44cb12bf005bc71c303a970 | 8c3ab65e677edf8afb6892e3a289adf1 | 4b1e43a246810252f554a6120cb0bdd2 | f8067d908396f3c8db82076534fcb5bc | f5893618e3598f30db69a602dc58e6bb","Equal weight to six rho/gamma pairs; descriptive, shared allocation streams"
"2021","control_only",2,"High Incidence Focus",0.353184752044337,0.339372595891547,0.374637004569595,0.029567546142269,0.929166666666667,0.923,0.938,1.14814721475677,1.08377782374105,1.20811002991396,0,0,29,29,29,0.223989677404995,0.223989677404995,0.223989677404995,0.0475064404420269,0.00843458014024063,"4915a370a503e23c08ee1545809fbb1a | 86d7c5af329bff2dca88b0bcc1052022 | 11011b2b5e473e8fdf155a4e7c43a8d2 | 3e5857302b84154efa75f4f9a4f21962 | f036a13d1717553ffbed8b474a12dc71 | 1c05cef1fb42240c52b8d2354bb0c609","Equal weight to six rho/gamma pairs; descriptive, shared allocation streams"
"2018","both",3,"Saturation Regions",0.0751819101578955,0.0719970415182794,0.0797740448410328,0.0207933888273574,0.9349,0.9313,0.9372,0.984272897072196,0.959762525098671,1.00065609059182,4,0,29.03,28,30,0.491635585156093,0.322822927045663,0.649500767007145,0.0161870293198415,0.00270299123493984,"30321b058fa2ccf4864355bcc8e7a125 | 78a1b8d9ab756be2c56d42b17fe98b18 | ef2ff02eaec9ed87479557e8017d756c | 50f0f843fd322d6d6b4e490d8f43fb70 | f81eea5398de473dc89d50ea4918ccf8 | 0ca0f17e0642e0418036a0bdba566439","Equal weight to six rho/gamma pairs; descriptive, shared allocation streams"
"2019","both",3,"Saturation Regions",0.0751819101578955,0.0719970415182794,0.0797740448410328,0.0207933888273574,0.9349,0.9313,0.9372,0.984272897072196,0.959762525098671,1.00065609059182,4,0,29.03,28,30,0.491534701072885,0.32188766739931,0.650900423662404,0.0161870293198415,0.00270299123493984,"30321b058fa2ccf4864355bcc8e7a125 | 78a1b8d9ab756be2c56d42b17fe98b18 | ef2ff02eaec9ed87479557e8017d756c | 50f0f843fd322d6d6b4e490d8f43fb70 | f81eea5398de473dc89d50ea4918ccf8 | 0ca0f17e0642e0418036a0bdba566439","Equal weight to six rho/gamma pairs; descriptive, shared allocation streams"
"2020","both",3,"Saturation Regions",0.0751819101578955,0.0719970415182794,0.0797740448410328,0.0207933888273574,0.9349,0.9313,0.9372,0.984272897072196,0.959762525098671,1.00065609059182,4,0,29.03,28,30,0.491423592625564,0.321153402400629,0.65209345473973,0.0161870293198415,0.00270299123493984,"30321b058fa2ccf4864355bcc8e7a125 | 78a1b8d9ab756be2c56d42b17fe98b18 | ef2ff02eaec9ed87479557e8017d756c | 50f0f843fd322d6d6b4e490d8f43fb70 | f81eea5398de473dc89d50ea4918ccf8 | 0ca0f17e0642e0418036a0bdba566439","Equal weight to six rho/gamma pairs; descriptive, shared allocation streams"
"2021","both",3,"Saturation Regions",0.0751819101578955,0.0719970415182794,0.0797740448410328,0.0207933888273574,0.9349,0.9313,0.9372,0.984272897072196,0.959762525098671,1.00065609059182,4,0,29.03,28,30,0.491315364211366,0.318808270750489,0.654058130442397,0.0161870293198415,0.00270299123493984,"30321b058fa2ccf4864355bcc8e7a125 | 78a1b8d9ab756be2c56d42b17fe98b18 | ef2ff02eaec9ed87479557e8017d756c | 50f0f843fd322d6d6b4e490d8f43fb70 | f81eea5398de473dc89d50ea4918ccf8 | 0ca0f17e0642e0418036a0bdba566439","Equal weight to six rho/gamma pairs; descriptive, shared allocation streams"
"2018","control_only",3,"Saturation Regions",0.223289282758061,0.207684649180941,0.237679162761045,0.0464246047524709,0.92625,0.9234,0.9296,0.725877792287933,0.712922308334408,0.756819958026521,6,6,29.03,28,30,0.491635585156093,0.322822927045663,0.649500767007145,0.0249416619814845,0.00276054452248212,"4b9b44cbc258f2f5391cc6d572187968 | e70dca5f5f65bf10e062f0e66e96179d | 88acb13e2e1c02798c4706aa4051df03 | d506bd5e0e0c4b001e023d9372d988cc | e3626958d01e5b952b91830fd010ad4b | e066ac977a6ebba11e47c5ed49950cee","Equal weight to six rho/gamma pairs; descriptive, shared allocation streams"
"2019","control_only",3,"Saturation Regions",0.223289282758061,0.207684649180941,0.237679162761045,0.0464246047524709,0.92625,0.9234,0.9296,0.725877792287933,0.712922308334408,0.756819958026521,6,6,29.03,28,30,0.491534701072885,0.32188766739931,0.650900423662404,0.0249416619814845,0.00276054452248212,"4b9b44cbc258f2f5391cc6d572187968 | e70dca5f5f65bf10e062f0e66e96179d | 88acb13e2e1c02798c4706aa4051df03 | d506bd5e0e0c4b001e023d9372d988cc | e3626958d01e5b952b91830fd010ad4b | e066ac977a6ebba11e47c5ed49950cee","Equal weight to six rho/gamma pairs; descriptive, shared allocation streams"
"2020","control_only",3,"Saturation Regions",0.223289282758061,0.207684649180941,0.237679162761045,0.0464246047524709,0.92625,0.9234,0.9296,0.725877792287933,0.712922308334408,0.756819958026521,6,6,29.03,28,30,0.491423592625564,0.321153402400629,0.65209345473973,0.0249416619814845,0.00276054452248212,"4b9b44cbc258f2f5391cc6d572187968 | e70dca5f5f65bf10e062f0e66e96179d | 88acb13e2e1c02798c4706aa4051df03 | d506bd5e0e0c4b001e023d9372d988cc | e3626958d01e5b952b91830fd010ad4b | e066ac977a6ebba11e47c5ed49950cee","Equal weight to six rho/gamma pairs; descriptive, shared allocation streams"
"2021","control_only",3,"Saturation Regions",0.223289282758061,0.207684649180941,0.237679162761045,0.0464246047524709,0.92625,0.9234,0.9296,0.725877792287933,0.712922308334408,0.756819958026521,6,6,29.03,28,30,0.491315364211366,0.318808270750489,0.654058130442397,0.0249416619814845,0.00276054452248212,"4b9b44cbc258f2f5391cc6d572187968 | e70dca5f5f65bf10e062f0e66e96179d | 88acb13e2e1c02798c4706aa4051df03 | d506bd5e0e0c4b001e023d9372d988cc | e3626958d01e5b952b91830fd010ad4b | e066ac977a6ebba11e47c5ed49950cee","Equal weight to six rho/gamma pairs; descriptive, shared allocation streams"
"2018","both",4,"Isolation Buffer",0.285912124627083,0.277261718769203,0.296856390441049,0.00883208976789603,0.931649999999999,0.9282,0.934899999999999,3.74312856142843,3.63627952788116,3.8541239829087,0,0,15.89,13,19,0.267204467193486,0.152301084537376,0.455285313406502,0.0322256997167283,0.00289372361562682,"fddfeaf185b919e3d89611d67e327af6 | d71c57dea1c8193c83eebf6983d00200 | 29cfe9dd1235e941fa8fce8ce5ff1864 | fb81578b1ade7d6ed28b198e3ac6e754 | 04643d18f03194ceaf4b4c0770692786 | 034331576df0fe666e15cbbb3a6aa539","Equal weight to six rho/gamma pairs; descriptive, shared allocation streams"
"2019","both",4,"Isolation Buffer",0.285912124627083,0.277261718769203,0.296856390441049,0.00883208976789603,0.931649999999999,0.9282,0.934899999999999,3.74312856142843,3.63627952788116,3.8541239829087,0,0,15.89,13,19,0.267265079886505,0.152490724940413,0.456939305564785,0.0322256997167283,0.00289372361562682,"fddfeaf185b919e3d89611d67e327af6 | d71c57dea1c8193c83eebf6983d00200 | 29cfe9dd1235e941fa8fce8ce5ff1864 | fb81578b1ade7d6ed28b198e3ac6e754 | 04643d18f03194ceaf4b4c0770692786 | 034331576df0fe666e15cbbb3a6aa539","Equal weight to six rho/gamma pairs; descriptive, shared allocation streams"
"2020","both",4,"Isolation Buffer",0.285912124627083,0.277261718769203,0.296856390441049,0.00883208976789603,0.931649999999999,0.9282,0.934899999999999,3.74312856142843,3.63627952788116,3.8541239829087,0,0,15.89,13,19,0.267183933438603,0.152706398628355,0.458054716561069,0.0322256997167283,0.00289372361562682,"fddfeaf185b919e3d89611d67e327af6 | d71c57dea1c8193c83eebf6983d00200 | 29cfe9dd1235e941fa8fce8ce5ff1864 | fb81578b1ade7d6ed28b198e3ac6e754 | 04643d18f03194ceaf4b4c0770692786 | 034331576df0fe666e15cbbb3a6aa539","Equal weight to six rho/gamma pairs; descriptive, shared allocation streams"
"2021","both",4,"Isolation Buffer",0.285912124627083,0.277261718769203,0.296856390441049,0.00883208976789603,0.931649999999999,0.9282,0.934899999999999,3.74312856142843,3.63627952788116,3.8541239829087,0,0,15.89,13,19,0.267083421758473,0.151851301708227,0.457408089505357,0.0322256997167283,0.00289372361562682,"fddfeaf185b919e3d89611d67e327af6 | d71c57dea1c8193c83eebf6983d00200 | 29cfe9dd1235e941fa8fce8ce5ff1864 | fb81578b1ade7d6ed28b198e3ac6e754 | 04643d18f03194ceaf4b4c0770692786 | 034331576df0fe666e15cbbb3a6aa539","Equal weight to six rho/gamma pairs; descriptive, shared allocation streams"
"2018","control_only",4,"Isolation Buffer",0.285747515193825,0.279242054207097,0.293235535048839,0.0105922879630335,0.931283333333333,0.9298,0.9328,0.928919529493935,0.897196741831658,0.95855851963292,6,2,15.89,13,19,0.267204467193486,0.152301084537376,0.455285313406502,0.0317342913027567,0.00270158950593643,"d75de2e35fdae027a223dcfb5702a718 | 9d4e1af5265c7bb5799c228ef94a873f | fa2ab6ef8edf14a8cd1cfddafb940896 | 4d4863a3a3e4960a0b278c0960715461 | 1585df1bcdd1e01e4f232e8396623c6f | ed2bd75532f4cf754791c688789b4252","Equal weight to six rho/gamma pairs; descriptive, shared allocation streams"
"2019","control_only",4,"Isolation Buffer",0.285747515193825,0.279242054207097,0.293235535048839,0.0105922879630335,0.931283333333333,0.9298,0.9328,0.928919529493935,0.897196741831658,0.95855851963292,6,2,15.89,13,19,0.267265079886505,0.152490724940413,0.456939305564785,0.0317342913027567,0.00270158950593643,"d75de2e35fdae027a223dcfb5702a718 | 9d4e1af5265c7bb5799c228ef94a873f | fa2ab6ef8edf14a8cd1cfddafb940896 | 4d4863a3a3e4960a0b278c0960715461 | 1585df1bcdd1e01e4f232e8396623c6f | ed2bd75532f4cf754791c688789b4252","Equal weight to six rho/gamma pairs; descriptive, shared allocation streams"
"2020","control_only",4,"Isolation Buffer",0.285747515193825,0.279242054207097,0.293235535048839,0.0105922879630335,0.931283333333333,0.9298,0.9328,0.928919529493935,0.897196741831658,0.95855851963292,6,2,15.89,13,19,0.267183933438603,0.152706398628355,0.458054716561069,0.0317342913027567,0.00270158950593643,"d75de2e35fdae027a223dcfb5702a718 | 9d4e1af5265c7bb5799c228ef94a873f | fa2ab6ef8edf14a8cd1cfddafb940896 | 4d4863a3a3e4960a0b278c0960715461 | 1585df1bcdd1e01e4f232e8396623c6f | ed2bd75532f4cf754791c688789b4252","Equal weight to six rho/gamma pairs; descriptive, shared allocation streams"
"2021","control_only",4,"Isolation Buffer",0.285747515193825,0.279242054207097,0.293235535048839,0.0105922879630335,0.931283333333333,0.9298,0.9328,0.928919529493935,0.897196741831658,0.95855851963292,6,2,15.89,13,19,0.267083421758473,0.151851301708227,0.457408089505357,0.0317342913027567,0.00270158950593643,"d75de2e35fdae027a223dcfb5702a718 | 9d4e1af5265c7bb5799c228ef94a873f | fa2ab6ef8edf14a8cd1cfddafb940896 | 4d4863a3a3e4960a0b278c0960715461 | 1585df1bcdd1e01e4f232e8396623c6f | ed2bd75532f4cf754791c688789b4252","Equal weight to six rho/gamma pairs; descriptive, shared allocation streams"
"2018","both",5,"2x2 Blocking",0.0760945962459359,0.0738033665454881,0.0793697792138138,0.00989532855854125,0.933366666666666,0.9311,0.937199999999999,0.996221678076913,0.984082491353489,1.00840843559088,4,0,28,28,28,0.499569183981382,0.437579784834145,0.546772133567148,0.0197833677875424,0.00275349181435449,"abe1d1f3c65552e7e46f792c26f91da1 | 5bdb1c22c7d3df9116e20d53b05da54a | 5c9626e20e537871299deb9823c3249b | 3425e9f95e647a7f532163891b3a42ab | f5dab561f6d973abc329a5190f7699ff | 97764ba626f6559fff8b977fe75f83b0","Equal weight to six rho/gamma pairs; descriptive, shared allocation streams"
"2019","both",5,"2x2 Blocking",0.0780795887205386,0.0759074457790839,0.08238664411138,0.0142966484747012,0.9304,0.9256,0.937599999999999,1.02220897062562,1.00206505681697,1.03865782458062,0,0,30.9999999999999,31,31,0.551429520517974,0.49943186733687,0.591913364235571,0.018331167499519,0.00264765953440034,"e0b3c662e320b616684d6478fde34040 | 6b5099a38128b1536bc68d0bd67dfb80 | ec08ff1f275831d406352d59dea1d967 | cb263df28ae50fe4585ab9cab86509d6 | a3c31edad2bbfa6e8a7c4e41c23afdb2 | ec7afeec874928b3a6dc9f04a70ab015","Equal weight to six rho/gamma pairs; descriptive, shared allocation streams"
"2020","both",5,"2x2 Blocking",0.0776370132940254,0.0762765325112775,0.0794307467782069,0.0122293290829772,0.933133333333333,0.9309,0.935799999999999,1.01641482418384,0.99634988676149,1.03153417999765,1,0,27,27,27,0.480417039153157,0.421823737571337,0.552645260363763,0.018637541250505,0.00288633142430129,"8b4180101ee4718bc2f7345619843068 | 50826606385c3edef1a35ca628014f0f | 21922585f71c9ddebca9f3694b7bf08d | 04e85fe8c7fc9ba937908d6803b49647 | d9886e3e4cc79edc2435c66bac0e45ee | dbfe8c6882e0b1816c2bfabf1d798be5","Equal weight to six rho/gamma pairs; descriptive, shared allocation streams"
"2021","both",5,"2x2 Blocking",0.0773554853795318,0.0754620841068958,0.0783427243348444,0.0106845280141675,0.931216666666666,0.928999999999999,0.9346,1.01272909319585,0.982702135957067,1.03613062198446,2,0,28.9999999999999,29,29,0.503473759411384,0.39228380458974,0.614688862265601,0.0202547464410378,0.0025595730388903,"e713d0f427f92f2b6b229e8716d18be5 | 6f374d36c9757361d6fcc43c6c17dac7 | cfa2a65f4f79405ef125e325bf1054c2 | 3fd2a5f57f1f51716ba859ebbfde5864 | 456080145eeb47fc65956136cb6541ca | aaf2201df67897c0ee260e5a517a0d75","Equal weight to six rho/gamma pairs; descriptive, shared allocation streams"
"2018","control_only",5,"2x2 Blocking",0.306217831591185,0.294808546027219,0.323862533017482,0.028143736775508,0.929066666666666,0.9268,0.9308,0.995465258381652,0.967411963535395,1.03124575918788,3,0,28,28,28,0.499569183981382,0.437579784834145,0.546772133567148,0.0305905812230119,0.00260876533357383,"8f2d981e86bf473d3505a1f5cbecad11 | dd8cd4280c404e2ab3b5b8dd0e1f02bd | fac4eadf96044d5425b04e3bf560786e | 34db0c5354a21e5bc51acbc04ddabc64 | 17a61d8e066ae4f40fa807d52635add1 | 98a9100b4f51b7e11c11c639c2865098","Equal weight to six rho/gamma pairs; descriptive, shared allocation streams"
"2019","control_only",5,"2x2 Blocking",0.436296247909227,0.418252550695085,0.456023427257328,0.0313836236441914,0.927599999999999,0.9223,0.9322,1.41832941242866,1.39146052840535,1.44173962618302,0,0,30.9999999999999,31,31,0.551429520517974,0.49943186733687,0.591913364235571,0.0369719975653309,0.00279196176640199,"4099b990de04acb963486ecb55bcca4f | 3c5408b31b8ce8e9fbf3f080d905905f | 87ea15518651ab43371a26ade85809de | 546c6953f6e7bd7c693dbf9f69692a78 | 8451e9042db8e884284694c94e2e6c96 | 73a463478d354a4ed7a4f2df663f2df2","Equal weight to six rho/gamma pairs; descriptive, shared allocation streams"
"2020","control_only",5,"2x2 Blocking",0.318479536244853,0.308702678181856,0.324710491644589,0.0281461212121326,0.9304,0.927299999999999,0.9335,1.03532610165076,1.00064847548424,1.06255558244063,0,0,27,27,27,0.480417039153157,0.421823737571337,0.552645260363763,0.0301384514099993,0.00268047560984044,"e593c93a1f01bc3ea995476c6fb24c37 | e9d69e1c288a54d0c32531edcf148a6f | 39a5316f86baf7782b19790ebdc6c3c3 | a4137c326a24c4b5cc4c53b1f14c8611 | d07a1684d3667819aa0e7280caed7452 | e330c8860753b0243fdc29d5011c67ae","Equal weight to six rho/gamma pairs; descriptive, shared allocation streams"
"2021","control_only",5,"2x2 Blocking",0.361682169006904,0.344098890160446,0.372228335216275,0.0289257206931486,0.92835,0.924599999999999,0.932599999999999,1.17577096001113,1.13025952199746,1.21222198360459,0,0,28.9999999999999,29,29,0.503473759411384,0.39228380458974,0.614688862265601,0.0332821109011774,0.0027244497173973,"380971e22bacc391120daf63363594c2 | c2320c3fba9033d2c0426c3abed30ba8 | 24acfbf6a1227ac883993ef6ff2ebea1 | 5f222fd3b9012ce3ebed3981ca98bbd8 | 3c4d56c2abe8e3086c49b8f683bc627d | 29d248783c2dc04dcf2107d531e920c1","Equal weight to six rho/gamma pairs; descriptive, shared allocation streams"
"2018","both",6,"Balanced Quartiles",0.0761014289500416,0.0743308773235206,0.0794028425622618,0.0169970768706046,0.932516666666666,0.9293,0.9346,0.99631113105105,0.975161588395631,1.01953517104774,4,0,28.9999999999999,29,29,0.485274677532023,0.338697072247593,0.664359913449033,0.0166083314528624,0.00273798569327264,"e2a724c16855b2170682cd5367e746b5 | c814234705daaa5ecc8767fa7942988f | fe2d471616228622523af4cf39868d57 | c45dfe416fa22e1c7df356647bfe1b41 | 636a803f2427e523b3b10271159d1463 | b7b216238da8d12ad0c30e54aadf1766","Equal weight to six rho/gamma pairs; descriptive, shared allocation streams"
"2019","both",6,"Balanced Quartiles",0.0762355533661692,0.0738235573296225,0.0796765883449087,0.017492450464824,0.93315,0.9288,0.9359,0.99806707243845,0.981673815169423,1.01207737519693,3,0,28.9999999999999,29,29,0.496893680985595,0.333415196678908,0.675772252933602,0.0190071885829205,0.00283655787990667,"aefadd9706f6c56fa27fd45e1a255223 | 20689e5bfe68a6f800c5261650be079f | 49a348151fa41cbf7ecedc72e4803528 | f5225e760e5ddee8442ea47970777c77 | 3fdede2a068d610ff1971c47bb0e9108 | 54db08bd7450ff44a6f44ad3b67d6a44","Equal weight to six rho/gamma pairs; descriptive, shared allocation streams"
"2020","both",6,"Balanced Quartiles",0.0753047626700121,0.0725855603924362,0.0773868912074743,0.0158317740207458,0.93325,0.9304,0.9365,0.985881267992269,0.96516870524464,0.996793794310422,6,0,28.9999999999999,29,29,0.506067384172184,0.376723963233359,0.640716991347905,0.0169559005453409,0.00271888271764768,"15a9c2643f670ffc19dbb4e21842b7ba | 1eed7f56b757a0c5badd0972469cb018 | 290bb50469b15d1c1293df45b193cef3 | c43fd08f739a4967e86a1aa2cfbefb9f | 0cae05b142914e401e5793522bc4e3c4 | f2bd9a836fa4f45925ce5cf5961c362d","Equal weight to six rho/gamma pairs; descriptive, shared allocation streams"
"2021","both",6,"Balanced Quartiles",0.0745257735039681,0.072490743808584,0.0785299200195802,0.0175103417929015,0.934133333333333,0.9311,0.9376,0.975682831671089,0.960443517898808,0.990166055774736,6,0,28.9999999999999,29,29,0.498010855541633,0.354419554195092,0.647821665671514,0.0163541411687765,0.00267564775504753,"8ece02c5641c6437a122d2bb6b33a7ee | 9fa43a4d24a3899edf0961b655b8923c | 0ab57dcbd3af920a23a01a0e084ab54c | 3dcff9ef46c9ac07cf4c3a6c5d3370d8 | e46d331c9cb6c53c419ac59b53a52d2c | ec65ce9f89a5900dafe7c0beefee4612","Equal weight to six rho/gamma pairs; descriptive, shared allocation streams"
"2018","control_only",6,"Balanced Quartiles",0.293523150066968,0.28139751209463,0.30409155134791,0.0314957552671199,0.9286,0.926899999999999,0.929699999999999,0.954196876465707,0.933229822787494,0.975223030786828,6,0,28.9999999999999,29,29,0.485274677532023,0.338697072247593,0.664359913449033,0.0369975269547969,0.0031311243018985,"45a63f615354932500432f08a392e6df | c8d1bf5297f287a43e1f3e2bbf4ddd8c | 45f9b7b30e166fad3970b136145b1188 | 3701302027e05494ede7026f5ccd874b | 2f901804ced82395096a2613c31b0cfc | fe6a8f6dccc70d4e44b2e8dbe13ebd4f","Equal weight to six rho/gamma pairs; descriptive, shared allocation streams"
"2019","control_only",6,"Balanced Quartiles",0.306161298512403,0.294928563464585,0.320843421030719,0.0366766476350321,0.929116666666666,0.9256,0.9334,0.995281478372552,0.961687140494797,1.02163227780164,3,0,28.9999999999999,29,29,0.496893680985595,0.333415196678908,0.675772252933602,0.0412205496750369,0.00273887096107395,"1b0975e6fff42936ed0a2f6fffa1cc3f | 1bda0e39bee3ea9a0859e6baf914767f | 8672352d7a2f281bdf69a00840689dfc | 24b9cbfb863bf89518470ab6ed7047cc | 9f033539b532e3660ad045ff534f79f7 | 578cfe38335933371b4db141bf20a2e4","Equal weight to six rho/gamma pairs; descriptive, shared allocation streams"
"2020","control_only",6,"Balanced Quartiles",0.289324546165216,0.279380466776376,0.298503875948051,0.0355544671616432,0.927466666666666,0.9231,0.9303,0.940547885823387,0.920536346884198,0.959033650600865,6,0,28.9999999999999,29,29,0.506067384172184,0.376723963233359,0.640716991347905,0.0355888773397989,0.00272546910057366,"bccc11560960d80cfb34b6080ff76704 | 52de61953e9cf40b740696a33254236f | 0cca042fb0392142b113b1eeb3f144ec | 1f91d62a1603e6869ef8779ed8ceb8ed | dd85c2baee755599ebd91197f2039b26 | 8b631759455acc4647ec039e0ec016a6","Equal weight to six rho/gamma pairs; descriptive, shared allocation streams"
"2021","control_only",6,"Balanced Quartiles",0.284385175341448,0.27148219211777,0.301081612210576,0.0354382137386592,0.929083333333333,0.924,0.9325,0.924490780240164,0.890681202455834,0.954186571609736,6,2,28.9999999999999,29,29,0.498010855541633,0.354419554195092,0.647821665671514,0.031915666848613,0.00285819749655144,"9cf8114e5b767ff83c9f36134b236865 | d58dd0361a4813c3fa417b057c693905 | 5890c45ac441c389e78e4d2b2e7ead61 | 491118b78d5155efb016af17937b4060 | caad5127ba136724d6427ca491c90b81 | 8ed66f080a2da54563dafa7a24f138ed","Equal weight to six rho/gamma pairs; descriptive, shared allocation streams"
"2018","both",7,"Balanced Halves",0.074581094411224,0.0721971502566398,0.0780341336980045,0.0158092465064432,0.933733333333333,0.9307,0.9368,0.976407086608734,0.947812956067491,0.993216583601194,6,1,28.9999999999999,29,29,0.500496686819403,0.346835046452679,0.66996954057187,0.0173849515503661,0.0027816135133001,"aa28123ac90be92fb9a21f8841354279 | 30e6558ff60cdb6c7f3ad69320f1ad35 | 543df8afcf034849fc9f6bc6ca5847dd | bd9ffadc7ca12c62c43a6db0200bf31d | fbcfb19f83b06536b26b793890b1558e | 68568898067b98fead51e4e19d8d54ea","Equal weight to six rho/gamma pairs; descriptive, shared allocation streams"
"2019","both",7,"Balanced Halves",0.0751719100779059,0.0726609308619585,0.0792047105874706,0.0167392476295419,0.9343,0.93,0.936799999999999,0.984141977178279,0.963097330372155,0.998203501771881,6,0,28.9999999999999,29,29,0.505344590875523,0.34749297552939,0.664370261381774,0.0183199649253696,0.00271962564268754,"77c85efc47892e1d509e66d4f308fe25 | 61ea6f382e8b494bdffbd7fb28976b9d | c08412c3d7aa787909585bef05f523f3 | e169f5ec96ceea11a203f271f17737c2 | 9ea01b0bc979d5bd81ffc73f0f489d8a | c9d0c80ed2bc56afaca410eb41fa5a7e","Equal weight to six rho/gamma pairs; descriptive, shared allocation streams"
"2020","both",7,"Balanced Halves",0.0746645217272895,0.0729392522664052,0.0790183286482472,0.0149599463002726,0.933633333333333,0.9303,0.9367,0.977499307409009,0.966459912565865,0.991176666393423,6,0,28.9999999999999,29,29,0.492143962502697,0.33044607514511,0.651453345227921,0.0181232608980704,0.00266990333877162,"a7301afd44aa05b9846a77df4941e148 | 9a6661fe066dc626a1204007dbf33a9c | 444560b6532ab289306e691a4724bf3c | 6b34f86268370c26509121dfbf36fc43 | e4dc8e3d0028473362d9d629dcdcddc6 | 68bbd38b6558ac1b2ab4df428e35fd0e","Equal weight to six rho/gamma pairs; descriptive, shared allocation streams"
"2021","both",7,"Balanced Halves",0.0758372141648501,0.073599997966034,0.0779344357491783,0.016036013087921,0.931916666666666,0.929,0.9339,0.992852061555163,0.977580715064093,1.00840151206506,4,0,28.9999999999999,29,29,0.494090795062701,0.338069932551647,0.647222873549911,0.0167075958603712,0.00261809939544786,"7012d6a20818197293a4221eb0927ab7 | da512e20e335af1a735a816ecb41f449 | a4560b6638df8d972d75fc90db50bc1e | b6efd995d6887c8b1ed0a36f9ce196f4 | 2732294720fa74b59bb2755541741e1e | 46469a2466b7590297aa00fede10afda","Equal weight to six rho/gamma pairs; descriptive, shared allocation streams"
"2018","control_only",7,"Balanced Halves",0.291012332339624,0.28112541300604,0.303549962624529,0.039505606241159,0.929733333333333,0.928,0.9327,0.946034609086595,0.916475196387825,0.978836457075885,6,0,28.9999999999999,29,29,0.500496686819403,0.346835046452679,0.66996954057187,0.0348548681019143,0.00278059654961254,"f2ae898c57b0eec140db237b9ba5363b | 77992d4c4434b89eeff142d8a1b078fe | 795cea8b9418c975873d6b7a63286b28 | cc282ead2f3b36e672a7dedb5a0cb789 | 84f7011ba90f0373ebd96c256399c43c | d14578513fd4104a3b9baaf78c3a2512","Equal weight to six rho/gamma pairs; descriptive, shared allocation streams"
"2019","control_only",7,"Balanced Halves",0.299545301796384,0.284388743450873,0.316034056100292,0.0360184642010202,0.9301,0.9264,0.9347,0.973773929820785,0.955868515587433,0.988815540613726,6,0,28.9999999999999,29,29,0.505344590875523,0.34749297552939,0.664370261381774,0.0321297130925764,0.00290773958513301,"bcf8e38778ac58cb78ebe58ed4a0b490 | b3ea23d9cce6c34a1aa1ff6703d59771 | 7a10962ea727da0e11e61a1ebc0d59e1 | 02a32f7afefd0ee4631b298ecd2cb887 | 732d1fe30f09d35fdfa5fdd072cf247f | 7e9ad003462bfeb76eb68640fd5d659e","Equal weight to six rho/gamma pairs; descriptive, shared allocation streams"
"2020","control_only",7,"Balanced Halves",0.306095048206832,0.293387028512795,0.316115173330587,0.0372056847344046,0.929766666666666,0.926899999999999,0.9322,0.995066109211289,0.968413732894155,1.03046577823769,4,0,28.9999999999999,29,29,0.492143962502697,0.33044607514511,0.651453345227921,0.0349702416754134,0.00305959329178097,"1384ecd7a9f51535d5ffe7490f662c02 | ea2f595840bc68118026480e47d21520 | 0f71488eb83545930a3a80343143f32d | fffdcf34902c7db3c81d6cf5c9d6ddf7 | 7e104fe0ac993525c8bc0903e1e01e7a | b0d847e267ee662850c478e2bcde0e7b","Equal weight to six rho/gamma pairs; descriptive, shared allocation streams"
"2021","control_only",7,"Balanced Halves",0.290894627979781,0.280523230961547,0.298993002920289,0.0340433527371029,0.929216666666666,0.9236,0.933799999999999,0.945651971013643,0.905401426100547,0.964697463884833,6,1,28.9999999999999,29,29,0.494090795062701,0.338069932551647,0.647222873549911,0.0363259931107852,0.00278712769856008,"2378f49b7f710b72c832d4e2ba617aa1 | cf283877d2a5b5496a0da6e7a209b066 | 1b2d6e674f14f55c752dde78e249bb0a | ad6107f83c2c5dd0f9667d4149bb362b | d920182e31b8b910199639c6403aa249 | aa3ca46b8ea9a5fc6a9884541d215e65","Equal weight to six rho/gamma pairs; descriptive, shared allocation streams"
"2018","both",8,"Incidence-Guided Saturation Regions",0.0742751207748956,0.0708379842740249,0.0771169731903642,0.0173531787336753,0.935166666666666,0.93,0.9377,0.972401315049802,0.957985367386605,0.998495649255633,6,1,28.9999999999999,29,29,0.531776757380275,0.397256064278417,0.673031574443865,0.0154157913838664,0.00284438131243071,"ddb015fe87b4ca59ca7a80491c36a42b | de93e27c0b7413abe0ed53b26faa4a66 | dbf3e1ff1850c381f24c5cdbce89ec8c | 758bc719e8468dd749999aac45cf53c4 | 59cbf172e71eddc86bf96e3d1752df4a | 0bf79da2d5f5b1d79964ffc26907b169","Equal weight to six rho/gamma pairs; descriptive, shared allocation streams"
"2019","both",8,"Incidence-Guided Saturation Regions",0.0762772351983313,0.0734378873046043,0.0812122708237182,0.0233313878159987,0.9347,0.9307,0.9382,0.998612766177959,0.981612982187122,1.01869666496772,3,0,28.9999999999999,29,29,0.450668736811486,0.272277382897279,0.586272159524756,0.0167706167289938,0.00259517812393475,"ae5dad6f795124422973ef6da8837859 | 6226af440d48367f2351fcfe164fc1fa | c842e9080385005ba13da027b6d580c0 | 6b71b97cc4e492c578aec24edff31627 | 8b12293b437e468c3be830965fdba607 | 692c96d78e29322dd5fd6e0287c69d65","Equal weight to six rho/gamma pairs; descriptive, shared allocation streams"
"2020","both",8,"Incidence-Guided Saturation Regions",0.0768213499257263,0.0739591007939548,0.0804168870813864,0.0208730951578636,0.932833333333333,0.9291,0.9351,1.00573625343637,0.969971495925927,1.02745233969875,1,0,28.9999999999999,29,29,0.47900833297685,0.274854437535772,0.653646422865086,0.0154377080199095,0.00248264684430455,"17801674a946f1cca9eb2aedb9678d4b | 87eee249160534bce7426191921aa8b2 | d697a0bdb129e4856a45596b9e3a6dd0 | 0809b182e907478d1ff86173f263a4e9 | f664639e2765fa1f59ffca2ad287fd3e | fa19259617e12811ddf23f44f67c57f4","Equal weight to six rho/gamma pairs; descriptive, shared allocation streams"
"2021","both",8,"Incidence-Guided Saturation Regions",0.0745015471690565,0.0720930241825816,0.0789734948908501,0.0197042951882861,0.9364,0.932799999999999,0.9396,0.975365663288445,0.957961506847481,0.990614288335586,6,0,28.9999999999999,29,29,0.517550747014038,0.324903770520107,0.650253930210886,0.0148325959737892,0.00269640613791878,"97d349c541962958079fa60a1c7e76f0 | dc7bc914cfa7fdcc1d31351919112376 | 64e76e23efe2e61484efaccec8bf9f8f | 83b1a84c374fe8e19bb80fdfe4eceeaf | 88b50956854f497c84e3a874b9002e25 | 4520d0da7d76c14c4342b996ef8571d4","Equal weight to six rho/gamma pairs; descriptive, shared allocation streams"
"2018","control_only",8,"Incidence-Guided Saturation Regions",0.242853275841949,0.2326656078421,0.253173868892418,0.0463719209020582,0.927833333333333,0.9243,0.9307,0.789477208850419,0.7742490848868,0.809849646290404,6,6,28.9999999999999,29,29,0.531776757380275,0.397256064278417,0.673031574443865,0.0282189663604795,0.0028125979219766,"33f9842bc4b025e331785d6d5e4a6464 | 6a8466744b913814f1157a9a8f2f3938 | dba86105416f29f278a21752a0a7527b | bbf2ef314b3b524e35a811ea631ca5c8 | 82e8bc22a33026cf5a55fcb4ef166e80 | c09faebd68c54be6ba005472612647ac","Equal weight to six rho/gamma pairs; descriptive, shared allocation streams"
"2019","control_only",8,"Incidence-Guided Saturation Regions",0.215648352495403,0.199009725314557,0.23529623360843,0.0522043070254923,0.925783333333333,0.919599999999999,0.928599999999999,0.7010383484885,0.675989202272588,0.749232215288318,6,6,28.9999999999999,29,29,0.450668736811486,0.272277382897279,0.586272159524756,0.0229327609435718,0.00271194514410717,"912a2e63a139da1130a9ed80d7012b3c | cb29bfa5ed638c3e7ea418402092640b | 07fa190afd20364342fa66a4d142a447 | daa23fcb8cb582d335c60dfe186ad1f2 | e6ee0dbb6b2d29388af8436f6c1dd5fb | 2cf8a2c8bffc6c2c15ab3e6ab2c6f7e3","Equal weight to six rho/gamma pairs; descriptive, shared allocation streams"
"2020","control_only",8,"Incidence-Guided Saturation Regions",0.220291575988431,0.209673827918866,0.231512890581268,0.0473648449292873,0.925933333333333,0.9236,0.927999999999999,0.716132726403048,0.694554812494259,0.737185263095476,6,6,28.9999999999999,29,29,0.47900833297685,0.274854437535772,0.653646422865086,0.0260919239590659,0.00289897230135791,"b85e8178250f7c0b9a251b7c711b7589 | b7fa0b17a0b246abda6459cef529ff05 | 9b3d6dfbb380acd395ed0d9eff84e5e5 | 111dd3b3d841ba8b07d59c3a18e12f83 | de4c9ead6925310f6d0ee3279375db84 | 249944e2f13e698b8545761f696a16de","Equal weight to six rho/gamma pairs; descriptive, shared allocation streams"
"2021","control_only",8,"Incidence-Guided Saturation Regions",0.237322041299245,0.22785526083401,0.246200582711024,0.0450925643597568,0.926483333333333,0.9233,0.928899999999999,0.771496048855226,0.75358427168643,0.788388381229997,6,6,28.9999999999999,29,29,0.517550747014038,0.324903770520107,0.650253930210886,0.0287379673206103,0.0028286235364769,"5294c4d3ae39b4cbcf5bf478bc984c8e | 5f7c8497e2d2325028676188b5c43f22 | 45513d4af7550d782325ecb126a90ab1 | 1790fa27d8562f42653c4d1e45b2564d | 03102756e691bba35e7cdf5a1b7a916a | 9053a355157ffac829e6666fb713f378","Equal weight to six rho/gamma pairs; descriptive, shared allocation streams"
"2018","both",9,"Simple Random Sampling",0.0763831965520239,0.0739447455938411,0.0797217401573523,0.0134517984710809,0.932416666666666,0.9309,0.9333,1,1,1,0,0,28.9999999999999,29,29,0.49545586285622,0.314508582213638,0.68561367828357,0.0180966381678893,0.00277841608827691,"d24fc8915c9581042d0922c6cad71eee | c361e7920bc94937367580206aa4be86 | 9bb12b1bef60f74a0c4078eb671ec8a0 | 2e91cec91465861785706a02012228b9 | 612f320d9e368a4c0c6170ca00da95fb | 7d6a4746e8d1b36fa0aba44b29c6c563","Equal weight to six rho/gamma pairs; descriptive, shared allocation streams"
"2019","both",9,"Simple Random Sampling",0.0763831965520239,0.0739447455938411,0.0797217401573523,0.0134517984710809,0.932416666666666,0.9309,0.9333,1,1,1,0,0,28.9999999999999,29,29,0.495425228099387,0.313306121476637,0.685744901068121,0.0180966381678893,0.00277841608827691,"d24fc8915c9581042d0922c6cad71eee | c361e7920bc94937367580206aa4be86 | 9bb12b1bef60f74a0c4078eb671ec8a0 | 2e91cec91465861785706a02012228b9 | 612f320d9e368a4c0c6170ca00da95fb | 7d6a4746e8d1b36fa0aba44b29c6c563","Equal weight to six rho/gamma pairs; descriptive, shared allocation streams"
"2020","both",9,"Simple Random Sampling",0.0763831965520239,0.0739447455938411,0.0797217401573523,0.0134517984710809,0.932416666666666,0.9309,0.9333,1,1,1,0,0,28.9999999999999,29,29,0.495469723288464,0.312882563010975,0.685599752948953,0.0180966381678893,0.00277841608827691,"d24fc8915c9581042d0922c6cad71eee | c361e7920bc94937367580206aa4be86 | 9bb12b1bef60f74a0c4078eb671ec8a0 | 2e91cec91465861785706a02012228b9 | 612f320d9e368a4c0c6170ca00da95fb | 7d6a4746e8d1b36fa0aba44b29c6c563","Equal weight to six rho/gamma pairs; descriptive, shared allocation streams"
"2021","both",9,"Simple Random Sampling",0.0763831965520239,0.0739447455938411,0.0797217401573523,0.0134517984710809,0.932416666666666,0.9309,0.9333,1,1,1,0,0,28.9999999999999,29,29,0.495456847939106,0.312797009934478,0.686800807024632,0.0180966381678893,0.00277841608827691,"d24fc8915c9581042d0922c6cad71eee | c361e7920bc94937367580206aa4be86 | 9bb12b1bef60f74a0c4078eb671ec8a0 | 2e91cec91465861785706a02012228b9 | 612f320d9e368a4c0c6170ca00da95fb | 7d6a4746e8d1b36fa0aba44b29c6c563","Equal weight to six rho/gamma pairs; descriptive, shared allocation streams"
"2018","control_only",9,"Simple Random Sampling",0.30761277604907,0.291314560861691,0.323355231421774,0.037843172579218,0.92915,0.926399999999999,0.9339,1,1,1,0,0,28.9999999999999,29,29,0.49545586285622,0.314508582213638,0.68561367828357,0.0353145721957343,0.00275431708891017,"0dd60f1250552439401423f40b9ab1de | c843422616aa1553b3a3638fad96698c | 41da99612ef331d16cf24a6f62f4a4aa | ac322b5bea4c8163c656df36b45d9f48 | 0993633601da4a9819929a697dba4c90 | ea98103eca44b022795a79e797d526ab","Equal weight to six rho/gamma pairs; descriptive, shared allocation streams"
"2019","control_only",9,"Simple Random Sampling",0.30761277604907,0.291314560861691,0.323355231421774,0.037843172579218,0.92915,0.926399999999999,0.9339,1,1,1,0,0,28.9999999999999,29,29,0.495425228099387,0.313306121476637,0.685744901068121,0.0353145721957343,0.00275431708891017,"0dd60f1250552439401423f40b9ab1de | c843422616aa1553b3a3638fad96698c | 41da99612ef331d16cf24a6f62f4a4aa | ac322b5bea4c8163c656df36b45d9f48 | 0993633601da4a9819929a697dba4c90 | ea98103eca44b022795a79e797d526ab","Equal weight to six rho/gamma pairs; descriptive, shared allocation streams"
"2020","control_only",9,"Simple Random Sampling",0.30761277604907,0.291314560861691,0.323355231421774,0.037843172579218,0.92915,0.926399999999999,0.9339,1,1,1,0,0,28.9999999999999,29,29,0.495469723288464,0.312882563010975,0.685599752948953,0.0353145721957343,0.00275431708891017,"0dd60f1250552439401423f40b9ab1de | c843422616aa1553b3a3638fad96698c | 41da99612ef331d16cf24a6f62f4a4aa | ac322b5bea4c8163c656df36b45d9f48 | 0993633601da4a9819929a697dba4c90 | ea98103eca44b022795a79e797d526ab","Equal weight to six rho/gamma pairs; descriptive, shared allocation streams"
"2021","control_only",9,"Simple Random Sampling",0.30761277604907,0.291314560861691,0.323355231421774,0.037843172579218,0.92915,0.926399999999999,0.9339,1,1,1,0,0,28.9999999999999,29,29,0.495456847939106,0.312797009934478,0.686800807024632,0.0353145721957343,0.00275431708891017,"0dd60f1250552439401423f40b9ab1de | c843422616aa1553b3a3638fad96698c | 41da99612ef331d16cf24a6f62f4a4aa | ac322b5bea4c8163c656df36b45d9f48 | 0993633601da4a9819929a697dba4c90 | ea98103eca44b022795a79e797d526ab","Equal weight to six rho/gamma pairs; descriptive, shared allocation streams"
