"Incidence_Mode","Rho_Incidence","Surface","Neighbor_Type","Rho","Gamma","Spillover_Type","True_Tau","Estimator","Design","Design_Name","Q90_Estimated","Q90_Half1","Q90_Half2","Worst10_Mean_Estimated","Worst10_Half1","Worst10_Half2","Tail_Half_Jaccard","Tail_Half_Rank_Cor","Tail_Boundary_Uncertain","Cross_Selected_Worst10","Half_Selected_Worst10","Selection_Noise_Optimism","Q90_Half_Absolute_Difference","Worst10_Half_Absolute_Difference"
"iid",0,1,"queen",0.5,0.5,"both",1,"oracle","Design 1","Design 1: Checkerboard",0.0612351310846819,0.0627574736959287,0.059712788473435,0.0612351310846819,0.0627574736959287,0.059712788473435,1,NA,FALSE,0.0612351310846819,0.0612351310846819,0,0.00304468522249376,0.00304468522249376
"iid",0,1,"queen",0.5,0.5,"both",1,"oracle","Design 2","Design 2: High Incidence Focus",0.156575024787844,0.140698165802404,0.172451883773283,0.156575024787844,0.140698165802404,0.172451883773283,1,NA,FALSE,0.156575024787844,0.156575024787844,0,0.0317537179708783,0.0317537179708783
"iid",0,1,"queen",0.5,0.5,"both",1,"oracle","Design 3","Design 3: Saturation Quadrants",0.0582139754936675,0.0598154858711037,0.0560189422761088,0.059320066597025,0.0638613440519448,0.0671803204821425,0,0.357575757575757,TRUE,0.0518903108121647,0.0655208322670436,0.013630521454879,0.00379654359499482,0.00331897643019764
"iid",0,1,"queen",0.5,0.5,"both",1,"oracle","Design 4","Design 4: Isolation Buffer",0.191432786328405,0.211765602306606,0.212820154374744,0.229116054528029,0.283604435753238,0.217653703802984,0,-0.478787878787879,TRUE,0.161938096058958,0.250629069778111,0.088690973719153,0.00105455206813743,0.065950731950254
"iid",0,1,"queen",0.5,0.5,"both",1,"oracle","Design 5","Design 5: 2x2 Blocking",0.0688497446260606,0.0666948690649908,0.0742281156073238,0.0832688340156411,0.0782243475929271,0.088313320438355,1,0.151515151515151,TRUE,0.0832688340156411,0.0832688340156411,0,0.00753324654233298,0.0100889728454279
"iid",0,1,"queen",0.5,0.5,"both",1,"oracle","Design 6","Design 6: Balanced Quartiles",0.0498849150866945,0.0522518395266852,0.053662775957533,0.0590470830582311,0.0621388623363055,0.0559553037801567,1,0.187878787878788,TRUE,0.0590470830582311,0.0590470830582311,0,0.00141093643084784,0.00618355855614879
"iid",0,1,"queen",0.5,0.5,"both",1,"oracle","Design 7","Design 7: Balanced Halves",0.0487969870587826,0.0507474934177098,0.0583275162301485,0.0577292674948543,0.053780279174131,0.0616782558155776,1,-0.139393939393939,TRUE,0.0577292674948543,0.0577292674948543,0,0.00758002281243864,0.00789797664144661
"iid",0,1,"queen",0.5,0.5,"both",1,"oracle","Design 8","Design 8: Incidence-Guided Saturation Quadrants",0.0534642293035952,0.055053393995892,0.05762801983609,0.0561018994841826,0.0552549440109013,0.0637405037437256,0,-0.151515151515151,TRUE,0.0497753304459545,0.0594977238773135,0.00972239343135894,0.00257462584019801,0.00848555973282433
"iid",0,1,"queen",0.5,0.5,"both",1,"oracle","Design 9","Design 9: Simple Random Sampling",0.0430648533718892,0.0473450092717622,0.0430754721775424,0.0476827222319551,0.0494643330301559,0.0550638029477337,0,-0.357575757575757,TRUE,0.0311527331047223,0.0522640679889448,0.0211113348842225,0.00426953709421977,0.00559946991757779
