"Incidence_Mode","Rho_Incidence","Neighbor_Type","Design","Rho","Gamma","Spillover_Type","True_Tau","Estimator","Surface","N_Valid","Bias","MSE","Coverage","Power","Mean_Treated"
"iid",0,"queen","Design 1",0,0.5,"control_only",1,"oracle",1,25,-0.147127308777485,1.96477038039785,0.88,0.04,50
"iid",0,"queen","Design 1",0,0.5,"control_only",1,"oracle",2,25,-0.702253225019839,2.09084113096787,1,0.04,50
"iid",0,"queen","Design 2",0,0.5,"control_only",1,"oracle",1,25,0.145922019409614,0.444423866105993,0.88,0.52,50
"iid",0,"queen","Design 2",0,0.5,"control_only",1,"oracle",2,25,-0.234587945611484,0.331378063230282,0.88,0.32,50
"iid",0,"queen","Design 3",0,0.5,"control_only",1,"oracle",1,25,0.159973732680865,0.163439038579934,0.88,0.96,50
"iid",0,"queen","Design 3",0,0.5,"control_only",1,"oracle",2,25,0.0665197467281295,0.147372940464921,0.88,0.84,50
"iid",0,"queen","Design 4",0,0.5,"control_only",1,"oracle",1,25,-0.149822976401204,0.218991723680157,0.96,0.64,21.44
"iid",0,"queen","Design 4",0,0.5,"control_only",1,"oracle",2,25,-0.0390030676819229,0.145970352075573,0.96,0.72,21.64
"iid",0,"queen","Design 5",0,0.5,"control_only",1,"oracle",1,25,-0.0429247442769745,0.37988258571169,0.96,0.2,50
"iid",0,"queen","Design 5",0,0.5,"control_only",1,"oracle",2,25,0.066978738762261,0.639376564964985,0.96,0.24,50
"iid",0,"queen","Design 6",0,0.5,"control_only",1,"oracle",1,25,0.0596406113615465,0.186514265479853,0.96,0.72,50
"iid",0,"queen","Design 6",0,0.5,"control_only",1,"oracle",2,25,0.0695654849130134,0.103912578827196,1,0.76,50
"iid",0,"queen","Design 7",0,0.5,"control_only",1,"oracle",1,25,0.0903080473959903,0.138178039412157,1,0.72,50
"iid",0,"queen","Design 7",0,0.5,"control_only",1,"oracle",2,25,-0.0809611883143244,0.230813697081658,0.92,0.68,50
"iid",0,"queen","Design 8",0,0.5,"control_only",1,"oracle",1,25,-0.0554125511812658,0.142521643519183,0.96,0.84,50
"iid",0,"queen","Design 8",0,0.5,"control_only",1,"oracle",2,25,0.0866895031182624,0.162073966319754,0.92,0.8,50
"iid",0,"queen","Design 9",0,0.5,"control_only",1,"oracle",1,25,-0.0340772161073129,0.207032213337731,0.96,0.6,50
"iid",0,"queen","Design 9",0,0.5,"control_only",1,"oracle",2,25,0.0900105574622896,0.181840005719866,0.96,0.68,50
"iid",0,"queen","Design 1",0,0.5,"both",1,"oracle",1,25,-0.157491992280757,0.0777317338828339,0.96,0.96,50
"iid",0,"queen","Design 1",0,0.5,"both",1,"oracle",2,25,-0.014873758042274,0.0360231533798645,1,1,50
"iid",0,"queen","Design 2",0,0.5,"both",1,"oracle",1,25,-0.0251403643841672,0.112367985942012,0.96,0.72,50
"iid",0,"queen","Design 2",0,0.5,"both",1,"oracle",2,25,-0.0190807345557309,0.103611968871974,1,0.76,50
"iid",0,"queen","Design 3",0,0.5,"both",1,"oracle",1,25,0.000233163575781856,0.0600179355727699,0.88,1,50
"iid",0,"queen","Design 3",0,0.5,"both",1,"oracle",2,25,0.0340989178707317,0.0340566462667296,0.96,1,50
"iid",0,"queen","Design 4",0,0.5,"both",1,"oracle",1,25,0.220064890178618,0.169783804020798,0.96,0.92,21.76
"iid",0,"queen","Design 4",0,0.5,"both",1,"oracle",2,25,0.170682398303428,0.205116285588103,0.88,0.76,20.84
"iid",0,"queen","Design 5",0,0.5,"both",1,"oracle",1,25,-0.040278773958808,0.0267626040857986,1,1,50
"iid",0,"queen","Design 5",0,0.5,"both",1,"oracle",2,25,-0.0652863200338892,0.0510507640796733,0.88,1,50
"iid",0,"queen","Design 6",0,0.5,"both",1,"oracle",1,25,0.014895635469282,0.042127800207823,0.92,1,50
"iid",0,"queen","Design 6",0,0.5,"both",1,"oracle",2,25,-0.0277349348491629,0.0461657498020839,0.96,1,50
"iid",0,"queen","Design 7",0,0.5,"both",1,"oracle",1,25,0.00652458083905509,0.0394571939031991,0.96,1,50
"iid",0,"queen","Design 7",0,0.5,"both",1,"oracle",2,25,-0.0433949826564592,0.0561771095026764,0.88,1,50
"iid",0,"queen","Design 8",0,0.5,"both",1,"oracle",1,25,-0.0159340256373378,0.0523298002267181,0.88,1,50
"iid",0,"queen","Design 8",0,0.5,"both",1,"oracle",2,25,-0.020848149882451,0.0417961590541985,1,1,50
"iid",0,"queen","Design 9",0,0.5,"both",1,"oracle",1,25,0.0595971947351462,0.0399485638114823,0.88,1,50
"iid",0,"queen","Design 9",0,0.5,"both",1,"oracle",2,25,0.0939048873641557,0.068265314423468,0.92,1,50
"iid",0,"queen","Design 1",0,0.8,"control_only",1,"oracle",1,25,-0.153267655348784,2.75618980627128,0.96,0.2,50
"iid",0,"queen","Design 1",0,0.8,"control_only",1,"oracle",2,25,-0.194841786239396,2.76829216650408,0.88,0.12,50
"iid",0,"queen","Design 2",0,0.8,"control_only",1,"oracle",1,25,0.0711448148788966,0.384928311740323,0.92,0.36,50
"iid",0,"queen","Design 2",0,0.8,"control_only",1,"oracle",2,25,0.0743853561229123,0.359977144432816,0.88,0.4,50
"iid",0,"queen","Design 3",0,0.8,"control_only",1,"oracle",1,25,-0.0349927393519158,0.148123127285054,0.88,0.88,50
"iid",0,"queen","Design 3",0,0.8,"control_only",1,"oracle",2,25,-0.0119119533655302,0.130045508999583,0.88,0.84,50
"iid",0,"queen","Design 4",0,0.8,"control_only",1,"oracle",1,25,-0.0976191031854554,0.0667964343740853,1,0.72,21.64
"iid",0,"queen","Design 4",0,0.8,"control_only",1,"oracle",2,25,-0.102090457542585,0.112345192911288,0.96,0.76,21.64
"iid",0,"queen","Design 5",0,0.8,"control_only",1,"oracle",1,25,0.0552534174325955,0.537747907251755,0.92,0.28,50
"iid",0,"queen","Design 5",0,0.8,"control_only",1,"oracle",2,25,0.0714553531373648,0.390698480141733,1,0.28,50
"iid",0,"queen","Design 6",0,0.8,"control_only",1,"oracle",1,25,0.0259842168171514,0.221136371436267,0.96,0.64,50
"iid",0,"queen","Design 6",0,0.8,"control_only",1,"oracle",2,25,-0.207779793772268,0.20970782345657,0.96,0.44,50
"iid",0,"queen","Design 7",0,0.8,"control_only",1,"oracle",1,25,-0.0398668316928616,0.191299302501755,0.92,0.68,50
"iid",0,"queen","Design 7",0,0.8,"control_only",1,"oracle",2,25,0.0124684229991718,0.188574626303676,0.96,0.64,50
"iid",0,"queen","Design 8",0,0.8,"control_only",1,"oracle",1,25,0.0426652345138618,0.119857156206131,0.92,0.96,50
"iid",0,"queen","Design 8",0,0.8,"control_only",1,"oracle",2,25,0.0109017456069743,0.111317584575803,0.96,0.8,50
"iid",0,"queen","Design 9",0,0.8,"control_only",1,"oracle",1,25,0.0457237174130834,0.185345277451922,0.92,0.72,50
"iid",0,"queen","Design 9",0,0.8,"control_only",1,"oracle",2,25,-0.0268954035136388,0.261006035816434,0.96,0.6,50
"iid",0,"queen","Design 1",0,0.8,"both",1,"oracle",1,25,0.00676364865818527,0.0632705453366877,0.96,0.96,50
"iid",0,"queen","Design 1",0,0.8,"both",1,"oracle",2,25,0.00888916184821139,0.051965180919431,1,1,50
"iid",0,"queen","Design 2",0,0.8,"both",1,"oracle",1,25,0.0145590202170331,0.138405210039059,0.96,0.72,50
"iid",0,"queen","Design 2",0,0.8,"both",1,"oracle",2,25,0.0687207671948304,0.192988867384443,0.92,0.72,50
"iid",0,"queen","Design 3",0,0.8,"both",1,"oracle",1,25,0.0310004822691012,0.0626688355427786,0.96,1,50
"iid",0,"queen","Design 3",0,0.8,"both",1,"oracle",2,25,-0.0338217959471693,0.0500043160454979,0.96,1,50
"iid",0,"queen","Design 4",0,0.8,"both",1,"oracle",1,25,0.0758427138813275,0.207392293248279,0.88,0.72,21.52
"iid",0,"queen","Design 4",0,0.8,"both",1,"oracle",2,25,-0.0314870126881869,0.193051718371404,0.92,0.64,21.76
"iid",0,"queen","Design 5",0,0.8,"both",1,"oracle",1,25,0.00615728348922671,0.115944381602021,0.84,0.96,50
"iid",0,"queen","Design 5",0,0.8,"both",1,"oracle",2,25,-0.021494235692943,0.0734683023219999,0.88,1,50
"iid",0,"queen","Design 6",0,0.8,"both",1,"oracle",1,25,-0.0502344781002828,0.0368681217523611,0.96,1,50
"iid",0,"queen","Design 6",0,0.8,"both",1,"oracle",2,25,0.0375689085598101,0.0399868241068525,1,1,50
"iid",0,"queen","Design 7",0,0.8,"both",1,"oracle",1,25,-0.0302718228314383,0.0638173873846946,0.8,1,50
"iid",0,"queen","Design 7",0,0.8,"both",1,"oracle",2,25,0.0372765530496037,0.0258706400496116,0.96,1,50
"iid",0,"queen","Design 8",0,0.8,"both",1,"oracle",1,25,0.0292341444665635,0.0410724522394175,1,1,50
"iid",0,"queen","Design 8",0,0.8,"both",1,"oracle",2,25,-0.0215084788478499,0.0488399678955401,0.92,1,50
"iid",0,"queen","Design 9",0,0.8,"both",1,"oracle",1,25,0.0130899497447015,0.0387539004512012,0.96,1,50
"iid",0,"queen","Design 9",0,0.8,"both",1,"oracle",2,25,-0.088295001769691,0.0331211317704781,0.96,1,50
"spatial",0.2,"queen","Design 1",0,0.5,"control_only",1,"oracle",1,25,-0.289914142062664,1.6675300541346,0.92,0.04,50
"spatial",0.2,"queen","Design 1",0,0.5,"control_only",1,"oracle",2,25,-0.533621116718717,2.0337825150619,0.96,0,50
"spatial",0.2,"queen","Design 2",0,0.5,"control_only",1,"oracle",1,25,0.35377936356704,0.398034765942439,0.88,0.8,50
"spatial",0.2,"queen","Design 2",0,0.5,"control_only",1,"oracle",2,25,-0.16630354517236,0.183806625611454,1,0.36,50
"spatial",0.2,"queen","Design 3",0,0.5,"control_only",1,"oracle",1,25,0.0289581769604473,0.118252187120137,0.88,0.84,50
"spatial",0.2,"queen","Design 3",0,0.5,"control_only",1,"oracle",2,25,0.00411043083685267,0.10685748841149,0.96,0.92,50
"spatial",0.2,"queen","Design 4",0,0.5,"control_only",1,"oracle",1,25,0.0303226922356994,0.113373290360408,0.96,0.8,21.32
"spatial",0.2,"queen","Design 4",0,0.5,"control_only",1,"oracle",2,25,-0.0844450861346909,0.24443265064803,0.92,0.52,21.64
"spatial",0.2,"queen","Design 5",0,0.5,"control_only",1,"oracle",1,25,0.115302619990979,0.249178037243662,1,0.2,50
"spatial",0.2,"queen","Design 5",0,0.5,"control_only",1,"oracle",2,25,0.182609377483801,0.418826216936001,0.96,0.28,50
"spatial",0.2,"queen","Design 6",0,0.5,"control_only",1,"oracle",1,25,0.0998087551758958,0.295146364499715,0.84,0.76,50
"spatial",0.2,"queen","Design 6",0,0.5,"control_only",1,"oracle",2,25,0.0495357373710122,0.254413069361622,0.92,0.8,50
"spatial",0.2,"queen","Design 7",0,0.5,"control_only",1,"oracle",1,25,0.247086280623565,0.163580469636958,1,0.88,50
"spatial",0.2,"queen","Design 7",0,0.5,"control_only",1,"oracle",2,25,0.0932032654920301,0.258057058488674,0.88,0.64,50
"spatial",0.2,"queen","Design 8",0,0.5,"control_only",1,"oracle",1,25,0.0498191046898073,0.197233819593664,0.88,0.8,50
"spatial",0.2,"queen","Design 8",0,0.5,"control_only",1,"oracle",2,25,0.0160768930707102,0.1361884430734,0.96,0.84,50
"spatial",0.2,"queen","Design 9",0,0.5,"control_only",1,"oracle",1,25,0.059522305380417,0.255981289276781,0.92,0.68,50
"spatial",0.2,"queen","Design 9",0,0.5,"control_only",1,"oracle",2,25,0.00624556988202393,0.318196526115003,0.92,0.6,50
"spatial",0.2,"queen","Design 1",0,0.5,"both",1,"oracle",1,25,-0.0203617042371606,0.0439820838113535,1,1,50
"spatial",0.2,"queen","Design 1",0,0.5,"both",1,"oracle",2,25,-0.0233137166598734,0.0638242437531071,0.96,0.92,50
"spatial",0.2,"queen","Design 2",0,0.5,"both",1,"oracle",1,25,-0.0514239459564226,0.100263786594165,1,0.68,50
"spatial",0.2,"queen","Design 2",0,0.5,"both",1,"oracle",2,25,-0.0308938559431862,0.129855330011373,1,0.72,50
"spatial",0.2,"queen","Design 3",0,0.5,"both",1,"oracle",1,25,0.06096976279139,0.0749145575608683,0.84,1,50
"spatial",0.2,"queen","Design 3",0,0.5,"both",1,"oracle",2,25,0.0645826385304307,0.0267699953387609,1,1,50
"spatial",0.2,"queen","Design 4",0,0.5,"both",1,"oracle",1,25,0.128158666692948,0.105055940762179,1,0.92,21.4
"spatial",0.2,"queen","Design 4",0,0.5,"both",1,"oracle",2,25,-0.0118323197981719,0.168020174444603,0.96,0.72,21.68
"spatial",0.2,"queen","Design 5",0,0.5,"both",1,"oracle",1,25,0.000124343401329274,0.0644847473667345,0.96,0.96,50
"spatial",0.2,"queen","Design 5",0,0.5,"both",1,"oracle",2,25,0.0273054545273569,0.0771598965901362,0.92,0.96,50
"spatial",0.2,"queen","Design 6",0,0.5,"both",1,"oracle",1,25,-0.024419120226416,0.0616234502143647,0.84,1,50
"spatial",0.2,"queen","Design 6",0,0.5,"both",1,"oracle",2,25,0.00669212053885042,0.0257327699817215,0.96,1,50
"spatial",0.2,"queen","Design 7",0,0.5,"both",1,"oracle",1,25,0.054933089978089,0.0622094209296544,0.92,1,50
"spatial",0.2,"queen","Design 7",0,0.5,"both",1,"oracle",2,25,-0.029712016207741,0.044414664521213,0.96,1,50
"spatial",0.2,"queen","Design 8",0,0.5,"both",1,"oracle",1,25,0.0389359816642084,0.0410204510802819,0.92,1,50
"spatial",0.2,"queen","Design 8",0,0.5,"both",1,"oracle",2,25,-0.0157721152659067,0.0549339624267501,0.92,1,50
"spatial",0.2,"queen","Design 9",0,0.5,"both",1,"oracle",1,25,0.00432476024615699,0.034807313503962,1,1,50
"spatial",0.2,"queen","Design 9",0,0.5,"both",1,"oracle",2,25,0.0382525282477368,0.0471507309032694,0.88,1,50
"spatial",0.2,"queen","Design 1",0,0.8,"control_only",1,"oracle",1,25,-0.0130077998348884,1.66040013765171,1,0.04,50
"spatial",0.2,"queen","Design 1",0,0.8,"control_only",1,"oracle",2,25,-0.6781249404728,1.88122097595531,0.92,0,50
"spatial",0.2,"queen","Design 2",0,0.8,"control_only",1,"oracle",1,25,-0.276810839845577,0.255359645810123,0.96,0.2,50
"spatial",0.2,"queen","Design 2",0,0.8,"control_only",1,"oracle",2,25,-0.0635073221120791,0.310538995887355,0.92,0.44,50
"spatial",0.2,"queen","Design 3",0,0.8,"control_only",1,"oracle",1,25,-0.0415933688491529,0.124961917097924,0.92,0.8,50
"spatial",0.2,"queen","Design 3",0,0.8,"control_only",1,"oracle",2,25,0.0986362005233019,0.145480104870841,0.92,0.88,50
"spatial",0.2,"queen","Design 4",0,0.8,"control_only",1,"oracle",1,25,-0.0386074186639739,0.157426370529245,1,0.64,21.48
"spatial",0.2,"queen","Design 4",0,0.8,"control_only",1,"oracle",2,25,0.101051693694915,0.134215127666364,0.96,0.84,20.84
"spatial",0.2,"queen","Design 5",0,0.8,"control_only",1,"oracle",1,25,0.234568190757233,0.776076011328542,0.92,0.4,50
"spatial",0.2,"queen","Design 5",0,0.8,"control_only",1,"oracle",2,25,-0.304133551379642,0.486554114575358,0.96,0.16,50
"spatial",0.2,"queen","Design 6",0,0.8,"control_only",1,"oracle",1,25,0.0845057968333482,0.162480810420531,1,0.72,50
"spatial",0.2,"queen","Design 6",0,0.8,"control_only",1,"oracle",2,25,0.0392904563797416,0.121009035277002,1,0.76,50
"spatial",0.2,"queen","Design 7",0,0.8,"control_only",1,"oracle",1,25,0.167093913171001,0.231097994934116,0.96,0.68,50
"spatial",0.2,"queen","Design 7",0,0.8,"control_only",1,"oracle",2,25,0.0353902706467741,0.183911751127611,0.96,0.76,50
"spatial",0.2,"queen","Design 8",0,0.8,"control_only",1,"oracle",1,25,-0.0540282218385776,0.164050315696906,0.96,0.68,50
"spatial",0.2,"queen","Design 8",0,0.8,"control_only",1,"oracle",2,25,-0.0841714293350721,0.122036478510024,0.96,0.72,50
"spatial",0.2,"queen","Design 9",0,0.8,"control_only",1,"oracle",1,25,0.0870408354404234,0.24407640895875,0.88,0.72,50
"spatial",0.2,"queen","Design 9",0,0.8,"control_only",1,"oracle",2,25,0.205310640318049,0.20703949094256,0.96,0.88,50
"spatial",0.2,"queen","Design 1",0,0.8,"both",1,"oracle",1,25,0.0278078422618663,0.038001635930826,1,1,50
"spatial",0.2,"queen","Design 1",0,0.8,"both",1,"oracle",2,25,-0.034844328177047,0.0666455304971418,0.88,1,50
"spatial",0.2,"queen","Design 2",0,0.8,"both",1,"oracle",1,25,0.0672908225106075,0.163609908546343,0.92,0.8,50
"spatial",0.2,"queen","Design 2",0,0.8,"both",1,"oracle",2,25,-0.0943991794308103,0.136794036100604,0.96,0.6,50
"spatial",0.2,"queen","Design 3",0,0.8,"both",1,"oracle",1,25,0.0191807679509442,0.0303130700162442,0.96,1,50
"spatial",0.2,"queen","Design 3",0,0.8,"both",1,"oracle",2,25,-0.000783654899542617,0.0378169582707662,0.96,1,50
"spatial",0.2,"queen","Design 4",0,0.8,"both",1,"oracle",1,25,-0.00918155649505895,0.0991206728006209,1,0.76,21.48
"spatial",0.2,"queen","Design 4",0,0.8,"both",1,"oracle",2,25,-0.0456874348861206,0.15328695295093,0.92,0.68,21.48
"spatial",0.2,"queen","Design 5",0,0.8,"both",1,"oracle",1,25,0.0318489795854544,0.0916099529838421,0.88,1,50
"spatial",0.2,"queen","Design 5",0,0.8,"both",1,"oracle",2,25,-0.0315464143443954,0.0760548226230609,0.84,0.92,50
"spatial",0.2,"queen","Design 6",0,0.8,"both",1,"oracle",1,25,0.0375952823365021,0.0336863905054794,0.96,1,50
"spatial",0.2,"queen","Design 6",0,0.8,"both",1,"oracle",2,25,-0.0132442735005712,0.0234391135434623,1,1,50
"spatial",0.2,"queen","Design 7",0,0.8,"both",1,"oracle",1,25,0.0391854687721086,0.0143394596015865,1,1,50
"spatial",0.2,"queen","Design 7",0,0.8,"both",1,"oracle",2,25,0.000695284081215196,0.0363233666872677,0.92,1,50
"spatial",0.2,"queen","Design 8",0,0.8,"both",1,"oracle",1,25,-0.0091877168441433,0.028563823517018,0.96,1,50
"spatial",0.2,"queen","Design 8",0,0.8,"both",1,"oracle",2,25,0.00267687971443256,0.0492722458291321,0.96,1,50
"spatial",0.2,"queen","Design 9",0,0.8,"both",1,"oracle",1,25,0.0221699764594372,0.0438590986381694,0.88,1,50
"spatial",0.2,"queen","Design 9",0,0.8,"both",1,"oracle",2,25,-0.0220206548568506,0.0431541844124966,0.92,1,50
"spatial",0.5,"queen","Design 1",0,0.5,"control_only",1,"oracle",1,25,0.0944097406402159,1.1410686732727,0.96,0,50
"spatial",0.5,"queen","Design 1",0,0.5,"control_only",1,"oracle",2,25,-0.509340981845349,2.55595228492665,0.92,0,50
"spatial",0.5,"queen","Design 2",0,0.5,"control_only",1,"oracle",1,25,0.0408898869401867,0.29196168909157,0.92,0.48,50
"spatial",0.5,"queen","Design 2",0,0.5,"control_only",1,"oracle",2,25,-0.0808254566896592,0.448768138655814,0.88,0.32,50
"spatial",0.5,"queen","Design 3",0,0.5,"control_only",1,"oracle",1,25,-0.0439587449161866,0.116334399363285,1,0.8,50
"spatial",0.5,"queen","Design 3",0,0.5,"control_only",1,"oracle",2,25,-0.00926728041274226,0.146545824679505,0.88,0.8,50
"spatial",0.5,"queen","Design 4",0,0.5,"control_only",1,"oracle",1,25,-0.0932336274515977,0.26730807953229,0.88,0.48,21.56
"spatial",0.5,"queen","Design 4",0,0.5,"control_only",1,"oracle",2,25,-0.115984976485776,0.152405985394468,0.92,0.64,21.24
"spatial",0.5,"queen","Design 5",0,0.5,"control_only",1,"oracle",1,25,-0.216981436527759,0.510879439218081,0.92,0.24,50
"spatial",0.5,"queen","Design 5",0,0.5,"control_only",1,"oracle",2,25,0.0521411604741271,0.73155234269528,0.88,0.4,50
"spatial",0.5,"queen","Design 6",0,0.5,"control_only",1,"oracle",1,25,0.066523618659724,0.201008646433416,0.88,0.72,50
"spatial",0.5,"queen","Design 6",0,0.5,"control_only",1,"oracle",2,25,0.0461813065112791,0.185673983041926,0.92,0.76,50
"spatial",0.5,"queen","Design 7",0,0.5,"control_only",1,"oracle",1,25,0.0934382826527747,0.303523158267276,0.84,0.56,50
"spatial",0.5,"queen","Design 7",0,0.5,"control_only",1,"oracle",2,25,0.0437185177151752,0.227536008430235,0.88,0.64,50
"spatial",0.5,"queen","Design 8",0,0.5,"control_only",1,"oracle",1,25,0.0305744228996716,0.117942289592347,0.92,0.84,50
"spatial",0.5,"queen","Design 8",0,0.5,"control_only",1,"oracle",2,25,-0.012383760663283,0.120335867188144,0.92,0.84,50
"spatial",0.5,"queen","Design 9",0,0.5,"control_only",1,"oracle",1,25,0.202273500806655,0.188870442951753,0.88,0.92,50
"spatial",0.5,"queen","Design 9",0,0.5,"control_only",1,"oracle",2,25,-0.0568977630692339,0.156242395107695,0.96,0.68,50
"spatial",0.5,"queen","Design 1",0,0.5,"both",1,"oracle",1,25,0.029798392460942,0.0776310779900366,0.88,1,50
"spatial",0.5,"queen","Design 1",0,0.5,"both",1,"oracle",2,25,0.0332145312953497,0.0674487862190057,0.96,0.96,50
"spatial",0.5,"queen","Design 2",0,0.5,"both",1,"oracle",1,25,0.0645548002382926,0.1349659292284,0.92,0.76,50
"spatial",0.5,"queen","Design 2",0,0.5,"both",1,"oracle",2,25,0.121350796027117,0.19734605560792,0.92,0.84,50
"spatial",0.5,"queen","Design 3",0,0.5,"both",1,"oracle",1,25,-0.0273969840170527,0.0275267146104118,1,1,50
"spatial",0.5,"queen","Design 3",0,0.5,"both",1,"oracle",2,25,0.0360462296619041,0.0435559125331731,0.96,1,50
"spatial",0.5,"queen","Design 4",0,0.5,"both",1,"oracle",1,25,-0.000273734792108384,0.137165734757349,0.92,0.76,21.56
"spatial",0.5,"queen","Design 4",0,0.5,"both",1,"oracle",2,25,-0.050285792924119,0.117828006335269,0.96,0.72,21.24
"spatial",0.5,"queen","Design 5",0,0.5,"both",1,"oracle",1,25,0.11208488774897,0.0430424296859652,1,1,50
"spatial",0.5,"queen","Design 5",0,0.5,"both",1,"oracle",2,25,-0.105330324981974,0.0831429699508738,0.92,0.92,50
"spatial",0.5,"queen","Design 6",0,0.5,"both",1,"oracle",1,25,0.0434175312783537,0.0756814667899548,0.8,0.96,50
"spatial",0.5,"queen","Design 6",0,0.5,"both",1,"oracle",2,25,-0.0111270164667811,0.0507496568604991,0.88,1,50
"spatial",0.5,"queen","Design 7",0,0.5,"both",1,"oracle",1,25,0.0225930130841747,0.0361659747854624,0.96,1,50
"spatial",0.5,"queen","Design 7",0,0.5,"both",1,"oracle",2,25,0.0666605641349966,0.0689032122591253,0.8,1,50
"spatial",0.5,"queen","Design 8",0,0.5,"both",1,"oracle",1,25,0.00484648400141176,0.0382798414600151,1,1,50
"spatial",0.5,"queen","Design 8",0,0.5,"both",1,"oracle",2,25,0.0168009094038379,0.0711985685692355,0.88,1,50
"spatial",0.5,"queen","Design 9",0,0.5,"both",1,"oracle",1,25,-0.0464934709515576,0.0328028142895605,0.92,1,50
"spatial",0.5,"queen","Design 9",0,0.5,"both",1,"oracle",2,25,0.0502889048238148,0.0412017638055673,0.92,1,50
"spatial",0.5,"queen","Design 1",0,0.8,"control_only",1,"oracle",1,25,0.294128192126155,1.83755093636468,0.96,0.12,50
"spatial",0.5,"queen","Design 1",0,0.8,"control_only",1,"oracle",2,25,-0.779851599412846,3.44094038370679,0.84,0.08,50
"spatial",0.5,"queen","Design 2",0,0.8,"control_only",1,"oracle",1,25,0.0984963278237228,0.319498803535615,1,0.6,50
"spatial",0.5,"queen","Design 2",0,0.8,"control_only",1,"oracle",2,25,0.135099063732596,0.249530231574714,0.96,0.52,50
"spatial",0.5,"queen","Design 3",0,0.8,"control_only",1,"oracle",1,25,0.0951611657949729,0.205092664820798,0.92,0.84,50
"spatial",0.5,"queen","Design 3",0,0.8,"control_only",1,"oracle",2,25,-0.00594792786989235,0.0959080300535716,0.96,0.88,50
"spatial",0.5,"queen","Design 4",0,0.8,"control_only",1,"oracle",1,25,-0.0883173571552343,0.155736305608276,0.88,0.68,21.16
"spatial",0.5,"queen","Design 4",0,0.8,"control_only",1,"oracle",2,25,-0.0419458445292485,0.148035279267433,0.92,0.64,21.64
"spatial",0.5,"queen","Design 5",0,0.8,"control_only",1,"oracle",1,25,0.0330258006444329,0.590947833116618,0.96,0.32,50
"spatial",0.5,"queen","Design 5",0,0.8,"control_only",1,"oracle",2,25,-0.34739048242258,0.612466982471205,0.96,0.08,50
"spatial",0.5,"queen","Design 6",0,0.8,"control_only",1,"oracle",1,25,0.200733609045003,0.127081890545494,1,0.88,50
"spatial",0.5,"queen","Design 6",0,0.8,"control_only",1,"oracle",2,25,0.0820453285150788,0.234354996997283,0.96,0.68,50
"spatial",0.5,"queen","Design 7",0,0.8,"control_only",1,"oracle",1,25,0.0938546176264973,0.171476671252739,1,0.72,50
"spatial",0.5,"queen","Design 7",0,0.8,"control_only",1,"oracle",2,25,-0.0102239397437417,0.260336610264572,0.88,0.68,50
"spatial",0.5,"queen","Design 8",0,0.8,"control_only",1,"oracle",1,25,0.165313355736709,0.131435076998069,0.92,0.96,50
"spatial",0.5,"queen","Design 8",0,0.8,"control_only",1,"oracle",2,25,-0.0279718197204538,0.118819828558318,0.92,0.84,50
"spatial",0.5,"queen","Design 9",0,0.8,"control_only",1,"oracle",1,25,0.0371258591358662,0.126776471966455,0.96,0.68,50
"spatial",0.5,"queen","Design 9",0,0.8,"control_only",1,"oracle",2,25,-0.109292750183444,0.20081064464148,1,0.56,50
"spatial",0.5,"queen","Design 1",0,0.8,"both",1,"oracle",1,25,0.00098208101502258,0.084570900844148,0.92,0.96,50
"spatial",0.5,"queen","Design 1",0,0.8,"both",1,"oracle",2,25,-0.0451463518234698,0.0710839692490728,0.92,1,50
"spatial",0.5,"queen","Design 2",0,0.8,"both",1,"oracle",1,25,-0.111693115647693,0.254106384237103,0.8,0.64,50
"spatial",0.5,"queen","Design 2",0,0.8,"both",1,"oracle",2,25,-0.0216066745080464,0.142895837272511,1,0.68,50
"spatial",0.5,"queen","Design 3",0,0.8,"both",1,"oracle",1,25,0.0400558763474877,0.0457383010729,0.96,1,50
"spatial",0.5,"queen","Design 3",0,0.8,"both",1,"oracle",2,25,0.0396216393404711,0.0530203761875692,0.84,1,50
"spatial",0.5,"queen","Design 4",0,0.8,"both",1,"oracle",1,25,0.0766023193030171,0.229211207416112,0.88,0.68,21.4
"spatial",0.5,"queen","Design 4",0,0.8,"both",1,"oracle",2,25,-0.00105385882321795,0.191315223820866,0.92,0.72,21.04
"spatial",0.5,"queen","Design 5",0,0.8,"both",1,"oracle",1,25,-0.151914874084382,0.138337712493693,0.88,0.92,50
"spatial",0.5,"queen","Design 5",0,0.8,"both",1,"oracle",2,25,0.0328912885893909,0.0567848997199019,0.96,1,50
"spatial",0.5,"queen","Design 6",0,0.8,"both",1,"oracle",1,25,0.0320151328913027,0.0475246508279266,0.84,1,50
"spatial",0.5,"queen","Design 6",0,0.8,"both",1,"oracle",2,25,0.067124590908362,0.0621502350031105,0.88,1,50
"spatial",0.5,"queen","Design 7",0,0.8,"both",1,"oracle",1,25,-0.0220443813116901,0.0434334416260704,0.96,1,50
"spatial",0.5,"queen","Design 7",0,0.8,"both",1,"oracle",2,25,0.0331112427920558,0.0298966381956838,1,1,50
"spatial",0.5,"queen","Design 8",0,0.8,"both",1,"oracle",1,25,-0.0154259954361737,0.0488718715634891,1,1,50
"spatial",0.5,"queen","Design 8",0,0.8,"both",1,"oracle",2,25,0.0197198636453955,0.0338841855712659,0.96,1,50
"spatial",0.5,"queen","Design 9",0,0.8,"both",1,"oracle",1,25,-0.00256599382343511,0.0446387379481483,0.92,1,50
"spatial",0.5,"queen","Design 9",0,0.8,"both",1,"oracle",2,25,-0.0244714684665326,0.0418382637120181,0.88,1,50
"poisson",0.2,"queen","Design 1",0,0.5,"control_only",1,"oracle",1,25,-0.0913811064402362,2.57967046770614,0.92,0.16,50
"poisson",0.2,"queen","Design 1",0,0.5,"control_only",1,"oracle",2,25,0.348003772273533,1.59619518928784,0.96,0.2,50
"poisson",0.2,"queen","Design 2",0,0.5,"control_only",1,"oracle",1,25,0.217957716784917,0.255124177592437,1,0.76,50
"poisson",0.2,"queen","Design 2",0,0.5,"control_only",1,"oracle",2,25,-0.00612663977046987,0.497906714254904,0.8,0.4,50
"poisson",0.2,"queen","Design 3",0,0.5,"control_only",1,"oracle",1,25,-0.0600350558008053,0.104480076871502,0.92,0.8,50
"poisson",0.2,"queen","Design 3",0,0.5,"control_only",1,"oracle",2,25,-0.0589948321933218,0.128377253342822,0.96,0.76,50
"poisson",0.2,"queen","Design 4",0,0.5,"control_only",1,"oracle",1,25,-0.00880990661412732,0.110855328586197,1,0.84,21.76
"poisson",0.2,"queen","Design 4",0,0.5,"control_only",1,"oracle",2,25,0.0141111112660686,0.21339010124862,0.96,0.68,21.6
"poisson",0.2,"queen","Design 5",0,0.5,"control_only",1,"oracle",1,25,-0.0708298732157447,0.427017742009009,0.96,0.24,50
"poisson",0.2,"queen","Design 5",0,0.5,"control_only",1,"oracle",2,25,0.135554959069054,0.702649024271818,0.96,0.48,50
"poisson",0.2,"queen","Design 6",0,0.5,"control_only",1,"oracle",1,25,0.111557935898851,0.341863632349447,0.8,0.76,50
"poisson",0.2,"queen","Design 6",0,0.5,"control_only",1,"oracle",2,25,-0.0651281926159333,0.17589944879324,1,0.52,50
"poisson",0.2,"queen","Design 7",0,0.5,"control_only",1,"oracle",1,25,0.0373001225811265,0.201460168126279,0.84,0.64,50
"poisson",0.2,"queen","Design 7",0,0.5,"control_only",1,"oracle",2,25,0.00752958448972645,0.286181629480584,0.92,0.68,50
"poisson",0.2,"queen","Design 8",0,0.5,"control_only",1,"oracle",1,25,0.0358511992752645,0.129311197020368,0.92,0.88,50
"poisson",0.2,"queen","Design 8",0,0.5,"control_only",1,"oracle",2,25,0.0379557739499553,0.111375877677126,0.92,0.88,50
"poisson",0.2,"queen","Design 9",0,0.5,"control_only",1,"oracle",1,25,0.068222428482813,0.235729894103592,0.92,0.72,50
"poisson",0.2,"queen","Design 9",0,0.5,"control_only",1,"oracle",2,25,0.0321899463339936,0.154926027759321,0.96,0.76,50
"poisson",0.2,"queen","Design 1",0,0.5,"both",1,"oracle",1,25,0.0785626580090449,0.0791369888008257,0.92,1,50
"poisson",0.2,"queen","Design 1",0,0.5,"both",1,"oracle",2,25,-0.0419785929120833,0.036265507730444,1,1,50
"poisson",0.2,"queen","Design 2",0,0.5,"both",1,"oracle",1,25,-0.171036134994312,0.179220656462156,0.96,0.52,50
"poisson",0.2,"queen","Design 2",0,0.5,"both",1,"oracle",2,25,0.0710663447566457,0.171856287491758,0.96,0.68,50
"poisson",0.2,"queen","Design 3",0,0.5,"both",1,"oracle",1,25,0.0013627919550667,0.0436642078745221,0.96,1,50
"poisson",0.2,"queen","Design 3",0,0.5,"both",1,"oracle",2,25,0.0620754710439623,0.0461985169708945,0.92,1,50
"poisson",0.2,"queen","Design 4",0,0.5,"both",1,"oracle",1,25,-0.0218003239763914,0.129551796520157,0.96,0.72,21.36
"poisson",0.2,"queen","Design 4",0,0.5,"both",1,"oracle",2,25,0.001037168311954,0.111517741743797,0.96,0.72,21.12
"poisson",0.2,"queen","Design 5",0,0.5,"both",1,"oracle",1,25,0.0180213562235486,0.0588500469010803,0.96,0.96,50
"poisson",0.2,"queen","Design 5",0,0.5,"both",1,"oracle",2,25,-0.0172966932160957,0.0530467104840317,0.92,1,50
"poisson",0.2,"queen","Design 6",0,0.5,"both",1,"oracle",1,25,-0.00451558711719829,0.0401855492888927,0.96,1,50
"poisson",0.2,"queen","Design 6",0,0.5,"both",1,"oracle",2,25,-0.0395086121660499,0.0299327153245361,1,1,50
"poisson",0.2,"queen","Design 7",0,0.5,"both",1,"oracle",1,25,0.065050867052505,0.0381574821284966,0.92,1,50
"poisson",0.2,"queen","Design 7",0,0.5,"both",1,"oracle",2,25,0.073432789147078,0.0422247597383328,0.92,1,50
"poisson",0.2,"queen","Design 8",0,0.5,"both",1,"oracle",1,25,0.0210022734233261,0.0339923658571375,1,1,50
"poisson",0.2,"queen","Design 8",0,0.5,"both",1,"oracle",2,25,-0.0559696557700455,0.0470559020069079,0.96,1,50
"poisson",0.2,"queen","Design 9",0,0.5,"both",1,"oracle",1,25,-0.025151207489513,0.0612697754788239,0.88,1,50
"poisson",0.2,"queen","Design 9",0,0.5,"both",1,"oracle",2,25,0.0705121351988835,0.0418615609392838,0.96,1,50
"poisson",0.2,"queen","Design 1",0,0.8,"control_only",1,"oracle",1,25,-0.293660139904608,2.06879639307817,0.92,0.04,50
"poisson",0.2,"queen","Design 1",0,0.8,"control_only",1,"oracle",2,25,-0.231408503867718,2.54155693025585,0.88,0.12,50
"poisson",0.2,"queen","Design 2",0,0.8,"control_only",1,"oracle",1,25,0.0611654285295315,0.175822314048969,1,0.72,50
"poisson",0.2,"queen","Design 2",0,0.8,"control_only",1,"oracle",2,25,-0.0947508222477979,0.228594198927086,1,0.36,50
"poisson",0.2,"queen","Design 3",0,0.8,"control_only",1,"oracle",1,25,0.0185278004912855,0.129066972636785,0.88,0.92,50
"poisson",0.2,"queen","Design 3",0,0.8,"control_only",1,"oracle",2,25,0.00062127720008931,0.0596969545123394,1,0.92,50
"poisson",0.2,"queen","Design 4",0,0.8,"control_only",1,"oracle",1,25,-0.0521919490270836,0.211268752982873,0.92,0.68,21.24
"poisson",0.2,"queen","Design 4",0,0.8,"control_only",1,"oracle",2,25,-0.138052803379468,0.184523397758176,1,0.56,20.92
"poisson",0.2,"queen","Design 5",0,0.8,"control_only",1,"oracle",1,25,0.0926660111130191,0.422352856791494,1,0.32,50
"poisson",0.2,"queen","Design 5",0,0.8,"control_only",1,"oracle",2,25,0.22632022895136,0.456997568536854,0.96,0.4,50
"poisson",0.2,"queen","Design 6",0,0.8,"control_only",1,"oracle",1,25,0.0301554558771252,0.176214458942176,0.92,0.68,50
"poisson",0.2,"queen","Design 6",0,0.8,"control_only",1,"oracle",2,25,0.0233510047474727,0.194488626854207,0.96,0.76,50
"poisson",0.2,"queen","Design 7",0,0.8,"control_only",1,"oracle",1,25,-0.211648297132616,0.240181834977073,0.92,0.52,50
"poisson",0.2,"queen","Design 7",0,0.8,"control_only",1,"oracle",2,25,0.145987360027031,0.394712294817169,0.88,0.76,50
"poisson",0.2,"queen","Design 8",0,0.8,"control_only",1,"oracle",1,25,0.0366849965057386,0.104707337082376,0.96,0.88,50
"poisson",0.2,"queen","Design 8",0,0.8,"control_only",1,"oracle",2,25,0.0453901654923284,0.141961725374872,0.92,0.8,50
"poisson",0.2,"queen","Design 9",0,0.8,"control_only",1,"oracle",1,25,0.0973202205323519,0.245217753569261,0.96,0.68,50
"poisson",0.2,"queen","Design 9",0,0.8,"control_only",1,"oracle",2,25,0.150507101394313,0.303739681187906,0.88,0.76,50
"poisson",0.2,"queen","Design 1",0,0.8,"both",1,"oracle",1,25,-0.0802978568749002,0.0867394986276377,0.88,0.88,50
"poisson",0.2,"queen","Design 1",0,0.8,"both",1,"oracle",2,25,-0.00699444030820435,0.0540749496883981,0.92,0.96,50
"poisson",0.2,"queen","Design 2",0,0.8,"both",1,"oracle",1,25,0.113010989441906,0.0983399851047872,1,0.92,50
"poisson",0.2,"queen","Design 2",0,0.8,"both",1,"oracle",2,25,-0.00879037712392227,0.134080360066875,1,0.76,50
"poisson",0.2,"queen","Design 3",0,0.8,"both",1,"oracle",1,25,-0.0359400379991598,0.0286787470954399,0.96,1,50
"poisson",0.2,"queen","Design 3",0,0.8,"both",1,"oracle",2,25,-0.0436856346000255,0.0584791474095878,0.88,0.96,50
"poisson",0.2,"queen","Design 4",0,0.8,"both",1,"oracle",1,25,-0.0183318043371745,0.142191057093194,0.88,0.8,21.08
"poisson",0.2,"queen","Design 4",0,0.8,"both",1,"oracle",2,25,0.018191313579514,0.175215578713226,0.88,0.72,21.84
"poisson",0.2,"queen","Design 5",0,0.8,"both",1,"oracle",1,25,0.0616329802792341,0.0573768540926608,0.96,1,50
"poisson",0.2,"queen","Design 5",0,0.8,"both",1,"oracle",2,25,0.0442504958742453,0.102954238970686,0.84,0.96,50
"poisson",0.2,"queen","Design 6",0,0.8,"both",1,"oracle",1,25,-0.0147076376518566,0.0455917723307145,0.92,0.96,50
"poisson",0.2,"queen","Design 6",0,0.8,"both",1,"oracle",2,25,-0.023159860685907,0.0406606711928077,0.96,1,50
"poisson",0.2,"queen","Design 7",0,0.8,"both",1,"oracle",1,25,0.0499139982639761,0.0361157339903128,0.96,1,50
"poisson",0.2,"queen","Design 7",0,0.8,"both",1,"oracle",2,25,0.0210608155294012,0.025867516070527,1,1,50
"poisson",0.2,"queen","Design 8",0,0.8,"both",1,"oracle",1,25,-0.0174874555557844,0.042707031805575,0.92,1,50
"poisson",0.2,"queen","Design 8",0,0.8,"both",1,"oracle",2,25,0.0698266595341872,0.0646185358091366,0.88,1,50
"poisson",0.2,"queen","Design 9",0,0.8,"both",1,"oracle",1,25,-0.119676419260783,0.0462484039208158,0.92,1,50
"poisson",0.2,"queen","Design 9",0,0.8,"both",1,"oracle",2,25,-0.0186728038437466,0.0447827539965904,0.96,1,50
"poisson",0.5,"queen","Design 1",0,0.5,"control_only",1,"oracle",1,25,0.0375533281701224,2.75404899261683,0.96,0.12,50
"poisson",0.5,"queen","Design 1",0,0.5,"control_only",1,"oracle",2,25,-0.206567485596793,2.28364089852842,0.96,0.16,50
"poisson",0.5,"queen","Design 2",0,0.5,"control_only",1,"oracle",1,25,0.0975491859275567,0.277021401529319,0.92,0.64,50
"poisson",0.5,"queen","Design 2",0,0.5,"control_only",1,"oracle",2,25,0.00234224796724265,0.281403271708598,0.96,0.52,50
"poisson",0.5,"queen","Design 3",0,0.5,"control_only",1,"oracle",1,25,0.0254753110999117,0.214472454437209,0.84,0.84,50
"poisson",0.5,"queen","Design 3",0,0.5,"control_only",1,"oracle",2,25,-0.0797115245681883,0.120598255398081,0.96,0.72,50
"poisson",0.5,"queen","Design 4",0,0.5,"control_only",1,"oracle",1,25,0.00598579140175419,0.0932037060605526,1,0.8,22.04
"poisson",0.5,"queen","Design 4",0,0.5,"control_only",1,"oracle",2,25,-0.0940617973346464,0.111949624774391,0.96,0.68,21.12
"poisson",0.5,"queen","Design 5",0,0.5,"control_only",1,"oracle",1,25,-0.0217794670973889,0.433498386767207,1,0.28,50
"poisson",0.5,"queen","Design 5",0,0.5,"control_only",1,"oracle",2,25,0.0429447823230777,0.819174882798765,0.88,0.48,50
"poisson",0.5,"queen","Design 6",0,0.5,"control_only",1,"oracle",1,25,-0.16712660806149,0.176005894872318,1,0.32,50
"poisson",0.5,"queen","Design 6",0,0.5,"control_only",1,"oracle",2,25,-0.095458911648762,0.14156549643234,1,0.56,50
"poisson",0.5,"queen","Design 7",0,0.5,"control_only",1,"oracle",1,25,0.100077662279008,0.264319092880908,0.88,0.64,50
"poisson",0.5,"queen","Design 7",0,0.5,"control_only",1,"oracle",2,25,-0.0220820799321418,0.183609976933481,0.96,0.64,50
"poisson",0.5,"queen","Design 8",0,0.5,"control_only",1,"oracle",1,25,-0.0437421456354568,0.100656162356099,0.92,0.8,50
"poisson",0.5,"queen","Design 8",0,0.5,"control_only",1,"oracle",2,25,0.141948868271061,0.113518780472685,0.92,0.96,50
"poisson",0.5,"queen","Design 9",0,0.5,"control_only",1,"oracle",1,25,-0.0452360229749567,0.179851980472811,1,0.48,50
"poisson",0.5,"queen","Design 9",0,0.5,"control_only",1,"oracle",2,25,-0.0220197354818417,0.185159460837739,1,0.56,50
"poisson",0.5,"queen","Design 1",0,0.5,"both",1,"oracle",1,25,-0.0343090149718373,0.0471088592381199,0.96,1,50
"poisson",0.5,"queen","Design 1",0,0.5,"both",1,"oracle",2,25,-0.0130912802265125,0.0447619755719718,0.92,0.96,50
"poisson",0.5,"queen","Design 2",0,0.5,"both",1,"oracle",1,25,-0.0542823110335178,0.167244857195115,0.92,0.64,50
"poisson",0.5,"queen","Design 2",0,0.5,"both",1,"oracle",2,25,0.0784955167953405,0.269416912497362,0.84,0.76,50
"poisson",0.5,"queen","Design 3",0,0.5,"both",1,"oracle",1,25,-0.00079323757174412,0.018059592310858,1,1,50
"poisson",0.5,"queen","Design 3",0,0.5,"both",1,"oracle",2,25,-0.0205039829236714,0.073412846049902,0.8,0.96,50
"poisson",0.5,"queen","Design 4",0,0.5,"both",1,"oracle",1,25,-0.017427282513249,0.214850232830358,0.88,0.72,21.92
"poisson",0.5,"queen","Design 4",0,0.5,"both",1,"oracle",2,25,-0.0439422887808766,0.137709069401854,0.96,0.76,21.44
"poisson",0.5,"queen","Design 5",0,0.5,"both",1,"oracle",1,25,-0.0058802820738115,0.0533329390956128,1,1,50
"poisson",0.5,"queen","Design 5",0,0.5,"both",1,"oracle",2,25,-0.0746255820726223,0.0696028798811219,0.92,1,50
"poisson",0.5,"queen","Design 6",0,0.5,"both",1,"oracle",1,25,-0.00585237560162972,0.0301539558238615,0.96,1,50
"poisson",0.5,"queen","Design 6",0,0.5,"both",1,"oracle",2,25,-0.010166896297774,0.0510712882644659,0.92,1,50
"poisson",0.5,"queen","Design 7",0,0.5,"both",1,"oracle",1,25,-0.00621670785440503,0.0667940742507172,0.84,1,50
"poisson",0.5,"queen","Design 7",0,0.5,"both",1,"oracle",2,25,-0.0428412293247352,0.0396507547483235,0.92,1,50
"poisson",0.5,"queen","Design 8",0,0.5,"both",1,"oracle",1,25,-0.000218498235462471,0.0305339574649571,0.96,1,50
"poisson",0.5,"queen","Design 8",0,0.5,"both",1,"oracle",2,25,0.0483104319095171,0.0595318081175369,0.88,1,50
"poisson",0.5,"queen","Design 9",0,0.5,"both",1,"oracle",1,25,0.031422960617895,0.038386709650863,0.92,1,50
"poisson",0.5,"queen","Design 9",0,0.5,"both",1,"oracle",2,25,0.0363509235881351,0.0458719023178271,0.96,1,50
"poisson",0.5,"queen","Design 1",0,0.8,"control_only",1,"oracle",1,25,-0.207131012297476,2.11653599232357,0.96,0.12,50
"poisson",0.5,"queen","Design 1",0,0.8,"control_only",1,"oracle",2,25,0.182534335590295,1.44702438814252,1,0.12,50
"poisson",0.5,"queen","Design 2",0,0.8,"control_only",1,"oracle",1,25,-0.0215197417359732,0.187779118241369,0.96,0.52,50
"poisson",0.5,"queen","Design 2",0,0.8,"control_only",1,"oracle",2,25,0.210749191397239,0.372128786736905,0.88,0.64,50
"poisson",0.5,"queen","Design 3",0,0.8,"control_only",1,"oracle",1,25,0.0485644161522603,0.136313508992149,0.88,0.84,50
"poisson",0.5,"queen","Design 3",0,0.8,"control_only",1,"oracle",2,25,0.0294896978434371,0.12513261678955,1,0.8,50
"poisson",0.5,"queen","Design 4",0,0.8,"control_only",1,"oracle",1,25,0.0264609358432647,0.18936567737741,0.96,0.64,21.36
"poisson",0.5,"queen","Design 4",0,0.8,"control_only",1,"oracle",2,25,0.115481702428227,0.108325028442447,0.96,0.84,21.68
"poisson",0.5,"queen","Design 5",0,0.8,"control_only",1,"oracle",1,25,0.178782152147,0.660520974811389,0.96,0.36,50
"poisson",0.5,"queen","Design 5",0,0.8,"control_only",1,"oracle",2,25,-0.399234687231195,0.858956698820499,0.84,0.16,50
"poisson",0.5,"queen","Design 6",0,0.8,"control_only",1,"oracle",1,25,-0.010534221609185,0.204291615111143,0.96,0.56,50
"poisson",0.5,"queen","Design 6",0,0.8,"control_only",1,"oracle",2,25,-0.0233306522680188,0.176719525831338,0.96,0.52,50
"poisson",0.5,"queen","Design 7",0,0.8,"control_only",1,"oracle",1,25,-0.0766054285178194,0.148942439225641,0.92,0.52,50
"poisson",0.5,"queen","Design 7",0,0.8,"control_only",1,"oracle",2,25,0.145079400610365,0.186944394174241,0.92,0.8,50
"poisson",0.5,"queen","Design 8",0,0.8,"control_only",1,"oracle",1,25,-0.0143965418655726,0.110626372751465,0.96,0.88,50
"poisson",0.5,"queen","Design 8",0,0.8,"control_only",1,"oracle",2,25,-0.00191492982746791,0.110061370813507,0.92,0.8,50
"poisson",0.5,"queen","Design 9",0,0.8,"control_only",1,"oracle",1,25,0.12952297001274,0.273062597020305,0.88,0.72,50
"poisson",0.5,"queen","Design 9",0,0.8,"control_only",1,"oracle",2,25,0.00268632020512652,0.164357926141589,0.96,0.68,50
"poisson",0.5,"queen","Design 1",0,0.8,"both",1,"oracle",1,25,-0.0641719504965894,0.0766259306219019,0.92,1,50
"poisson",0.5,"queen","Design 1",0,0.8,"both",1,"oracle",2,25,0.0677792572607582,0.0618065695520456,0.92,1,50
"poisson",0.5,"queen","Design 2",0,0.8,"both",1,"oracle",1,25,0.073348487799538,0.201429583670343,0.92,0.8,50
"poisson",0.5,"queen","Design 2",0,0.8,"both",1,"oracle",2,25,0.034722522968002,0.157428879735983,0.96,0.64,50
"poisson",0.5,"queen","Design 3",0,0.8,"both",1,"oracle",1,25,-0.0631973537244023,0.047182318049076,0.92,1,50
"poisson",0.5,"queen","Design 3",0,0.8,"both",1,"oracle",2,25,0.0561812924658574,0.0521948320432819,0.96,1,50
"poisson",0.5,"queen","Design 4",0,0.8,"both",1,"oracle",1,25,0.153977461407321,0.120605319617906,0.96,0.88,21.56
"poisson",0.5,"queen","Design 4",0,0.8,"both",1,"oracle",2,25,0.0284392655336349,0.144845714822391,0.96,0.8,21.64
"poisson",0.5,"queen","Design 5",0,0.8,"both",1,"oracle",1,25,-0.054302795819562,0.054737982255884,0.92,1,50
"poisson",0.5,"queen","Design 5",0,0.8,"both",1,"oracle",2,25,-0.0188711445819716,0.0740912518012604,0.88,1,50
"poisson",0.5,"queen","Design 6",0,0.8,"both",1,"oracle",1,25,0.00414924644688233,0.0374615605471845,0.92,1,50
"poisson",0.5,"queen","Design 6",0,0.8,"both",1,"oracle",2,25,-0.0252948164304445,0.0377565799857409,0.96,1,50
"poisson",0.5,"queen","Design 7",0,0.8,"both",1,"oracle",1,25,-0.0408868348375175,0.0202894775753092,1,1,50
"poisson",0.5,"queen","Design 7",0,0.8,"both",1,"oracle",2,25,0.0139161664228224,0.0322896040404882,0.96,1,50
"poisson",0.5,"queen","Design 8",0,0.8,"both",1,"oracle",1,25,0.0190317928239655,0.0415631553964869,1,1,50
"poisson",0.5,"queen","Design 8",0,0.8,"both",1,"oracle",2,25,0.0416878503460234,0.042885906277118,0.92,1,50
"poisson",0.5,"queen","Design 9",0,0.8,"both",1,"oracle",1,25,-0.0206986751232149,0.0449312420597801,0.92,1,50
"poisson",0.5,"queen","Design 9",0,0.8,"both",1,"oracle",2,25,0.0367392578192417,0.0348842811209549,0.96,1,50
"iid",0,"queen","Design 1",0.5,0.5,"control_only",1,"oracle",1,25,0.11272942191352,2.25168954000208,0.96,0.16,50
"iid",0,"queen","Design 1",0.5,0.5,"control_only",1,"oracle",2,25,-0.028877110277747,2.14053800558137,0.92,0.08,50
"iid",0,"queen","Design 2",0.5,0.5,"control_only",1,"oracle",1,25,0.0662611387671407,0.354764933001245,0.92,0.4,50
"iid",0,"queen","Design 2",0.5,0.5,"control_only",1,"oracle",2,25,-0.00620062308869279,0.517411875473946,0.84,0.32,50
"iid",0,"queen","Design 3",0.5,0.5,"control_only",1,"oracle",1,25,0.162346313825008,0.209875876876786,0.8,0.88,50
"iid",0,"queen","Design 3",0.5,0.5,"control_only",1,"oracle",2,25,0.0853449873426802,0.0925963054151103,1,0.96,50
"iid",0,"queen","Design 4",0.5,0.5,"control_only",1,"oracle",1,25,-0.109744241737382,0.18767965924221,0.92,0.64,20.84
"iid",0,"queen","Design 4",0.5,0.5,"control_only",1,"oracle",2,25,-0.0943344498368344,0.206285631670107,0.92,0.72,21.4
"iid",0,"queen","Design 5",0.5,0.5,"control_only",1,"oracle",1,25,-0.14085052690416,0.65850928884423,0.96,0.2,50
"iid",0,"queen","Design 5",0.5,0.5,"control_only",1,"oracle",2,25,-0.0841314420582554,0.660431387912843,0.96,0.28,50
"iid",0,"queen","Design 6",0.5,0.5,"control_only",1,"oracle",1,25,0.0592079808281577,0.228107710845666,1,0.76,50
"iid",0,"queen","Design 6",0.5,0.5,"control_only",1,"oracle",2,25,0.125529580806606,0.303982077127853,0.92,0.72,50
"iid",0,"queen","Design 7",0.5,0.5,"control_only",1,"oracle",1,25,0.279923761035376,0.164527125941894,0.96,0.92,50
"iid",0,"queen","Design 7",0.5,0.5,"control_only",1,"oracle",2,25,0.0638479238704118,0.21337793586126,0.96,0.6,50
"iid",0,"queen","Design 8",0.5,0.5,"control_only",1,"oracle",1,25,0.0239705589994386,0.185194074641297,0.92,0.8,50
"iid",0,"queen","Design 8",0.5,0.5,"control_only",1,"oracle",2,25,-0.0397698211135118,0.0751003320595332,0.96,0.88,50
"iid",0,"queen","Design 9",0.5,0.5,"control_only",1,"oracle",1,25,0.193430909339898,0.294115276906644,0.92,0.76,50
"iid",0,"queen","Design 9",0.5,0.5,"control_only",1,"oracle",2,25,-0.0671290588404806,0.125813383369108,1,0.6,50
"iid",0,"queen","Design 1",0.5,0.5,"both",1,"oracle",1,25,0.0181240681850972,0.058242998625337,0.92,1,50
"iid",0,"queen","Design 1",0.5,0.5,"both",1,"oracle",2,25,0.152389055146849,0.110224487118562,0.8,0.96,50
"iid",0,"queen","Design 2",0.5,0.5,"both",1,"oracle",1,25,0.00435231327076976,0.13478440414505,0.96,0.68,50
"iid",0,"queen","Design 2",0.5,0.5,"both",1,"oracle",2,25,-0.035142089190203,0.138145393486126,0.96,0.8,50
"iid",0,"queen","Design 3",0.5,0.5,"both",1,"oracle",1,25,-0.0417381167865386,0.042741518904375,1,1,50
"iid",0,"queen","Design 3",0.5,0.5,"both",1,"oracle",2,25,0.0456130072994477,0.0298727114336636,0.96,1,50
"iid",0,"queen","Design 4",0.5,0.5,"both",1,"oracle",1,25,0.0596470059742563,0.147020556870426,0.92,0.8,21.16
"iid",0,"queen","Design 4",0.5,0.5,"both",1,"oracle",2,25,0.0911712009381234,0.171306134643124,0.92,0.76,21.08
"iid",0,"queen","Design 5",0.5,0.5,"both",1,"oracle",1,25,0.0107580462227605,0.0595126992662897,0.96,1,50
"iid",0,"queen","Design 5",0.5,0.5,"both",1,"oracle",2,25,-0.0117009913487774,0.0408546672479862,0.96,1,50
"iid",0,"queen","Design 6",0.5,0.5,"both",1,"oracle",1,25,0.0184483469849268,0.0336425962111143,0.96,1,50
"iid",0,"queen","Design 6",0.5,0.5,"both",1,"oracle",2,25,-0.0347778019132218,0.0422707593457353,0.92,1,50
"iid",0,"queen","Design 7",0.5,0.5,"both",1,"oracle",1,25,0.00932507213510744,0.0322346255909075,1,1,50
"iid",0,"queen","Design 7",0.5,0.5,"both",1,"oracle",2,25,0.050914478258563,0.0435320307412125,0.92,1,50
"iid",0,"queen","Design 8",0.5,0.5,"both",1,"oracle",1,25,0.024482864089432,0.0225743300317674,0.96,1,50
"iid",0,"queen","Design 8",0.5,0.5,"both",1,"oracle",2,25,0.0247894488190071,0.0409422850138888,0.92,1,50
"iid",0,"queen","Design 9",0.5,0.5,"both",1,"oracle",1,25,0.0399994209164838,0.0419664564602173,0.92,1,50
"iid",0,"queen","Design 9",0.5,0.5,"both",1,"oracle",2,25,0.000702012188313586,0.0532839190078627,0.84,1,50
"iid",0,"queen","Design 1",0.5,0.8,"control_only",1,"oracle",1,25,-0.165573735728638,1.38267138614937,0.96,0,50
"iid",0,"queen","Design 1",0.5,0.8,"control_only",1,"oracle",2,25,0.168102223174862,2.54340327610041,0.92,0.16,50
"iid",0,"queen","Design 2",0.5,0.8,"control_only",1,"oracle",1,25,0.188524180460458,0.301056782498327,0.96,0.56,50
"iid",0,"queen","Design 2",0.5,0.8,"control_only",1,"oracle",2,25,0.0828215114938988,0.152753097327844,0.96,0.64,50
"iid",0,"queen","Design 3",0.5,0.8,"control_only",1,"oracle",1,25,0.0902289354665503,0.116314395272196,0.92,0.92,50
"iid",0,"queen","Design 3",0.5,0.8,"control_only",1,"oracle",2,25,0.107164204810916,0.183345645120951,0.84,0.92,50
"iid",0,"queen","Design 4",0.5,0.8,"control_only",1,"oracle",1,25,0.0738101158979831,0.148101962189267,0.96,0.84,21.4
"iid",0,"queen","Design 4",0.5,0.8,"control_only",1,"oracle",2,25,0.0889106814672478,0.134186460610787,0.96,0.84,21.64
"iid",0,"queen","Design 5",0.5,0.8,"control_only",1,"oracle",1,25,-0.204968888553948,0.617889798452859,0.92,0.24,50
"iid",0,"queen","Design 5",0.5,0.8,"control_only",1,"oracle",2,25,-0.109449553200011,0.679723162594101,0.92,0.28,50
"iid",0,"queen","Design 6",0.5,0.8,"control_only",1,"oracle",1,25,-0.0629894816809034,0.247395568052284,0.88,0.48,50
"iid",0,"queen","Design 6",0.5,0.8,"control_only",1,"oracle",2,25,-0.0711255875787701,0.196773233945335,0.96,0.56,50
"iid",0,"queen","Design 7",0.5,0.8,"control_only",1,"oracle",1,25,-0.0402865063677035,0.160859994626708,0.92,0.64,50
"iid",0,"queen","Design 7",0.5,0.8,"control_only",1,"oracle",2,25,-0.133062368374353,0.162704655693834,1,0.44,50
"iid",0,"queen","Design 8",0.5,0.8,"control_only",1,"oracle",1,25,0.0684498962331158,0.170665018329383,0.92,0.84,50
"iid",0,"queen","Design 8",0.5,0.8,"control_only",1,"oracle",2,25,0.0288799323587865,0.10757077833725,1,0.8,50
"iid",0,"queen","Design 9",0.5,0.8,"control_only",1,"oracle",1,25,0.00018384940563469,0.12246713274703,1,0.68,50
"iid",0,"queen","Design 9",0.5,0.8,"control_only",1,"oracle",2,25,-0.0264437708488241,0.159215587985206,0.88,0.68,50
"iid",0,"queen","Design 1",0.5,0.8,"both",1,"oracle",1,25,-0.0213736711479825,0.0381643547786412,0.96,0.96,50
"iid",0,"queen","Design 1",0.5,0.8,"both",1,"oracle",2,25,0.00933746390618954,0.0704823214018597,1,1,50
"iid",0,"queen","Design 2",0.5,0.8,"both",1,"oracle",1,25,-0.0672400153348519,0.172725635601881,0.96,0.6,50
"iid",0,"queen","Design 2",0.5,0.8,"both",1,"oracle",2,25,0.0142643832442441,0.135256504635972,0.96,0.84,50
"iid",0,"queen","Design 3",0.5,0.8,"both",1,"oracle",1,25,-0.0533400688734996,0.0655352569728192,0.88,1,50
"iid",0,"queen","Design 3",0.5,0.8,"both",1,"oracle",2,25,-0.00909333408391715,0.0487766038385667,0.92,1,50
"iid",0,"queen","Design 4",0.5,0.8,"both",1,"oracle",1,25,-0.14377095934686,0.148006613551212,0.92,0.52,20.96
"iid",0,"queen","Design 4",0.5,0.8,"both",1,"oracle",2,25,0.0500836950804211,0.15753787342077,0.96,0.68,21.28
"iid",0,"queen","Design 5",0.5,0.8,"both",1,"oracle",1,25,-0.018010938546387,0.0704862315927502,0.92,0.92,50
"iid",0,"queen","Design 5",0.5,0.8,"both",1,"oracle",2,25,-0.0406998194410639,0.0833770224298544,0.88,0.88,50
"iid",0,"queen","Design 6",0.5,0.8,"both",1,"oracle",1,25,-0.00452410510693627,0.0327235528181219,1,1,50
"iid",0,"queen","Design 6",0.5,0.8,"both",1,"oracle",2,25,0.0231907406378892,0.0180423729749104,1,1,50
"iid",0,"queen","Design 7",0.5,0.8,"both",1,"oracle",1,25,-0.0282618099140782,0.0367137083575545,0.96,1,50
"iid",0,"queen","Design 7",0.5,0.8,"both",1,"oracle",2,25,-0.00619808255099382,0.0289063652963827,1,1,50
"iid",0,"queen","Design 8",0.5,0.8,"both",1,"oracle",1,25,0.0278491685461846,0.0387632982023501,1,1,50
"iid",0,"queen","Design 8",0.5,0.8,"both",1,"oracle",2,25,0.0699594491842844,0.0235202205527251,1,1,50
"iid",0,"queen","Design 9",0.5,0.8,"both",1,"oracle",1,25,0.12747392697624,0.0672780766867458,0.88,1,50
"iid",0,"queen","Design 9",0.5,0.8,"both",1,"oracle",2,25,0.021316114748196,0.048515953966791,0.96,1,50
"spatial",0.2,"queen","Design 1",0.5,0.5,"control_only",1,"oracle",1,25,0.109905537664186,2.51504977675448,0.96,0.12,50
"spatial",0.2,"queen","Design 1",0.5,0.5,"control_only",1,"oracle",2,25,-0.0741293606846919,0.916444610415709,1,0,50
"spatial",0.2,"queen","Design 2",0.5,0.5,"control_only",1,"oracle",1,25,-0.0283733819612852,0.283579674423445,0.92,0.52,50
"spatial",0.2,"queen","Design 2",0.5,0.5,"control_only",1,"oracle",2,25,0.216403641705472,0.323567986301768,0.92,0.64,50
"spatial",0.2,"queen","Design 3",0.5,0.5,"control_only",1,"oracle",1,25,-0.0209238002819283,0.116745437505395,0.96,0.96,50
"spatial",0.2,"queen","Design 3",0.5,0.5,"control_only",1,"oracle",2,25,0.0481639688502498,0.142737664071844,0.88,0.88,50
"spatial",0.2,"queen","Design 4",0.5,0.5,"control_only",1,"oracle",1,25,-0.0649287877099309,0.0964098126885554,1,0.64,21.44
"spatial",0.2,"queen","Design 4",0.5,0.5,"control_only",1,"oracle",2,25,0.0514953615792751,0.140034881654187,0.96,0.68,21.16
"spatial",0.2,"queen","Design 5",0.5,0.5,"control_only",1,"oracle",1,25,0.207108440093571,0.418940103031483,1,0.44,50
"spatial",0.2,"queen","Design 5",0.5,0.5,"control_only",1,"oracle",2,25,-0.160890586937701,1.05409866284422,0.84,0.28,50
"spatial",0.2,"queen","Design 6",0.5,0.5,"control_only",1,"oracle",1,25,0.0533957935669521,0.244688567222996,0.96,0.64,50
"spatial",0.2,"queen","Design 6",0.5,0.5,"control_only",1,"oracle",2,25,-0.0735460314073366,0.144370069576244,1,0.6,50
"spatial",0.2,"queen","Design 7",0.5,0.5,"control_only",1,"oracle",1,25,0.0544179298570626,0.22214619810709,0.96,0.64,50
"spatial",0.2,"queen","Design 7",0.5,0.5,"control_only",1,"oracle",2,25,-0.0909922868300767,0.134848860741299,0.96,0.44,50
"spatial",0.2,"queen","Design 8",0.5,0.5,"control_only",1,"oracle",1,25,-0.0557804949001076,0.165144709505877,0.92,0.72,50
"spatial",0.2,"queen","Design 8",0.5,0.5,"control_only",1,"oracle",2,25,0.101568602697132,0.17595505036729,0.92,0.88,50
"spatial",0.2,"queen","Design 9",0.5,0.5,"control_only",1,"oracle",1,25,0.0703701149904968,0.131265324370195,1,0.72,50
"spatial",0.2,"queen","Design 9",0.5,0.5,"control_only",1,"oracle",2,25,-0.0109304527469506,0.21705317562024,1,0.56,50
"spatial",0.2,"queen","Design 1",0.5,0.5,"both",1,"oracle",1,25,0.108960352856921,0.0892482680467556,0.92,1,50
"spatial",0.2,"queen","Design 1",0.5,0.5,"both",1,"oracle",2,25,0.0209572210038264,0.074220961201465,0.96,1,50
"spatial",0.2,"queen","Design 2",0.5,0.5,"both",1,"oracle",1,25,0.120514335970414,0.155127302909224,0.92,0.72,50
"spatial",0.2,"queen","Design 2",0.5,0.5,"both",1,"oracle",2,25,-0.0120450882871888,0.187147698731998,0.88,0.68,50
"spatial",0.2,"queen","Design 3",0.5,0.5,"both",1,"oracle",1,25,0.0358897935796193,0.0564051405491813,0.92,1,50
"spatial",0.2,"queen","Design 3",0.5,0.5,"both",1,"oracle",2,25,0.0147513779465346,0.0420008132433843,0.92,1,50
"spatial",0.2,"queen","Design 4",0.5,0.5,"both",1,"oracle",1,25,0.0999499459747921,0.253176915739053,0.92,0.76,21.28
"spatial",0.2,"queen","Design 4",0.5,0.5,"both",1,"oracle",2,25,0.171032463572807,0.131816386162184,0.96,0.96,21.72
"spatial",0.2,"queen","Design 5",0.5,0.5,"both",1,"oracle",1,25,-0.0290144871046456,0.077425923738989,0.92,0.96,50
"spatial",0.2,"queen","Design 5",0.5,0.5,"both",1,"oracle",2,25,0.0750971390464536,0.0386898069582606,0.96,1,50
"spatial",0.2,"queen","Design 6",0.5,0.5,"both",1,"oracle",1,25,-0.0155339836351292,0.0457460053731742,0.96,1,50
"spatial",0.2,"queen","Design 6",0.5,0.5,"both",1,"oracle",2,25,-0.00536253926115455,0.0512507773856309,0.88,1,50
"spatial",0.2,"queen","Design 7",0.5,0.5,"both",1,"oracle",1,25,0.0446585173744977,0.0274470048332976,1,1,50
"spatial",0.2,"queen","Design 7",0.5,0.5,"both",1,"oracle",2,25,0.10933366179888,0.0430420171505093,0.92,1,50
"spatial",0.2,"queen","Design 8",0.5,0.5,"both",1,"oracle",1,25,0.0499157689914328,0.0306273376569393,1,1,50
"spatial",0.2,"queen","Design 8",0.5,0.5,"both",1,"oracle",2,25,0.000397279619813804,0.0419522445391749,0.96,1,50
"spatial",0.2,"queen","Design 9",0.5,0.5,"both",1,"oracle",1,25,0.0117654818039386,0.0341461910752717,1,1,50
"spatial",0.2,"queen","Design 9",0.5,0.5,"both",1,"oracle",2,25,0.00588754437770022,0.0343386940582372,0.96,1,50
"spatial",0.2,"queen","Design 1",0.5,0.8,"control_only",1,"oracle",1,25,-0.347060520888681,1.59484779325008,1,0.08,50
"spatial",0.2,"queen","Design 1",0.5,0.8,"control_only",1,"oracle",2,25,0.24788639221327,3.53654296865912,0.76,0.2,50
"spatial",0.2,"queen","Design 2",0.5,0.8,"control_only",1,"oracle",1,25,0.164579548950625,0.215334694828709,1,0.76,50
"spatial",0.2,"queen","Design 2",0.5,0.8,"control_only",1,"oracle",2,25,0.061659271567163,0.347351274085341,0.96,0.6,50
"spatial",0.2,"queen","Design 3",0.5,0.8,"control_only",1,"oracle",1,25,0.0651876499356593,0.120525860765386,0.96,0.88,50
"spatial",0.2,"queen","Design 3",0.5,0.8,"control_only",1,"oracle",2,25,-0.120709640750093,0.175630429890819,0.88,0.68,50
"spatial",0.2,"queen","Design 4",0.5,0.8,"control_only",1,"oracle",1,25,0.0694502166957857,0.174759266921502,0.92,0.84,21.44
"spatial",0.2,"queen","Design 4",0.5,0.8,"control_only",1,"oracle",2,25,-0.0572784224780665,0.137958334506226,0.96,0.6,21.28
"spatial",0.2,"queen","Design 5",0.5,0.8,"control_only",1,"oracle",1,25,0.105433347731001,0.647428320186949,0.88,0.36,50
"spatial",0.2,"queen","Design 5",0.5,0.8,"control_only",1,"oracle",2,25,-0.111775164001756,0.362487567330078,1,0.28,50
"spatial",0.2,"queen","Design 6",0.5,0.8,"control_only",1,"oracle",1,25,-0.0689508145641,0.255698053377868,0.88,0.6,50
"spatial",0.2,"queen","Design 6",0.5,0.8,"control_only",1,"oracle",2,25,-0.0353119257064012,0.262333207806373,0.88,0.6,50
"spatial",0.2,"queen","Design 7",0.5,0.8,"control_only",1,"oracle",1,25,0.0219848657365028,0.200123730243008,0.96,0.64,50
"spatial",0.2,"queen","Design 7",0.5,0.8,"control_only",1,"oracle",2,25,0.0438255956533306,0.223468581932429,0.88,0.64,50
"spatial",0.2,"queen","Design 8",0.5,0.8,"control_only",1,"oracle",1,25,-0.0577035739601384,0.079989788088266,1,0.84,50
"spatial",0.2,"queen","Design 8",0.5,0.8,"control_only",1,"oracle",2,25,0.0675235117949571,0.0812084795239449,0.96,0.92,50
"spatial",0.2,"queen","Design 9",0.5,0.8,"control_only",1,"oracle",1,25,0.164888772067238,0.187359978007215,0.96,0.8,50
"spatial",0.2,"queen","Design 9",0.5,0.8,"control_only",1,"oracle",2,25,0.0338917740795727,0.237707900684012,0.92,0.64,50
"spatial",0.2,"queen","Design 1",0.5,0.8,"both",1,"oracle",1,25,-0.0939543264967737,0.0642266414207216,0.92,0.96,50
"spatial",0.2,"queen","Design 1",0.5,0.8,"both",1,"oracle",2,25,-0.011412407837469,0.073043364621693,0.92,0.96,50
"spatial",0.2,"queen","Design 2",0.5,0.8,"both",1,"oracle",1,25,0.114501430895314,0.170837621078172,0.92,0.88,50
"spatial",0.2,"queen","Design 2",0.5,0.8,"both",1,"oracle",2,25,-0.0196767838036687,0.180183967788191,0.92,0.68,50
"spatial",0.2,"queen","Design 3",0.5,0.8,"both",1,"oracle",1,25,-0.0501845389145162,0.0388974801690879,0.92,1,50
"spatial",0.2,"queen","Design 3",0.5,0.8,"both",1,"oracle",2,25,0.0259768941571955,0.0438122679096903,0.96,1,50
"spatial",0.2,"queen","Design 4",0.5,0.8,"both",1,"oracle",1,25,0.0600014013590786,0.0953841567980798,1,0.8,21.48
"spatial",0.2,"queen","Design 4",0.5,0.8,"both",1,"oracle",2,25,-0.107032850543716,0.175128765090734,0.96,0.6,21.28
"spatial",0.2,"queen","Design 5",0.5,0.8,"both",1,"oracle",1,25,-0.0653512684362038,0.0537698210960497,1,1,50
"spatial",0.2,"queen","Design 5",0.5,0.8,"both",1,"oracle",2,25,-0.0237344622229749,0.0607619077701355,0.96,0.96,50
"spatial",0.2,"queen","Design 6",0.5,0.8,"both",1,"oracle",1,25,-0.0290590105853968,0.0382697120351166,0.96,1,50
"spatial",0.2,"queen","Design 6",0.5,0.8,"both",1,"oracle",2,25,-0.0273944812189453,0.0536513906574071,0.96,0.96,50
"spatial",0.2,"queen","Design 7",0.5,0.8,"both",1,"oracle",1,25,-0.0231542953495074,0.0545942791963224,0.88,1,50
"spatial",0.2,"queen","Design 7",0.5,0.8,"both",1,"oracle",2,25,-0.0543286082391394,0.0320251431592359,0.96,1,50
"spatial",0.2,"queen","Design 8",0.5,0.8,"both",1,"oracle",1,25,-0.0192991698381984,0.0270351482876196,1,1,50
"spatial",0.2,"queen","Design 8",0.5,0.8,"both",1,"oracle",2,25,0.0161560917033281,0.045790871866045,1,1,50
"spatial",0.2,"queen","Design 9",0.5,0.8,"both",1,"oracle",1,25,0.0382460769016437,0.0409642725274566,0.96,1,50
"spatial",0.2,"queen","Design 9",0.5,0.8,"both",1,"oracle",2,25,0.0053749179053148,0.0360350265423748,0.92,1,50
"spatial",0.5,"queen","Design 1",0.5,0.5,"control_only",1,"oracle",1,25,-0.170361340220498,1.40016345787079,1,0.04,50
"spatial",0.5,"queen","Design 1",0.5,0.5,"control_only",1,"oracle",2,25,-0.563557169392752,3.0256526719296,0.92,0.12,50
"spatial",0.5,"queen","Design 2",0.5,0.5,"control_only",1,"oracle",1,25,0.14923328079743,0.415777345285983,0.92,0.6,50
"spatial",0.5,"queen","Design 2",0.5,0.5,"control_only",1,"oracle",2,25,0.0595411096360585,0.443060030245297,0.92,0.44,50
"spatial",0.5,"queen","Design 3",0.5,0.5,"control_only",1,"oracle",1,25,0.0856040440267499,0.121430694207326,0.92,0.96,50
"spatial",0.5,"queen","Design 3",0.5,0.5,"control_only",1,"oracle",2,25,-0.0503331792341884,0.140887552067151,0.96,0.76,50
"spatial",0.5,"queen","Design 4",0.5,0.5,"control_only",1,"oracle",1,25,-0.0315081976278551,0.101826511602055,1,0.76,21.6
"spatial",0.5,"queen","Design 4",0.5,0.5,"control_only",1,"oracle",2,25,0.0577833989603652,0.144013742163232,1,0.72,21.16
"spatial",0.5,"queen","Design 5",0.5,0.5,"control_only",1,"oracle",1,25,-0.0287575017127954,0.480601850289888,0.92,0.36,50
"spatial",0.5,"queen","Design 5",0.5,0.5,"control_only",1,"oracle",2,25,0.0568524168357252,0.624058381974273,0.92,0.32,50
"spatial",0.5,"queen","Design 6",0.5,0.5,"control_only",1,"oracle",1,25,0.0287337333057946,0.277653058299569,0.92,0.6,50
"spatial",0.5,"queen","Design 6",0.5,0.5,"control_only",1,"oracle",2,25,0.0862887010392097,0.264616949668765,0.88,0.68,50
"spatial",0.5,"queen","Design 7",0.5,0.5,"control_only",1,"oracle",1,25,-0.104900169065259,0.255852136429191,0.96,0.52,50
"spatial",0.5,"queen","Design 7",0.5,0.5,"control_only",1,"oracle",2,25,0.0242851830481813,0.129738884048041,1,0.72,50
"spatial",0.5,"queen","Design 8",0.5,0.5,"control_only",1,"oracle",1,25,0.177039147798005,0.209281500289774,0.88,0.92,50
"spatial",0.5,"queen","Design 8",0.5,0.5,"control_only",1,"oracle",2,25,0.111058375974482,0.177732101805603,0.96,0.92,50
"spatial",0.5,"queen","Design 9",0.5,0.5,"control_only",1,"oracle",1,25,0.318137319174735,0.342137288965402,0.8,0.84,50
"spatial",0.5,"queen","Design 9",0.5,0.5,"control_only",1,"oracle",2,25,0.150208430383386,0.193523916898991,0.96,0.76,50
"spatial",0.5,"queen","Design 1",0.5,0.5,"both",1,"oracle",1,25,0.0219214624150604,0.0453492765035188,0.96,1,50
"spatial",0.5,"queen","Design 1",0.5,0.5,"both",1,"oracle",2,25,0.0404737798344042,0.0977558694604716,0.88,1,50
"spatial",0.5,"queen","Design 2",0.5,0.5,"both",1,"oracle",1,25,0.0986021096253724,0.157436063903846,0.92,0.8,50
"spatial",0.5,"queen","Design 2",0.5,0.5,"both",1,"oracle",2,25,-0.060067409512575,0.124160297943468,0.96,0.72,50
"spatial",0.5,"queen","Design 3",0.5,0.5,"both",1,"oracle",1,25,-0.0367254763506537,0.0474181376786544,0.96,1,50
"spatial",0.5,"queen","Design 3",0.5,0.5,"both",1,"oracle",2,25,0.0638255292656263,0.0640932888234405,0.92,1,50
"spatial",0.5,"queen","Design 4",0.5,0.5,"both",1,"oracle",1,25,0.126413943369479,0.151719734842699,0.96,0.76,21.32
"spatial",0.5,"queen","Design 4",0.5,0.5,"both",1,"oracle",2,25,0.0181905970929466,0.173853189762467,0.88,0.76,21.28
"spatial",0.5,"queen","Design 5",0.5,0.5,"both",1,"oracle",1,25,0.0276688414673035,0.0498049128749878,0.92,1,50
"spatial",0.5,"queen","Design 5",0.5,0.5,"both",1,"oracle",2,25,-0.0057126305189,0.0354232623823308,1,1,50
"spatial",0.5,"queen","Design 6",0.5,0.5,"both",1,"oracle",1,25,-0.00669112089630016,0.0369497761098815,0.96,1,50
"spatial",0.5,"queen","Design 6",0.5,0.5,"both",1,"oracle",2,25,-0.0289214245776277,0.0438143173593195,0.96,1,50
"spatial",0.5,"queen","Design 7",0.5,0.5,"both",1,"oracle",1,25,-0.00397269791894566,0.024230035348054,0.96,1,50
"spatial",0.5,"queen","Design 7",0.5,0.5,"both",1,"oracle",2,25,0.0273268283111856,0.0644835177778261,0.88,1,50
"spatial",0.5,"queen","Design 8",0.5,0.5,"both",1,"oracle",1,25,-0.0211428057534492,0.0438621411477267,0.92,1,50
"spatial",0.5,"queen","Design 8",0.5,0.5,"both",1,"oracle",2,25,0.0489864977842307,0.0350533871082938,1,1,50
"spatial",0.5,"queen","Design 9",0.5,0.5,"both",1,"oracle",1,25,-0.00583769319831758,0.0532132104946872,0.88,1,50
"spatial",0.5,"queen","Design 9",0.5,0.5,"both",1,"oracle",2,25,0.094350985491869,0.0507015951320722,0.92,1,50
"spatial",0.5,"queen","Design 1",0.5,0.8,"control_only",1,"oracle",1,25,-0.285022244399946,1.41222539527552,0.92,0.08,50
"spatial",0.5,"queen","Design 1",0.5,0.8,"control_only",1,"oracle",2,25,-0.0263352403532223,2.01931721573107,0.92,0.2,50
"spatial",0.5,"queen","Design 2",0.5,0.8,"control_only",1,"oracle",1,25,0.146520393053836,0.278991373235864,0.92,0.72,50
"spatial",0.5,"queen","Design 2",0.5,0.8,"control_only",1,"oracle",2,25,0.0444305748826599,0.25130532137134,1,0.52,50
"spatial",0.5,"queen","Design 3",0.5,0.8,"control_only",1,"oracle",1,25,-0.0160570926646849,0.120248908043306,0.92,0.92,50
"spatial",0.5,"queen","Design 3",0.5,0.8,"control_only",1,"oracle",2,25,0.102235981116375,0.131895037315673,0.96,0.96,50
"spatial",0.5,"queen","Design 4",0.5,0.8,"control_only",1,"oracle",1,25,-0.0276259656810981,0.110367728617187,0.96,0.76,21.48
"spatial",0.5,"queen","Design 4",0.5,0.8,"control_only",1,"oracle",2,25,0.0530853288652689,0.120554537315576,0.96,0.84,21.92
"spatial",0.5,"queen","Design 5",0.5,0.8,"control_only",1,"oracle",1,25,0.00108671514814341,0.310529019208344,1,0.28,50
"spatial",0.5,"queen","Design 5",0.5,0.8,"control_only",1,"oracle",2,25,-0.0946380510004171,0.301450593593132,1,0.16,50
"spatial",0.5,"queen","Design 6",0.5,0.8,"control_only",1,"oracle",1,25,0.0431569999414455,0.256632506869456,0.92,0.68,50
"spatial",0.5,"queen","Design 6",0.5,0.8,"control_only",1,"oracle",2,25,-0.0748616393581965,0.202923148178234,0.92,0.64,50
"spatial",0.5,"queen","Design 7",0.5,0.8,"control_only",1,"oracle",1,25,-0.0506722371584559,0.258288766490401,0.88,0.64,50
"spatial",0.5,"queen","Design 7",0.5,0.8,"control_only",1,"oracle",2,25,-0.07552719117998,0.243534407034705,0.88,0.64,50
"spatial",0.5,"queen","Design 8",0.5,0.8,"control_only",1,"oracle",1,25,0.115761055233482,0.132996889923703,0.96,1,50
"spatial",0.5,"queen","Design 8",0.5,0.8,"control_only",1,"oracle",2,25,-0.0546547706172364,0.130037288782862,0.96,0.76,50
"spatial",0.5,"queen","Design 9",0.5,0.8,"control_only",1,"oracle",1,25,0.013100743239502,0.145116179295947,0.96,0.72,50
"spatial",0.5,"queen","Design 9",0.5,0.8,"control_only",1,"oracle",2,25,-0.130377026471036,0.204361500961496,0.92,0.52,50
"spatial",0.5,"queen","Design 1",0.5,0.8,"both",1,"oracle",1,25,0.012245918895632,0.054150382012468,1,0.96,50
"spatial",0.5,"queen","Design 1",0.5,0.8,"both",1,"oracle",2,25,0.0139835050602178,0.0612035678094834,0.92,0.96,50
"spatial",0.5,"queen","Design 2",0.5,0.8,"both",1,"oracle",1,25,0.121315381886721,0.181728079028351,0.92,0.76,50
"spatial",0.5,"queen","Design 2",0.5,0.8,"both",1,"oracle",2,25,-0.0153873619859112,0.129092484361381,1,0.8,50
"spatial",0.5,"queen","Design 3",0.5,0.8,"both",1,"oracle",1,25,-0.00651122010630634,0.0537210193788429,0.88,1,50
"spatial",0.5,"queen","Design 3",0.5,0.8,"both",1,"oracle",2,25,-0.037269843796457,0.0495447146162744,0.96,1,50
"spatial",0.5,"queen","Design 4",0.5,0.8,"both",1,"oracle",1,25,-0.0190436582463124,0.156251007857931,0.88,0.72,21.04
"spatial",0.5,"queen","Design 4",0.5,0.8,"both",1,"oracle",2,25,-0.0114867886303026,0.138600381480469,0.92,0.76,21.68
"spatial",0.5,"queen","Design 5",0.5,0.8,"both",1,"oracle",1,25,0.0151098936093558,0.0409135732149659,0.96,1,50
"spatial",0.5,"queen","Design 5",0.5,0.8,"both",1,"oracle",2,25,0.0239578555598032,0.0603474316177738,0.96,1,50
"spatial",0.5,"queen","Design 6",0.5,0.8,"both",1,"oracle",1,25,0.0509652657255104,0.0257307803399335,1,1,50
"spatial",0.5,"queen","Design 6",0.5,0.8,"both",1,"oracle",2,25,0.000739798076077756,0.036462809861557,1,1,50
"spatial",0.5,"queen","Design 7",0.5,0.8,"both",1,"oracle",1,25,0.016801567622496,0.0519032869276075,0.96,1,50
"spatial",0.5,"queen","Design 7",0.5,0.8,"both",1,"oracle",2,25,0.00641132533161348,0.0408589716229992,0.92,1,50
"spatial",0.5,"queen","Design 8",0.5,0.8,"both",1,"oracle",1,25,-0.0136371400654416,0.0398769858315147,0.96,1,50
"spatial",0.5,"queen","Design 8",0.5,0.8,"both",1,"oracle",2,25,0.0168403294287176,0.0485036907317699,0.96,1,50
"spatial",0.5,"queen","Design 9",0.5,0.8,"both",1,"oracle",1,25,-0.00324954307949335,0.0459057028426189,0.84,1,50
"spatial",0.5,"queen","Design 9",0.5,0.8,"both",1,"oracle",2,25,0.0953093503777554,0.0367757993409905,0.96,1,50
"poisson",0.2,"queen","Design 1",0.5,0.5,"control_only",1,"oracle",1,25,-0.137718286897287,2.76274320518804,0.92,0.12,50
"poisson",0.2,"queen","Design 1",0.5,0.5,"control_only",1,"oracle",2,25,-0.470578402295316,1.76624743100006,0.96,0.04,50
"poisson",0.2,"queen","Design 2",0.5,0.5,"control_only",1,"oracle",1,25,0.239033143864365,0.232802378262385,0.96,0.76,50
"poisson",0.2,"queen","Design 2",0.5,0.5,"control_only",1,"oracle",2,25,0.17914387833954,0.35838647176563,0.92,0.64,50
"poisson",0.2,"queen","Design 3",0.5,0.5,"control_only",1,"oracle",1,25,-0.0217079519359694,0.191976217209762,0.88,0.8,50
"poisson",0.2,"queen","Design 3",0.5,0.5,"control_only",1,"oracle",2,25,0.0393862694134931,0.12094024369244,0.88,0.88,50
"poisson",0.2,"queen","Design 4",0.5,0.5,"control_only",1,"oracle",1,25,-0.140104476366448,0.156402818806802,0.88,0.6,21.32
"poisson",0.2,"queen","Design 4",0.5,0.5,"control_only",1,"oracle",2,25,-0.00188747652155831,0.124377339519813,0.96,0.8,21.28
"poisson",0.2,"queen","Design 5",0.5,0.5,"control_only",1,"oracle",1,25,-0.086545901404486,0.412443336712652,0.96,0.24,50
"poisson",0.2,"queen","Design 5",0.5,0.5,"control_only",1,"oracle",2,25,-0.155833903735014,0.830201502500315,0.88,0.28,50
"poisson",0.2,"queen","Design 6",0.5,0.5,"control_only",1,"oracle",1,25,0.0315802396118848,0.322513142175373,0.92,0.68,50
"poisson",0.2,"queen","Design 6",0.5,0.5,"control_only",1,"oracle",2,25,0.052644272749476,0.188512171929215,1,0.68,50
"poisson",0.2,"queen","Design 7",0.5,0.5,"control_only",1,"oracle",1,25,-0.0297857075383815,0.122140159552415,1,0.68,50
"poisson",0.2,"queen","Design 7",0.5,0.5,"control_only",1,"oracle",2,25,-0.0178912353626835,0.244093618771914,0.88,0.6,50
"poisson",0.2,"queen","Design 8",0.5,0.5,"control_only",1,"oracle",1,25,0.124629681839034,0.124440585831284,0.96,0.92,50
"poisson",0.2,"queen","Design 8",0.5,0.5,"control_only",1,"oracle",2,25,-0.00296386964744251,0.132965014058926,1,0.84,50
"poisson",0.2,"queen","Design 9",0.5,0.5,"control_only",1,"oracle",1,25,-0.115959396015584,0.186609148639819,0.92,0.68,50
"poisson",0.2,"queen","Design 9",0.5,0.5,"control_only",1,"oracle",2,25,0.122704861520143,0.184065506927693,0.96,0.72,50
"poisson",0.2,"queen","Design 1",0.5,0.5,"both",1,"oracle",1,25,-0.0605943794552548,0.062192908360761,0.92,0.96,50
"poisson",0.2,"queen","Design 1",0.5,0.5,"both",1,"oracle",2,25,0.068181046834947,0.0514943928750679,0.88,1,50
"poisson",0.2,"queen","Design 2",0.5,0.5,"both",1,"oracle",1,25,0.123873993945932,0.149106694357252,0.92,0.8,50
"poisson",0.2,"queen","Design 2",0.5,0.5,"both",1,"oracle",2,25,0.126287216227336,0.219396652036861,0.88,0.8,50
"poisson",0.2,"queen","Design 3",0.5,0.5,"both",1,"oracle",1,25,0.00368752565207635,0.0377298851362224,0.96,1,50
"poisson",0.2,"queen","Design 3",0.5,0.5,"both",1,"oracle",2,25,0.0161443291354101,0.026619172655757,1,1,50
"poisson",0.2,"queen","Design 4",0.5,0.5,"both",1,"oracle",1,25,-0.129670313035379,0.187905183714703,0.92,0.56,21.04
"poisson",0.2,"queen","Design 4",0.5,0.5,"both",1,"oracle",2,25,-0.0786586381264088,0.284061001101443,0.8,0.68,21.12
"poisson",0.2,"queen","Design 5",0.5,0.5,"both",1,"oracle",1,25,0.0643052791373964,0.081174994517383,0.96,1,50
"poisson",0.2,"queen","Design 5",0.5,0.5,"both",1,"oracle",2,25,0.0288724047606673,0.0571934711373819,0.96,1,50
"poisson",0.2,"queen","Design 6",0.5,0.5,"both",1,"oracle",1,25,0.0231979289728555,0.0495478094005249,0.92,1,50
"poisson",0.2,"queen","Design 6",0.5,0.5,"both",1,"oracle",2,25,0.0286113578865002,0.0346483659936019,0.92,1,50
"poisson",0.2,"queen","Design 7",0.5,0.5,"both",1,"oracle",1,25,-0.072545747826947,0.0429456236125386,0.96,0.96,50
"poisson",0.2,"queen","Design 7",0.5,0.5,"both",1,"oracle",2,25,0.0282426419805789,0.0219127956487018,1,1,50
"poisson",0.2,"queen","Design 8",0.5,0.5,"both",1,"oracle",1,25,0.0660679646298687,0.0565498078533351,0.96,0.96,50
"poisson",0.2,"queen","Design 8",0.5,0.5,"both",1,"oracle",2,25,-0.0335394977018931,0.0613734673376756,0.92,1,50
"poisson",0.2,"queen","Design 9",0.5,0.5,"both",1,"oracle",1,25,0.0887105035929597,0.0547937472075428,0.92,1,50
"poisson",0.2,"queen","Design 9",0.5,0.5,"both",1,"oracle",2,25,-0.0269926973743768,0.0390695082785639,0.96,1,50
"poisson",0.2,"queen","Design 1",0.5,0.8,"control_only",1,"oracle",1,25,-0.121896286652748,1.93143285637459,1,0.12,50
"poisson",0.2,"queen","Design 1",0.5,0.8,"control_only",1,"oracle",2,25,-0.216293788038149,1.14942273272911,1,0,50
"poisson",0.2,"queen","Design 2",0.5,0.8,"control_only",1,"oracle",1,25,0.0850684751878222,0.206265182448766,0.96,0.52,50
"poisson",0.2,"queen","Design 2",0.5,0.8,"control_only",1,"oracle",2,25,0.0502259077923194,0.224552338724664,0.96,0.6,50
"poisson",0.2,"queen","Design 3",0.5,0.8,"control_only",1,"oracle",1,25,0.160941352783009,0.186352862009312,0.92,0.92,50
"poisson",0.2,"queen","Design 3",0.5,0.8,"control_only",1,"oracle",2,25,-0.0492129890472261,0.172492167645296,0.84,0.76,50
"poisson",0.2,"queen","Design 4",0.5,0.8,"control_only",1,"oracle",1,25,-0.148178396635527,0.191931421517586,0.92,0.52,21.68
"poisson",0.2,"queen","Design 4",0.5,0.8,"control_only",1,"oracle",2,25,-0.0110940283982991,0.146607577711872,0.96,0.68,21.88
"poisson",0.2,"queen","Design 5",0.5,0.8,"control_only",1,"oracle",1,25,-0.105908981591635,0.644630449803192,0.92,0.24,50
"poisson",0.2,"queen","Design 5",0.5,0.8,"control_only",1,"oracle",2,25,-0.130770763716231,0.546782685303173,0.96,0.32,50
"poisson",0.2,"queen","Design 6",0.5,0.8,"control_only",1,"oracle",1,25,0.129596338880226,0.242401875575656,0.92,0.64,50
"poisson",0.2,"queen","Design 6",0.5,0.8,"control_only",1,"oracle",2,25,-0.0203613687318017,0.166364395005479,0.96,0.72,50
"poisson",0.2,"queen","Design 7",0.5,0.8,"control_only",1,"oracle",1,25,-0.0572249939437358,0.172516530508342,0.96,0.56,50
"poisson",0.2,"queen","Design 7",0.5,0.8,"control_only",1,"oracle",2,25,0.164315683025045,0.287202649770523,0.88,0.76,50
"poisson",0.2,"queen","Design 8",0.5,0.8,"control_only",1,"oracle",1,25,0.109166096976451,0.0962662579958027,1,0.92,50
"poisson",0.2,"queen","Design 8",0.5,0.8,"control_only",1,"oracle",2,25,0.0353079678550919,0.0945678512642023,0.96,0.84,50
"poisson",0.2,"queen","Design 9",0.5,0.8,"control_only",1,"oracle",1,25,0.0429248227076512,0.307433239008244,0.88,0.6,50
"poisson",0.2,"queen","Design 9",0.5,0.8,"control_only",1,"oracle",2,25,0.0512553325165249,0.168557694189523,0.96,0.6,50
"poisson",0.2,"queen","Design 1",0.5,0.8,"both",1,"oracle",1,25,0.0202432969948229,0.0664559994179768,0.96,0.96,50
"poisson",0.2,"queen","Design 1",0.5,0.8,"both",1,"oracle",2,25,0.053912013781915,0.061815998554785,0.92,1,50
"poisson",0.2,"queen","Design 2",0.5,0.8,"both",1,"oracle",1,25,-0.00381538575260028,0.0587035391156992,1,0.8,50
"poisson",0.2,"queen","Design 2",0.5,0.8,"both",1,"oracle",2,25,-0.0193599613320923,0.173708678800697,0.88,0.6,50
"poisson",0.2,"queen","Design 3",0.5,0.8,"both",1,"oracle",1,25,0.0321197222913276,0.0507375514124788,0.88,1,50
"poisson",0.2,"queen","Design 3",0.5,0.8,"both",1,"oracle",2,25,0.075891917674178,0.0498086816731012,0.88,1,50
"poisson",0.2,"queen","Design 4",0.5,0.8,"both",1,"oracle",1,25,-0.0262671921471805,0.187187140271055,0.92,0.6,21.48
"poisson",0.2,"queen","Design 4",0.5,0.8,"both",1,"oracle",2,25,0.0133631080780889,0.273634464179888,0.92,0.68,21.16
"poisson",0.2,"queen","Design 5",0.5,0.8,"both",1,"oracle",1,25,0.0673524756527731,0.104734895251942,0.84,1,50
"poisson",0.2,"queen","Design 5",0.5,0.8,"both",1,"oracle",2,25,-0.00612348725408113,0.0464568064908469,1,1,50
"poisson",0.2,"queen","Design 6",0.5,0.8,"both",1,"oracle",1,25,0.0730640506318255,0.0582999332876375,0.88,1,50
"poisson",0.2,"queen","Design 6",0.5,0.8,"both",1,"oracle",2,25,0.0319963222127677,0.0309566554328823,0.96,1,50
"poisson",0.2,"queen","Design 7",0.5,0.8,"both",1,"oracle",1,25,0.00301996094994052,0.0479893200325536,0.96,1,50
"poisson",0.2,"queen","Design 7",0.5,0.8,"both",1,"oracle",2,25,0.023834988428098,0.039693631360354,0.96,1,50
"poisson",0.2,"queen","Design 8",0.5,0.8,"both",1,"oracle",1,25,0.0291649328586326,0.0356434599277753,0.92,1,50
"poisson",0.2,"queen","Design 8",0.5,0.8,"both",1,"oracle",2,25,0.0123883731789474,0.0415652759790304,1,1,50
"poisson",0.2,"queen","Design 9",0.5,0.8,"both",1,"oracle",1,25,0.0320858133183564,0.0238690127275748,1,1,50
"poisson",0.2,"queen","Design 9",0.5,0.8,"both",1,"oracle",2,25,0.049231546260513,0.0452329345275956,0.96,1,50
"poisson",0.5,"queen","Design 1",0.5,0.5,"control_only",1,"oracle",1,25,-0.202513485920234,3.3062175923014,0.92,0.24,50
"poisson",0.5,"queen","Design 1",0.5,0.5,"control_only",1,"oracle",2,25,-0.0577053434798849,1.87104719049811,0.96,0.04,50
"poisson",0.5,"queen","Design 2",0.5,0.5,"control_only",1,"oracle",1,25,-0.0633842334156601,0.446367861406791,0.8,0.56,50
"poisson",0.5,"queen","Design 2",0.5,0.5,"control_only",1,"oracle",2,25,-0.00847844943640873,0.26949475046263,0.96,0.48,50
"poisson",0.5,"queen","Design 3",0.5,0.5,"control_only",1,"oracle",1,25,0.121242980355973,0.129683414218015,0.92,0.92,50
"poisson",0.5,"queen","Design 3",0.5,0.5,"control_only",1,"oracle",2,25,0.0254606293480797,0.0767529993135318,0.96,0.92,50
"poisson",0.5,"queen","Design 4",0.5,0.5,"control_only",1,"oracle",1,25,-0.134381258820344,0.12379624247421,1,0.72,22
"poisson",0.5,"queen","Design 4",0.5,0.5,"control_only",1,"oracle",2,25,-0.00723006831694415,0.13039326800898,0.92,0.8,21.48
"poisson",0.5,"queen","Design 5",0.5,0.5,"control_only",1,"oracle",1,25,-0.095363699800039,0.468567366843771,0.96,0.2,50
"poisson",0.5,"queen","Design 5",0.5,0.5,"control_only",1,"oracle",2,25,-0.0469884478408023,0.514503849010363,0.92,0.28,50
"poisson",0.5,"queen","Design 6",0.5,0.5,"control_only",1,"oracle",1,25,0.136144095804155,0.274329437427277,0.88,0.72,50
"poisson",0.5,"queen","Design 6",0.5,0.5,"control_only",1,"oracle",2,25,0.0571868682911151,0.265584625848069,0.96,0.72,50
"poisson",0.5,"queen","Design 7",0.5,0.5,"control_only",1,"oracle",1,25,-0.172662490190985,0.201745692653169,0.96,0.44,50
"poisson",0.5,"queen","Design 7",0.5,0.5,"control_only",1,"oracle",2,25,0.134645692019629,0.300292440854121,0.96,0.6,50
"poisson",0.5,"queen","Design 8",0.5,0.5,"control_only",1,"oracle",1,25,-0.0812374568303593,0.199107210818576,0.84,0.68,50
"poisson",0.5,"queen","Design 8",0.5,0.5,"control_only",1,"oracle",2,25,-0.137182285915173,0.118612896322848,0.96,0.68,50
"poisson",0.5,"queen","Design 9",0.5,0.5,"control_only",1,"oracle",1,25,0.00974921937764971,0.223679826752211,0.96,0.6,50
"poisson",0.5,"queen","Design 9",0.5,0.5,"control_only",1,"oracle",2,25,-0.129648385431347,0.185141554778239,0.96,0.56,50
"poisson",0.5,"queen","Design 1",0.5,0.5,"both",1,"oracle",1,25,0.0347867182177082,0.0957834121862928,0.84,0.96,50
"poisson",0.5,"queen","Design 1",0.5,0.5,"both",1,"oracle",2,25,-0.107854354391569,0.0634382947283712,0.96,1,50
"poisson",0.5,"queen","Design 2",0.5,0.5,"both",1,"oracle",1,25,0.0140092715373323,0.18501879030531,0.96,0.68,50
"poisson",0.5,"queen","Design 2",0.5,0.5,"both",1,"oracle",2,25,-0.0298936570402831,0.157823220098455,0.96,0.72,50
"poisson",0.5,"queen","Design 3",0.5,0.5,"both",1,"oracle",1,25,-0.0428021891514951,0.0300686267674775,0.96,1,50
"poisson",0.5,"queen","Design 3",0.5,0.5,"both",1,"oracle",2,25,-0.0211478395882709,0.061582429518062,0.92,1,50
"poisson",0.5,"queen","Design 4",0.5,0.5,"both",1,"oracle",1,25,0.147856802012233,0.111340592624887,1,0.88,21.16
"poisson",0.5,"queen","Design 4",0.5,0.5,"both",1,"oracle",2,25,-0.0476842211027685,0.152192327439844,1,0.72,21.68
"poisson",0.5,"queen","Design 5",0.5,0.5,"both",1,"oracle",1,25,0.0262636117158498,0.0665630754816749,0.96,0.96,50
"poisson",0.5,"queen","Design 5",0.5,0.5,"both",1,"oracle",2,25,0.0306738201342811,0.0534175365724126,0.96,1,50
"poisson",0.5,"queen","Design 6",0.5,0.5,"both",1,"oracle",1,25,0.0236759716365863,0.0368041585365016,1,1,50
"poisson",0.5,"queen","Design 6",0.5,0.5,"both",1,"oracle",2,25,-0.00645073835048577,0.0653917199630016,0.76,1,50
"poisson",0.5,"queen","Design 7",0.5,0.5,"both",1,"oracle",1,25,0.118429904114624,0.0538536997582457,0.84,1,50
"poisson",0.5,"queen","Design 7",0.5,0.5,"both",1,"oracle",2,25,-0.00905920552815957,0.0524262693383578,0.8,1,50
"poisson",0.5,"queen","Design 8",0.5,0.5,"both",1,"oracle",1,25,-0.0178443311960916,0.058489341818712,0.84,1,50
"poisson",0.5,"queen","Design 8",0.5,0.5,"both",1,"oracle",2,25,0.00812790855938412,0.0385366965340144,0.92,1,50
"poisson",0.5,"queen","Design 9",0.5,0.5,"both",1,"oracle",1,25,0.0300381111410866,0.0392290959817644,0.92,1,50
"poisson",0.5,"queen","Design 9",0.5,0.5,"both",1,"oracle",2,25,-0.0391016373195161,0.0394909122827851,0.96,1,50
"poisson",0.5,"queen","Design 1",0.5,0.8,"control_only",1,"oracle",1,25,-0.335167993939389,1.78692003181271,1,0.12,50
"poisson",0.5,"queen","Design 1",0.5,0.8,"control_only",1,"oracle",2,25,-0.0226058561403054,1.61617172948414,1,0.04,50
"poisson",0.5,"queen","Design 2",0.5,0.8,"control_only",1,"oracle",1,25,-0.0113542184061021,0.243912470229259,0.92,0.48,50
"poisson",0.5,"queen","Design 2",0.5,0.8,"control_only",1,"oracle",2,25,0.167600082839333,0.45332618852576,0.88,0.6,50
"poisson",0.5,"queen","Design 3",0.5,0.8,"control_only",1,"oracle",1,25,-0.00743709878334391,0.140395457479458,0.92,0.84,50
"poisson",0.5,"queen","Design 3",0.5,0.8,"control_only",1,"oracle",2,25,-0.00968865842101801,0.154321975013862,0.96,0.84,50
"poisson",0.5,"queen","Design 4",0.5,0.8,"control_only",1,"oracle",1,25,0.0244992188103173,0.12169651613667,1,0.76,20.8
"poisson",0.5,"queen","Design 4",0.5,0.8,"control_only",1,"oracle",2,25,0.0929390893855898,0.136500385013744,0.96,0.84,21.04
"poisson",0.5,"queen","Design 5",0.5,0.8,"control_only",1,"oracle",1,25,0.158824096162356,0.393363085895699,1,0.44,50
"poisson",0.5,"queen","Design 5",0.5,0.8,"control_only",1,"oracle",2,25,0.17203601505811,0.551691237294265,0.96,0.4,50
"poisson",0.5,"queen","Design 6",0.5,0.8,"control_only",1,"oracle",1,25,0.0560336765360373,0.125848433793622,1,0.64,50
"poisson",0.5,"queen","Design 6",0.5,0.8,"control_only",1,"oracle",2,25,0.0641882989495376,0.198432596111078,0.96,0.6,50
"poisson",0.5,"queen","Design 7",0.5,0.8,"control_only",1,"oracle",1,25,-0.154143585400008,0.300799525222024,0.8,0.52,50
"poisson",0.5,"queen","Design 7",0.5,0.8,"control_only",1,"oracle",2,25,0.0711118922743039,0.232450832620218,0.92,0.56,50
"poisson",0.5,"queen","Design 8",0.5,0.8,"control_only",1,"oracle",1,25,0.121660882786776,0.195750259050564,0.92,0.88,50
"poisson",0.5,"queen","Design 8",0.5,0.8,"control_only",1,"oracle",2,25,0.0707015748298622,0.127163815677566,0.92,0.84,50
"poisson",0.5,"queen","Design 9",0.5,0.8,"control_only",1,"oracle",1,25,0.0289721962292373,0.164084297214944,0.92,0.68,50
"poisson",0.5,"queen","Design 9",0.5,0.8,"control_only",1,"oracle",2,25,0.0299580009826545,0.487141787090473,0.76,0.76,50
"poisson",0.5,"queen","Design 1",0.5,0.8,"both",1,"oracle",1,25,-0.0230104890588225,0.0668302036006302,0.92,0.96,50
"poisson",0.5,"queen","Design 1",0.5,0.8,"both",1,"oracle",2,25,0.0258244505078003,0.0293977109454322,1,1,50
"poisson",0.5,"queen","Design 2",0.5,0.8,"both",1,"oracle",1,25,0.144703340315935,0.158703770046404,0.96,0.88,50
"poisson",0.5,"queen","Design 2",0.5,0.8,"both",1,"oracle",2,25,-0.00707542895811759,0.178391356511764,0.96,0.72,50
"poisson",0.5,"queen","Design 3",0.5,0.8,"both",1,"oracle",1,25,0.00763904912243139,0.045840472171415,0.92,1,50
"poisson",0.5,"queen","Design 3",0.5,0.8,"both",1,"oracle",2,25,0.00222399917193414,0.0571069079679943,0.88,1,50
"poisson",0.5,"queen","Design 4",0.5,0.8,"both",1,"oracle",1,25,-0.0347568944620361,0.10436443894477,1,0.76,21.16
"poisson",0.5,"queen","Design 4",0.5,0.8,"both",1,"oracle",2,25,-0.0537965314045025,0.0959018603912087,1,0.72,21.24
"poisson",0.5,"queen","Design 5",0.5,0.8,"both",1,"oracle",1,25,-0.0256305751231531,0.0771137693295585,0.88,0.92,50
"poisson",0.5,"queen","Design 5",0.5,0.8,"both",1,"oracle",2,25,-0.0947274807186736,0.0834063144841164,0.92,0.96,50
"poisson",0.5,"queen","Design 6",0.5,0.8,"both",1,"oracle",1,25,0.0414729323896446,0.0499671436917846,0.84,1,50
"poisson",0.5,"queen","Design 6",0.5,0.8,"both",1,"oracle",2,25,0.0241737632806602,0.0618197594562191,0.92,0.96,50
"poisson",0.5,"queen","Design 7",0.5,0.8,"both",1,"oracle",1,25,0.0128789273514813,0.042355259514473,0.92,1,50
"poisson",0.5,"queen","Design 7",0.5,0.8,"both",1,"oracle",2,25,-0.078730861398125,0.0358843821117313,1,1,50
"poisson",0.5,"queen","Design 8",0.5,0.8,"both",1,"oracle",1,25,-0.0143064466726874,0.060075468541913,0.88,1,50
"poisson",0.5,"queen","Design 8",0.5,0.8,"both",1,"oracle",2,25,0.0752521018637845,0.0383606862425805,0.92,1,50
"poisson",0.5,"queen","Design 9",0.5,0.8,"both",1,"oracle",1,25,0.0251455151898519,0.0327938641921697,0.96,1,50
"poisson",0.5,"queen","Design 9",0.5,0.8,"both",1,"oracle",2,25,-0.0218903391136452,0.0454154290769641,0.92,1,50
