"Primary_College","Region","2018","2019","2020","2021"
"A-B Tech",1,9,14,13,13
"Alamance CC",3,1,1,4,9
"Beaufort County CC",2,4,6,10,10
"Bladen CC",4,10,2,6,5
"Blue Ridge CC",1,9,14,13,13
"Brunswick CC",4,12,7,11,3
"Caldwell CC&TI",3,9,14,14,9
"Cape Fear CC",4,12,10,11,3
"Carteret CC",4,13,9,8,2
"Catawba Valley CC",3,7,14,14,13
"Central Carolina CC",2,7,4,12,4
"Central Piedmont",1,6,12,5,14
"Cleveland CC",1,2,5,2,8
"Coastal Carolina CC",4,12,10,11,3
"College of The Albemarle",2,5,9,1,11
"Craven CC",4,13,9,8,2
"Davidson-Davie CC",3,7,1,14,9
"Durham Tech",3,1,11,4,14
"Edgecombe CC",2,4,6,10,10
"Fayetteville Tech",4,14,4,12,4
"Forsyth Tech",3,1,11,4,9
"Gaston College",1,7,14,13,13
"Guilford Tech",3,1,11,4,14
"Halifax CC",2,4,6,10,10
"Haywood CC",1,2,8,9,6
"Isothermal CC",1,2,8,2,8
"James Sprunt CC",4,13,2,8,5
"Johnston CC",2,14,4,12,11
"Lenoir CC",4,13,9,8,2
"Martin CC",2,4,6,10,10
"Mayland CC",3,2,13,2,6
"McDowell Tech",1,2,8,9,8
"Mitchell CC",3,9,14,14,13
"Montgomery CC",1,8,2,6,1
"Nash CC",2,5,1,1,10
"Pamlico CC",4,8,3,7,12
"Piedmont CC",3,3,1,3,7
"Pitt CC",2,14,4,12,11
"Randolph CC",3,7,1,14,9
"Richmond CC",4,10,2,6,1
"Roanoke-Chowan CC",2,11,6,10,10
"Robeson CC",4,10,7,6,5
"Rockingham CC",3,3,13,3,7
"Rowan-Cabarrus CC",1,7,14,13,4
"Sampson CC",4,13,2,8,5
"Sandhills CC",4,14,4,12,4
"South Piedmont CC",1,14,4,13,4
"Southeastern CC",4,10,7,6,5
"Southwestern CC",1,9,5,2,8
"Stanly CC",1,2,2,14,1
"Surry CC",3,3,1,3,9
"Tri-County CC",1,2,5,9,8
"Vance-Granville CC",2,5,1,1,9
"Wake Tech",2,6,12,5,14
"Wayne CC",2,13,9,8,2
"Western Piedmont CC",1,2,8,2,8
"Wilkes CC",3,3,13,3,7
"Wilson CC",2,4,9,1,2
