"Design","Spillover_Type","MSE","Bias","Coverage"
"Design 1","both",0.0623882115066169,-0.00177223363202881,0.9395
"Design 2","both",0.16173998758869,0.0152058676202784,0.94055
"Design 3","both",0.0441840587854544,0.00948568820981081,0.94245
"Design 4","both",0.160832037796048,0.00574868028605075,0.93855
"Design 5","both",0.0623151589674225,0.00322232373672214,0.9368
"Design 6","both",0.0421368996768446,0.00679644970594894,0.9403
"Design 7","both",0.0420346331743298,0.00929478416531407,0.9386
"Design 8","both",0.0458862338154454,0.0160146812134362,0.93895
"Design 9","both",0.042365903611551,0.0101024021768917,0.941
"Design 1","control_only",2.11140183852116,0.00402380245508085,0.94195
"Design 2","control_only",0.329170354577803,0.0473277834165246,0.93515
"Design 3","control_only",0.135897594688945,0.0396798134095477,0.92935
"Design 4","control_only",0.15949354101697,-0.000516874775928032,0.93945
"Design 5","control_only",0.57614869512645,0.0159587039615214,0.94135
"Design 6","control_only",0.219490412127932,0.0277488476838379,0.9316
"Design 7","control_only",0.217852363388284,0.0257694781913463,0.9329
"Design 8","control_only",0.135455212406612,0.0482157204659118,0.93415
"Design 9","control_only",0.214595763649865,0.0305029866741326,0.9357
