"Neighbor_Type","True_Tau","Estimator","Spillover_Type","Incidence_Mode","Rho_Incidence","Design","Design_Name","N_Fixed_Units","Mean_Allocation_MSE","MCSE_Mean_MSE","Average_Corrected_Within_Variance","RMS_Corrected_Within_SD","N_Negative_Variance","Average_Conditional_Q90","Average_Conditional_Worst10","Observed_Max_Sample_Dependent","Average_Conditional_Coverage","Mean_Allocation_MSE_Ratio_To_SRS","Average_Conditional_Q90_Ratio_To_SRS","Average_Conditional_Worst10_Ratio_To_SRS","Mean_Difference_To_SRS","MCSE_Difference_To_SRS","Share_Fixed_Units_Below_SRS_Mean_MSE","Share_Fixed_Units_Below_SRS_Q90_Estimated","Share_Fixed_Units_Below_SRS_Worst10_Mean_Estimated"
"queen",1,"oracle","both","iid",0,"Design 1","Checkerboard",8,0.0575979690210046,0.00286888560628148,0,0,0,0.0575979690210046,0.0575979690210046,0.0622583753040828,0.95125,1.35459309409545,1.13351335477347,1.05915136274619,0.0150774739202479,0.00287752198859333,0,0,0.25
"queen",1,"oracle","both","iid",0,"Design 2","High Incidence Focus",8,0.173921576935543,0.00888756675790408,0,0,0,0.173921576935543,0.173921576935543,0.20240417879004,0.93,4.09029990181012,3.42273232008937,3.19819046319271,0.131401081834786,0.00889035831950044,0,0,0
"queen",1,"oracle","both","iid",0,"Design 3","Saturation Quadrants",8,0.0449517921404689,0.000242055752066692,6.29284731563127e-06,0.00250855482611628,1,0.0536298369060236,0.0571623570689874,0.0707260371698237,0.94235,1.05717941510208,1.05542152580297,1.05114102834639,0.00243129703971227,0.000328966806862989,0,0.125,0
"queen",1,"oracle","both","iid",0,"Design 4","Isolation Buffer",8,0.163084906089712,0.000965616909781247,0.000204585342166874,0.0143033332537165,1,0.197318362384439,0.213978124941199,0.266774341365558,0.9364875,3.83544231324836,3.88317509638626,3.93477802223715,0.120564410988955,0.000990981427356005,0,0,0
"queen",1,"oracle","both","iid",0,"Design 5","2x2 Blocking",8,0.0610624709944846,0.000436065067897488,7.49140565708278e-05,0.00865529066934368,0,0.0765542024417428,0.0849642684811455,0.112200112379591,0.9389875,1.43607149563501,1.50656719857782,1.56238183873673,0.018541975893728,0.000489674296190335,0,0,0
"queen",1,"oracle","both","iid",0,"Design 6","Balanced Quartiles",8,0.0420199714720589,0.000223311859949961,4.11325000397767e-06,0.0020281148892451,4,0.0502386639446715,0.0537657339710607,0.0713705952565669,0.939675,0.988228650030727,0.988684105970725,0.988681569374974,-0.000500523628697749,0.000315430435600896,0.875,0.5,0.625
"queen",1,"oracle","both","iid",0,"Design 7","Balanced Halves",8,0.0423503042780622,0.00021946081888622,2.02531945581001e-06,0.00142313718797943,3,0.050496580022614,0.0540601793001451,0.0686690059205462,0.9394125,0.99599744023932,0.993759828669418,0.994096034100982,-0.000170190822694462,0.000312715883727178,0.5,0.5,0.625
"queen",1,"oracle","both","iid",0,"Design 8","Incidence-Guided Saturation Quadrants",8,0.0455112502611287,0.000231371869473146,1.54043959245229e-06,0.00124114446880784,4,0.0539532911214265,0.0577829345282962,0.0762007158519597,0.9405625,1.07033679060616,1.06178702234822,1.06255263665287,0.00299075516037202,0.000321187040355862,0,0,0
"queen",1,"oracle","both","iid",0,"Design 9","Simple Random Sampling",8,0.0425204951007567,0.000222773815582217,3.32161617061451e-06,0.0018225301562977,1,0.0508136660044165,0.05438124431211,0.0636594362996352,0.9403625,1,1,1,0,0,0,0,0
"queen",1,"oracle","both","poisson",0.2,"Design 1","Checkerboard",8,0.0569062094694327,0.00283404830990332,0,0,0,0.0569062094694327,0.0569062094694327,0.0736092952711905,0.9475,1.33333572607856,1.11280572798515,1.04248679129026,0.01422662895838,0.00284262929267916,0.125,0.375,0.375
"queen",1,"oracle","both","poisson",0.2,"Design 2","High Incidence Focus",8,0.170782346530178,0.00895650366618955,0,0,0,0.170782346530178,0.170782346530178,0.203580329008631,0.94,4.00150011985123,3.3396631972054,3.12862765071182,0.128102766019125,0.00895922258877402,0,0,0
"queen",1,"oracle","both","poisson",0.2,"Design 3","Saturation Quadrants",8,0.0452610606215807,0.000241622500008834,5.95540800145158e-06,0.00244037046397705,1,0.0541375782149693,0.0576179922194382,0.0705564168687577,0.9394875,1.06048513316244,1.05866491018388,1.05552621391333,0.00258148011052792,0.000327250523669924,0,0,0.125
"queen",1,"oracle","both","poisson",0.2,"Design 4","Isolation Buffer",8,0.161696572961252,0.00100629615359902,0.000273908502438038,0.0165501813415454,0,0.20014692898201,0.217251603337609,0.27403520376224,0.9393375,3.78861673486638,3.91389008486771,3.97991588225084,0.119016992450199,0.00103021523065809,0,0,0
"queen",1,"oracle","both","poisson",0.2,"Design 5","2x2 Blocking",8,0.0616405256642972,0.000417625442148802,6.17280272896905e-05,0.00785671860827983,0,0.0763056678512944,0.0846538850459935,0.106322144592615,0.93895,1.44426268782876,1.49216377359072,1.55080715821103,0.0189609451532445,0.000472358426051343,0,0,0
"queen",1,"oracle","both","poisson",0.2,"Design 6","Balanced Quartiles",8,0.0425142137650166,0.00022033923291217,2.38225079783068e-06,0.00154345417743148,4,0.0506271676030147,0.0544814055285611,0.0703866628399796,0.940025,0.996125389611236,0.99001853445468,0.99806587302149,-0.000165366746036198,0.000311866718795135,0.75,0.75,0.5
"queen",1,"oracle","both","poisson",0.2,"Design 7","Balanced Halves",8,0.0426110404437098,0.000228435118412561,5.49466116906285e-06,0.00234406936097524,1,0.0509058306883429,0.0544715362286301,0.068816730725323,0.939575,0.998394078233145,0.995467814602181,0.997885073510974,-6.85400673429357e-05,0.000317638278637637,0.375,0.5,0.5
"queen",1,"oracle","both","poisson",0.2,"Design 8","Incidence-Guided Saturation Quadrants",8,0.0454401944084623,0.000238670445384932,4.62821009736774e-06,0.00215132751978115,2,0.0540204321091643,0.0573762773904072,0.0681375209813987,0.9412125,1.06468231094011,1.05637410819994,1.05109814676788,0.00276061389740953,0.000325076997389791,0,0,0
"queen",1,"oracle","both","poisson",0.2,"Design 9","Simple Random Sampling",8,0.0426795805110528,0.000220706757331352,2.5150193357793e-06,0.00158588124895255,1,0.0511375957530947,0.0545869836863844,0.0680121127441533,0.9408125,1,1,1,0,0,0,0,0
"queen",1,"oracle","both","poisson",0.5,"Design 1","Checkerboard",8,0.0677103210464294,0.00356342309249285,0,0,0,0.0677103210464294,0.0677103210464294,0.0810997459771563,0.9325,1.5895993666127,1.34877605006555,1.26022294770216,0.0251144805670045,0.00356980455530859,0,0,0
"queen",1,"oracle","both","poisson",0.5,"Design 2","High Incidence Focus",8,0.164455203836265,0.00722404914557346,2.98766517397593e-05,0.00546595387281665,2,0.175448937693062,0.175448937693062,0.202746357360775,0.942325,3.86082777062944,3.49490774098646,3.26545161821269,0.12185936335684,0.0072271990760357,0,0,0
"queen",1,"oracle","both","poisson",0.5,"Design 3","Saturation Quadrants",8,0.0449758464691286,0.000236380041851978,4.00930050777961e-06,0.00200232377696006,1,0.0531118793590162,0.0568076019822079,0.0725749861164776,0.9416625,1.05587414082963,1.05797801201224,1.05730178967575,0.00238000598970365,0.000318427309093637,0,0,0.25
"queen",1,"oracle","both","poisson",0.5,"Design 4","Isolation Buffer",8,0.162251763267082,0.000978656012817427,0.000232255607201622,0.0152399346193355,0,0.19683031890413,0.215207291027436,0.262223587197484,0.9386,3.80909876271732,3.92082057745101,4.00543318173935,0.119655922787657,0.00100164266004118,0,0,0
"queen",1,"oracle","both","poisson",0.5,"Design 5","2x2 Blocking",8,0.0622173054688408,0.000432309622015919,7.13794661478823e-05,0.00844863694023375,0,0.0771407202841163,0.086227666607965,0.125600762824479,0.9389,1.46064274747422,1.53662771636657,1.60486736005366,0.0196214649894159,0.000482091315290183,0,0,0
"queen",1,"oracle","both","poisson",0.5,"Design 6","Balanced Quartiles",8,0.0420269993594207,0.000230521472841782,6.8576707850563e-06,0.00261871548379283,1,0.0498876964191479,0.0545368219631797,0.0734094539719953,0.939275,0.986645618126048,0.993752932834984,1.01503808386344,-0.000568841120004195,0.000314102811881423,0.75,0.5,0.25
"queen",1,"oracle","both","poisson",0.5,"Design 7","Balanced Halves",8,0.0423711285007751,0.000220908305158063,3.06106610750729e-06,0.00174959026846496,4,0.0505783096236689,0.0543567840458015,0.0730019825275954,0.93945,0.994724555822338,1.00750980971463,1.01168722226022,-0.000224711978649796,0.000307117088874064,0.625,0.375,0.375
"queen",1,"oracle","both","poisson",0.5,"Design 8","Incidence-Guided Saturation Quadrants",8,0.045899614855271,0.000236940324097217,2.78179264121885e-06,0.00166787069079676,3,0.0546815524549345,0.0579156562761426,0.0728579321305498,0.9397,1.07756096225973,1.0892455860761,1.07792487086833,0.00330377437584611,0.000318843447751348,0,0,0
"queen",1,"oracle","both","poisson",0.5,"Design 9","Simple Random Sampling",8,0.0425958404794249,0.000213355166308838,-5.01701655414433e-08,NA,5,0.0502013073579848,0.0537288431145374,0.073689617958897,0.93995,1,1,1,0,0,0,0,0
"queen",1,"oracle","both","spatial",0.2,"Design 1","Checkerboard",8,0.0594199501381678,0.00286943056103324,0,0,0,0.0594199501381678,0.0594199501381678,0.070042603620708,0.94875,1.38051165013466,1.15694167155396,1.06968470969806,0.0163779735403089,0.00287906015096497,0,0.125,0.25
"queen",1,"oracle","both","spatial",0.2,"Design 2","High Incidence Focus",8,0.175453780559414,0.00900634173227917,0,0,0,0.175453780559414,0.175453780559414,0.236324058974737,0.92375,4.07634115409424,3.41618917028478,3.15853893998086,0.132411803961555,0.00900941435426722,0,0,0
"queen",1,"oracle","both","spatial",0.2,"Design 3","Saturation Quadrants",8,0.0452955560174106,0.000233765176276397,2.92045228985805e-06,0.00170893308524882,2,0.0539775918604401,0.0572179396563812,0.0685447114986779,0.9399625,1.05235771211455,1.05097572798806,1.03004386621898,0.00225357941955171,0.00033166514125309,0,0.125,0.375
"queen",1,"oracle","both","spatial",0.2,"Design 4","Isolation Buffer",8,0.161672372115446,0.00092311669791502,0.000161662015543322,0.0127146378455433,1,0.193148836532543,0.211554162339032,0.296130781108901,0.938125,3.75615584818399,3.76072240513586,3.80842212423342,0.118630395517587,0.000952627968439111,0,0,0
"queen",1,"oracle","both","spatial",0.2,"Design 5","2x2 Blocking",8,0.0621714461380787,0.000414404514888257,5.89365309903083e-05,0.00767701315553831,0,0.076788191021646,0.0853466467127326,0.116278886360761,0.9381,1.44443752476673,1.49511162277336,1.53642005421292,0.0191294695402198,0.000476536158379056,0,0,0
"queen",1,"oracle","both","spatial",0.2,"Design 6","Balanced Quartiles",8,0.0423272767547455,0.000223331744200927,3.60663907004183e-06,0.00189911533879378,2,0.0508647835868609,0.0542238303109463,0.065930577720355,0.9397875,0.983395282939933,0.990367504674384,0.976143568784728,-0.00071469984311346,0.000324395863492008,0.875,0.625,0.75
"queen",1,"oracle","both","spatial",0.2,"Design 7","Balanced Halves",8,0.0428516134189856,0.000220317444646929,2.03227338619518e-06,0.00142557826379164,2,0.0511218446800937,0.0542876272845735,0.0629346855143171,0.938,0.995577266800456,0.995372636624253,0.977292049169774,-0.000190363178873332,0.00032232806998251,0.5,0.5,0.75
"queen",1,"oracle","both","spatial",0.2,"Design 8","Incidence-Guided Saturation Quadrants",8,0.0458737889220174,0.000247818604879241,6.82388169164033e-06,0.0026122560539963,1,0.0549567596741081,0.0592527828565128,0.0729189164802237,0.94025,1.06579187453718,1.07004070607106,1.06667534525511,0.00283181232415846,0.000341715772546704,0,0,0.125
"queen",1,"oracle","both","spatial",0.2,"Design 9","Simple Random Sampling",8,0.0430419765978589,0.000235277725853718,7.16215190182309e-06,0.00267621970357874,1,0.0513595037668208,0.0555490319712432,0.072158616679489,0.939225,1,1,1,0,0,0,0,0
"queen",1,"oracle","both","spatial",0.5,"Design 1","Checkerboard",8,0.0591522661053044,0.00290888723016218,0,0,0,0.0591522661053044,0.0591522661053044,0.0693697856343692,0.94875,1.37523800970111,1.16276060177284,1.09588812923772,0.0161398815667469,0.0029169489677868,0,0.125,0.125
"queen",1,"oracle","both","spatial",0.5,"Design 2","High Incidence Focus",8,0.151800019470312,0.00752912144345576,0,0,0,0.151800019470312,0.151800019470312,0.166968852202298,0.9275,3.52921655236839,2.98394454870428,2.81233248206279,0.108787634931754,0.00753223977799282,0,0,0
"queen",1,"oracle","both","spatial",0.5,"Design 3","Saturation Quadrants",8,0.045513043073169,0.000238719469985651,3.92864654034835e-06,0.0019820813657235,3,0.0540647466116796,0.0579286360701292,0.0680056728343199,0.940675,1.05813810513969,1.06275484345739,1.07321847144743,0.00250065853461148,0.000322417971307626,0,0,0
"queen",1,"oracle","both","spatial",0.5,"Design 4","Isolation Buffer",8,0.162792066544599,0.000950300251842652,0.000184098775087485,0.0135683003757834,0,0.197324862366106,0.211285950103355,0.271463483666044,0.93855,3.7847719509405,3.87882985414451,3.91440226788227,0.119779682006042,0.000974698379768892,0,0,0
"queen",1,"oracle","both","spatial",0.5,"Design 5","2x2 Blocking",8,0.0618855013104108,0.000439066349730206,7.40009276308108e-05,0.00860237918431935,0,0.0779078419705502,0.085728137848508,0.106256430996336,0.9377125,1.43878331727772,1.53144038558443,1.58824766649828,0.0188731167718533,0.000489638256611248,0,0,0
"queen",1,"oracle","both","spatial",0.5,"Design 6","Balanced Quartiles",8,0.0422321264560021,0.000223825023156477,3.35879497031664e-06,0.00183270154971196,3,0.0500686911980341,0.0543772492344593,0.0690097307626499,0.939575,0.98185968783349,0.984204077723134,1.00742348282243,-0.000780258082555406,0.000311550965113081,0.75,0.75,0.5
"queen",1,"oracle","both","spatial",0.5,"Design 7","Balanced Halves",8,0.0425245313865754,0.00021576258649728,9.10828223330115e-07,0.000954373209667012,2,0.0505569773284976,0.0540585849346489,0.0673020584834703,0.9389375,0.988657844543707,0.993802355393245,1.00151972889435,-0.000487853151982166,0.000305810164324032,0.625,0.5,0.5
"queen",1,"oracle","both","spatial",0.5,"Design 8","Incidence-Guided Saturation Quadrants",8,0.0460368824748312,0.000243681728061982,4.06007616368131e-06,0.00201496306757253,2,0.0550929704737657,0.0588188472968716,0.0699128408543159,0.9398875,1.07031690915816,1.08296671825705,1.08971102498992,0.00302449793627368,0.000326109103618971,0,0,0
"queen",1,"oracle","both","spatial",0.5,"Design 9","Simple Random Sampling",8,0.0430123845385575,0.000216717241750385,6.39567409732971e-07,0.000799729585380565,5,0.0508722655507214,0.0539765552040879,0.0663390870097001,0.9382,1,1,1,0,0,0,0,0
"queen",1,"oracle","control_only","iid",0,"Design 1","Checkerboard",8,2.00497769318452,0.105753593382742,0,0,0,2.00497769318452,2.00497769318452,2.50519850501346,0.94375,9.23329304192834,6.79552943823117,5.8485891813483,1.78783114708446,0.105776575139454,0,0,0
"queen",1,"oracle","control_only","iid",0,"Design 2","High Incidence Focus",8,0.302503616585285,0.0156010832303386,0,0,0,0.302503616585285,0.302503616585285,0.404979468029409,0.955,1.3930850939986,1.02528434040164,0.882413497812719,0.0853570704852173,0.0157561141411849,0.125,0.5,0.625
"queen",1,"oracle","control_only","iid",0,"Design 3","Saturation Quadrants",8,0.13423114332567,0.000947405065513179,0.000319793135810562,0.0178827608553758,0,0.168894750377182,0.187461613315398,0.237620475211569,0.933625,0.618159237328196,0.572439908958735,0.546832000815498,-0.0829154027743978,0.00239977316183308,1,1,1
"queen",1,"oracle","control_only","iid",0,"Design 4","Isolation Buffer",8,0.163068986000483,0.000978137942504404,0.000224533557633594,0.0149844438546645,0,0.196615513737426,0.218234112305977,0.264398855358054,0.938825,0.750962835601982,0.666394701625571,0.636596443228567,-0.0540775600995843,0.00241207145513168,1,1,1
"queen",1,"oracle","control_only","iid",0,"Design 5","2x2 Blocking",8,0.579267742240168,0.0055179311646049,0.0172100978121456,0.131187262385285,0,0.79252797797845,0.897287115404527,1.45879416388085,0.9387,2.66763507246035,2.68613821654061,2.61741750721571,0.3621211961401,0.00594212918131307,0,0,0
"queen",1,"oracle","control_only","iid",0,"Design 6","Balanced Quartiles",8,0.212279433816343,0.00225289513171782,0.00308433504536986,0.0555367900167975,0,0.288534837530192,0.347707478348212,0.553561232536548,0.9349125,0.977586047896512,0.977939549680173,1.01427472388048,-0.00486711228372474,0.00315228034042218,0.625,0.625,0.375
"queen",1,"oracle","control_only","iid",0,"Design 7","Balanced Halves",8,0.211413830341991,0.00213661294466778,0.00266549825969158,0.0516284636580596,0,0.291351687264276,0.337448112889496,0.496372678116981,0.93675,0.973599783827855,0.987486780732226,0.984347800487111,-0.00573271575807641,0.00307025239115878,0.75,0.625,0.625
"queen",1,"oracle","control_only","iid",0,"Design 8","Incidence-Guided Saturation Quadrants",8,0.141668528849338,0.000976166000845081,0.000317383482660437,0.0178152598257908,0,0.175185498707789,0.195547377464388,0.251764711437086,0.932875,0.652409773002112,0.59376132595727,0.570418454113941,-0.0754780172507298,0.00241127247139352,1,1,1
"queen",1,"oracle","control_only","iid",0,"Design 9","Simple Random Sampling",8,0.217146546100067,0.00220484350240427,0.00286090079901894,0.0534873891587442,0,0.295043632936775,0.342813904518817,0.56131333515504,0.935325,1,1,1,0,0,0,0,0
"queen",1,"oracle","control_only","poisson",0.2,"Design 1","Checkerboard",8,2.2945758475265,0.116376719822119,0,0,0,2.2945758475265,2.2945758475265,2.92282731898801,0.92875,10.5667224474476,7.6645310975255,6.5546815484029,2.07742470544452,0.11639876326992,0,0,0
"queen",1,"oracle","control_only","poisson",0.2,"Design 2","High Incidence Focus",8,0.266790831710567,0.0130418947937878,0,0,0,0.266790831710567,0.266790831710567,0.353726592796364,0.9425,1.22859511192372,0.891156693898183,0.762114245986425,0.0496396896285922,0.0132371520359545,0.125,0.875,0.875
"queen",1,"oracle","control_only","poisson",0.2,"Design 3","Saturation Quadrants",8,0.133077154633257,0.000861420016292578,0.000205901524030752,0.0143492691113782,0,0.1638138233329,0.178661315643944,0.240544740302557,0.93295,0.612831935201243,0.54718441514715,0.510363617017555,-0.0840739874487182,0.00242347243747786,1,1,1
"queen",1,"oracle","control_only","poisson",0.2,"Design 4","Isolation Buffer",8,0.163941065424991,0.000988147037438802,0.000238509488512533,0.015443752410361,0,0.196154558207893,0.21753272673882,0.305578732252353,0.936875,0.754962943566297,0.655211599532193,0.62140362527818,-0.053210076656984,0.00247135767916027,1,1,1
"queen",1,"oracle","control_only","poisson",0.2,"Design 5","2x2 Blocking",8,0.583785191190743,0.00577648888945431,0.0194084504254073,0.13931421472846,0,0.795160281834326,0.922067258349737,1.4170846270934,0.9381875,2.68838185972037,2.65605981785527,2.63397579609609,0.366634049108768,0.00620475608712659,0,0,0
"queen",1,"oracle","control_only","poisson",0.2,"Design 6","Balanced Quartiles",8,0.219213676676486,0.00231411576057083,0.00321319077733676,0.0566850136926574,0,0.304620622556027,0.356406460079385,0.629344961506534,0.934125,1.0094981521844,1.01751887480428,1.0181101008852,0.00206253459451089,0.0032382566241834,0.25,0.125,0.375
"queen",1,"oracle","control_only","poisson",0.2,"Design 7","Balanced Halves",8,0.216332628618017,0.00211195780998379,0.00252140442765382,0.0502135880778681,0,0.290750986684742,0.339541318428812,0.517963117813456,0.9340875,0.996230673916285,0.971190375547476,0.969933165305848,-0.000818513463958004,0.00309702114973355,0.5,0.5,0.625
"queen",1,"oracle","control_only","poisson",0.2,"Design 8","Incidence-Guided Saturation Quadrants",8,0.141622209032495,0.000976414588369218,0.000324504093655268,0.0180139971593,0,0.177038928981669,0.196784481856132,0.258089357594747,0.9322375,0.652182658007998,0.591360001507616,0.562134223466553,-0.07552893304948,0.00246669002088337,1,1,1
"queen",1,"oracle","control_only","poisson",0.2,"Design 9","Simple Random Sampling",8,0.217151142081975,0.0022652095291044,0.00306804321256628,0.055389919773965,0,0.299375893753931,0.35006671652654,0.580496484907488,0.9363125,1,1,1,0,0,0,0,0
"queen",1,"oracle","control_only","poisson",0.5,"Design 1","Checkerboard",8,2.13498441415731,0.100550637835472,0,0,0,2.13498441415731,2.13498441415731,2.55664656422911,0.94125,9.7639508410579,7.03368074926316,6.0001578691686,1.91632452443525,0.100577205419741,0,0,0
"queen",1,"oracle","control_only","poisson",0.5,"Design 2","High Incidence Focus",8,0.292218998039014,0.0116972033615308,0.000434118380845688,0.020835507693495,2,0.312461915998633,0.312461915998633,0.40261601168725,0.9346375,1.33640878722869,1.02940206441972,0.878142627956701,0.0735591083169566,0.0119234243154144,0,0.375,0.75
"queen",1,"oracle","control_only","poisson",0.5,"Design 3","Saturation Quadrants",8,0.137410632545579,0.000966933185048687,0.000329123638691028,0.0181417650379181,0,0.172505726165773,0.189769972686886,0.268546362222309,0.931375,0.628421759108377,0.568318062288422,0.533329324279195,-0.0812492571764784,0.00250568168544162,1,1,1
"queen",1,"oracle","control_only","poisson",0.5,"Design 4","Isolation Buffer",8,0.162805830868351,0.00101079693830923,0.000266988246448365,0.0163397749815707,0,0.200145440396518,0.217929499803229,0.276388770524135,0.9386375,0.744561936234838,0.659376771949614,0.612468828576644,-0.0558540588537061,0.00252293308966061,1,1,1
"queen",1,"oracle","control_only","poisson",0.5,"Design 5","2x2 Blocking",8,0.579085827125998,0.00576004703370952,0.0193435241143745,0.139080998394369,0,0.791888190154166,0.918753110456444,1.44401068069612,0.9392125,2.6483404334562,2.60886622015677,2.58206273964966,0.36042593740394,0.00620657898966531,0,0,0
"queen",1,"oracle","control_only","poisson",0.5,"Design 6","Balanced Quartiles",8,0.21752655785442,0.00220294797898062,0.00285619853376597,0.0534434143161341,0,0.292581022424338,0.346068818927725,0.674209004989674,0.9357125,0.994816919238924,0.963904697092635,0.972591431297482,-0.00113333186763742,0.00319318974107458,0.375,0.75,0.625
"queen",1,"oracle","control_only","poisson",0.5,"Design 7","Balanced Halves",8,0.217906790890134,0.00223291754225236,0.00295389616017254,0.0543497576827399,0,0.298216545489351,0.348418115949941,0.577043024761317,0.9358125,0.996555843722043,0.982470860775876,0.979193893086612,-0.000753098831923565,0.00321393865450283,0.5,0.625,0.5
"queen",1,"oracle","control_only","poisson",0.5,"Design 8","Incidence-Guided Saturation Quadrants",8,0.146965273023368,0.000985606726712319,0.000307750047497355,0.0175428061466048,0,0.182010764856323,0.202334428670445,0.25741774528854,0.9337625,0.672118115536315,0.599632299158439,0.568640457672799,-0.0716946166986896,0.00251294678498167,1,1,1
"queen",1,"oracle","control_only","poisson",0.5,"Design 9","Simple Random Sampling",8,0.218659889722057,0.00231159705061439,0.0032210998881903,0.0567547345002186,0,0.303537292957314,0.355821373488818,0.570082157702476,0.93505,1,1,1,0,0,0,0,0
"queen",1,"oracle","control_only","spatial",0.2,"Design 1","Checkerboard",8,2.10335234562939,0.10862658104942,0,0,0,2.10335234562939,2.10335234562939,2.63518566768481,0.94125,9.69413056010912,7.00353404536225,6.00445145654959,1.88638060870183,0.10864940977233,0,0,0
"queen",1,"oracle","control_only","spatial",0.2,"Design 2","High Incidence Focus",8,0.309359381732486,0.0149803901764405,0,0,0,0.309359381732486,0.309359381732486,0.434510721907039,0.94625,1.42580497401731,1.03007418929013,0.883129920719524,0.0923876448049293,0.0151450395584816,0,0.375,0.75
"queen",1,"oracle","control_only","spatial",0.2,"Design 3","Saturation Quadrants",8,0.135762325837198,0.000911584515068582,0.000263730861295479,0.0162397925262449,0,0.169257607635253,0.185187700972405,0.270255474774964,0.9315125,0.625714333855965,0.563577196171264,0.528656343835772,-0.081209411090359,0.0024064745412517,1,1,1
"queen",1,"oracle","control_only","spatial",0.2,"Design 4","Isolation Buffer",8,0.16210674133719,0.00100858155365921,0.000273277008980997,0.0165310921895983,0,0.197171586204877,0.217001407216481,0.269419708265323,0.9392875,0.747132984381804,0.656522393707994,0.619475105225138,-0.0548649955903677,0.00244486607812399,1,1,1
"queen",1,"oracle","control_only","spatial",0.2,"Design 5","2x2 Blocking",8,0.577295579106569,0.00565113762909284,0.0184544956383349,0.135847324737497,0,0.783368984145712,0.904958692655213,1.41739626474176,0.9385,2.66069483187719,2.60838435459735,2.58339053441132,0.360323842179012,0.00607416577749808,0,0,0
"queen",1,"oracle","control_only","spatial",0.2,"Design 6","Balanced Quartiles",8,0.216594934317622,0.00224844226638557,0.00300403807796053,0.0548091057942066,0,0.294358375837699,0.346655522469752,0.505836451281597,0.9351,0.998263356254273,0.980125327551803,0.989599417871958,-0.000376802609934862,0.00316474738562951,0.625,0.625,0.75
"queen",1,"oracle","control_only","spatial",0.2,"Design 7","Balanced Halves",8,0.220076400907783,0.0022030869914091,0.00280863084017785,0.0529965172457385,0,0.297165037091486,0.346201443001775,0.508024809597954,0.9338,1.01430907096099,0.989470669850511,0.988303154728719,0.00310466398022552,0.00313268665545977,0.25,0.625,0.5
"queen",1,"oracle","control_only","spatial",0.2,"Design 8","Incidence-Guided Saturation Quadrants",8,0.135016851785441,0.000851816088107078,0.000170788798876957,0.0130686188588143,0,0.166171571316749,0.181940364034051,0.23570386737432,0.932975,0.62227852206631,0.553301618488437,0.519386153299259,-0.0819548851421166,0.0023844756315672,1,1,1
"queen",1,"oracle","control_only","spatial",0.2,"Design 9","Simple Random Sampling",8,0.216971736927557,0.00222713569177537,0.00292803542417679,0.0541113243616971,0,0.300327282198654,0.350298834264881,0.491026992201959,0.9338,1,1,1,0,0,0,0,0
"queen",1,"oracle","control_only","spatial",0.5,"Design 1","Checkerboard",8,2.10543140661402,0.10100261235847,0,0,0,2.10543140661402,2.10543140661402,2.3735632033632,0.95375,9.75176278520969,7.22034144470285,6.12395531664911,1.8895287587556,0.101025911917927,0,0,0
"queen",1,"oracle","control_only","spatial",0.5,"Design 2","High Incidence Focus",8,0.327947571020401,0.0157256068471728,0,0,0,0.327947571020401,0.327947571020401,0.418047071945482,0.935,1.51896039383198,1.12465950269845,0.953883496191582,0.112044923161975,0.015874567279936,0,0.375,0.625
"queen",1,"oracle","control_only","spatial",0.5,"Design 3","Saturation Quadrants",8,0.136102544364524,0.000943432248868667,0.000295610203709409,0.0171933185775582,0,0.170242081444053,0.188401850495057,0.255913137977822,0.930325,0.63038849089878,0.583826170931777,0.547994349462673,-0.0798001034939018,0.00236584868949283,1,1,1
"queen",1,"oracle","control_only","spatial",0.5,"Design 4","Isolation Buffer",8,0.163919256891867,0.000969808479881649,0.000211890673646956,0.0145564650120472,0,0.198357053499631,0.21793322808894,0.284972293919364,0.938175,0.759227635778486,0.680243321978281,0.633890682278794,-0.0519833909665581,0.00237648986974906,1,1,1
"queen",1,"oracle","control_only","spatial",0.5,"Design 5","2x2 Blocking",8,0.586758222639435,0.00602827852672214,0.0217664591714091,0.147534603301765,0,0.8084841247745,0.94414673280402,1.59039465518133,0.9395375,2.71769813135498,2.77260584940243,2.74618892160947,0.370855574781009,0.00640681805650112,0,0,0
"queen",1,"oracle","control_only","spatial",0.5,"Design 6","Balanced Quartiles",8,0.217149095540764,0.00218130932762442,0.00278053866137262,0.0527308132060622,0,0.298828880057471,0.345043493058029,0.521953903779105,0.9352,1.00577319312525,1.02480020995937,1.0036094869441,0.00124644768233856,0.00307657049263476,0.5,0.375,0.375
"queen",1,"oracle","control_only","spatial",0.5,"Design 7","Balanced Halves",8,0.218311240743511,0.0021830180815715,0.00277044083053097,0.0526349772540178,0,0.300210102571942,0.344168958502352,0.566894355021802,0.9343,1.01115592100874,1.02953695803592,1.00106577522545,0.00240859288508602,0.00307778224665711,0.375,0.5,0.625
"queen",1,"oracle","control_only","spatial",0.5,"Design 8","Incidence-Guided Saturation Quadrants",8,0.139098675357248,0.000921970735093624,0.00025279841281622,0.0158996356189763,0,0.173325101722832,0.191289291468709,0.250204083929843,0.930525,0.644265722245608,0.59439904403693,0.5563928940301,-0.0768039725011777,0.00235737261580316,1,1,1
"queen",1,"oracle","control_only","spatial",0.5,"Design 9","Simple Random Sampling",8,0.215902647858425,0.00216960263951019,0.00273767512973242,0.0523227974188348,0,0.291597208073679,0.343802542270355,0.537269503722143,0.935675,1,1,1,0,0,0,0,0
