"Neighbor_Type","True_Tau","Estimator","Spillover_Type","Rho","Gamma","Design","Design_Name","N_Fixed_Units","Mean_Allocation_MSE","MCSE_Mean_MSE","Average_Corrected_Within_Variance","RMS_Corrected_Within_SD","N_Negative_Variance","Average_Conditional_Q90","Average_Conditional_Worst10","Observed_Max_Sample_Dependent","Average_Conditional_Coverage","Mean_Allocation_MSE_Ratio_To_SRS","Average_Conditional_Q90_Ratio_To_SRS","Average_Conditional_Worst10_Ratio_To_SRS","Mean_Difference_To_SRS","MCSE_Difference_To_SRS","Share_Fixed_Units_Below_SRS_Mean_MSE","Share_Fixed_Units_Below_SRS_Q90_Estimated","Share_Fixed_Units_Below_SRS_Worst10_Mean_Estimated"
"queen",1,"oracle","both",0.5,0.5,"Design 1","Checkerboard",10,0.0573917929274953,0.0026685054323123,0,0,0,0.0573917929274953,0.0573917929274953,0.0710117894982868,0.953,1.32936741322412,1.12260154091514,1.04865033677419,0.0142195349372812,0.00267593517149359,0,0.3,0.4
"queen",1,"oracle","both",0.5,0.5,"Design 2","High Incidence Focus",10,0.170518558191714,0.00743764189020728,7.3072856839937e-06,0.00270319915729376,0,0.173283693910047,0.173283693910047,0.236324058974737,0.91852,3.94972526640524,3.38948361562149,3.16620190287157,0.1273463002015,0.00744031079234747,0,0,0
"queen",1,"oracle","both",0.5,0.5,"Design 3","Saturation Quadrants",10,0.0460397530910046,0.00021507891784551,3.41310405559642e-06,0.00184745881025706,3,0.0546034785314474,0.0585278118584295,0.0705564168687577,0.9401,1.0664198546539,1.06806123335734,1.06940742718276,0.00286749510079051,0.000293200853780714,0,0,0.1
"queen",1,"oracle","both",0.5,0.5,"Design 4","Isolation Buffer",10,0.163790550110709,0.000886013470609265,0.000238439835500926,0.015441497191041,2,0.198132813349759,0.216004483788909,0.285505834347239,0.93866,3.79388426122708,3.87554021623416,3.94678686822235,0.120618292120494,0.000908145181046081,0,0,0
"queen",1,"oracle","both",0.5,0.5,"Design 5","2x2 Blocking",10,0.0624285236010969,0.000399033186397694,7.84482256913464e-05,0.00885710029814196,0,0.0782323105870421,0.086907598501268,0.125600762824479,0.93822,1.44603332110282,1.53024862849843,1.58795670579111,0.0192562656108828,0.00044602161786492,0,0,0
"queen",1,"oracle","both",0.5,0.5,"Design 6","Balanced Quartiles",10,0.0429423916945732,0.00020007535728172,2.40141950338872e-06,0.00154965141350844,5,0.050969666480451,0.0548316419641872,0.0669878115252489,0.93891,0.994675601732645,0.996982725442488,1.00187181613697,-0.000229866295640896,0.000282379086243213,0.7,0.5,0.5
"queen",1,"oracle","both",0.5,0.5,"Design 7","Balanced Halves",10,0.0432085208909333,0.000201938190450743,3.43479124874356e-06,0.00185331898191962,2,0.0518722144774478,0.055201335999577,0.0626459472035609,0.93876,1.00083995839938,1.01463684845374,1.00862678500865,3.62629007192028e-05,0.000283702013596422,0.4,0.3,0.4
"queen",1,"oracle","both",0.5,0.5,"Design 8","Incidence-Guided Saturation Quadrants",10,0.0467820756111057,0.000209989322107476,-1.20036514929748e-07,NA,6,0.0551317822915867,0.0589974771592209,0.0762007158519597,0.93946,1.08361428817807,1.07839502125543,1.07798904923573,0.00360981762089156,0.000289488022472954,0,0,0
"queen",1,"oracle","both",0.5,0.5,"Design 9","Simple Random Sampling",10,0.0431722579902141,0.000199268160417423,2.27575192337987e-06,0.0015085595524804,4,0.0511239213877344,0.0547291989663984,0.073689617958897,0.93963,1,1,1,0,0,0,0,0
"queen",1,"oracle","both",0.5,0.8,"Design 1","Checkerboard",10,0.062170461724851,0.00272006713490798,0,0,0,0.062170461724851,0.062170461724851,0.0736092952711905,0.937,1.42378774758158,1.18871514847861,1.10942707313554,0.0185049211058559,0.00272785933709963,0,0,0.2
"queen",1,"oracle","both",0.5,0.8,"Design 2","High Incidence Focus",10,0.164212738951979,0.00804167032458112,-5.24898814763092e-06,NA,1,0.165412022986781,0.165412022986781,0.203112615350836,0.94325,3.7606940535747,3.16272023738698,2.951764735733,0.120547198332984,0.00804430935219698,0,0,0
"queen",1,"oracle","both",0.5,0.8,"Design 3","Saturation Quadrants",10,0.0469147998812751,0.000225915263494109,6.89336323970385e-06,0.00262552151766156,1,0.0562009837435598,0.05958338212719,0.0725749861164776,0.93982,1.07441243635643,1.07457720084239,1.06326083813628,0.00324925926228006,0.000305759792769993,0,0,0.1
"queen",1,"oracle","both",0.5,0.8,"Design 4","Isolation Buffer",10,0.165002171755693,0.000880789448538035,0.000226506969742351,0.015050148495691,0,0.201613503335206,0.217384964486415,0.296130781108901,0.93764,3.77877313361181,3.85490181194204,3.87921785045123,0.121336631136698,0.000904566966703445,0,0,0
"queen",1,"oracle","both",0.5,0.8,"Design 5","2x2 Blocking",10,0.0620644773734448,0.000378496798041894,6.37462230832274e-05,0.00798412318812951,0,0.0774075146954672,0.0859630124244762,0.106322144592615,0.93878,1.42136056243962,1.48005150310475,1.53400329716193,0.0183989367544498,0.000430942189537184,0,0,0
"queen",1,"oracle","both",0.5,0.8,"Design 6","Balanced Quartiles",10,0.0431447472334256,0.000205245321181903,4.55681523917346e-06,0.0021346698197083,3,0.0515016945381077,0.055813435137021,0.0713705952565669,0.9397,0.988073126355778,0.984725587863781,0.995986426154436,-0.000520793385569401,0.000290821227667787,0.8,0.6,0.5
"queen",1,"oracle","both",0.5,0.8,"Design 7","Balanced Halves",10,0.0437329596659772,0.000200442875420545,1.35323936989848e-06,0.00116328817147708,3,0.0522395910317625,0.0555941781898088,0.0673020584834703,0.93796,1.00154398745616,0.998834357779287,0.992073802917266,6.74190469822228e-05,0.000287452067138145,0.4,0.3,0.5
"queen",1,"oracle","both",0.5,0.8,"Design 8","Incidence-Guided Saturation Quadrants",10,0.0473931545425302,0.000217946573131254,2.99618468722352e-06,0.0017309490712391,5,0.0564660945223415,0.0601689968516099,0.0729189164802237,0.9404,1.08536740575505,1.07964618682093,1.073711087526,0.00372761392353517,0.000299920078245511,0,0,0
"queen",1,"oracle","both",0.5,0.8,"Design 9","Simple Random Sampling",10,0.043665540618995,0.000206037240796746,4.5218294513981e-06,0.00212645936979715,3,0.0523005547665651,0.0560383491896773,0.072158616679489,0.93934,1,1,1,0,0,0,0,0
"queen",1,"oracle","both",0,0.5,"Design 1","Checkerboard",10,0.0580600415578289,0.00265077732081235,0,0,0,0.0580600415578289,0.0580600415578289,0.0761740992301097,0.957,1.38095153101671,1.16013610768201,1.09156674091775,0.0160165373118234,0.00265785188272865,0.1,0.2,0.2
"queen",1,"oracle","both",0,0.5,"Design 2","High Incidence Focus",10,0.164579590263389,0.00730906952516018,2.61933360356873e-05,0.00511794255884993,0,0.167592665230872,0.167592665230872,0.203580329008631,0.9364,3.91450696641267,3.34877993711632,3.1508516783539,0.122536086017384,0.00731163822611707,0,0,0
"queen",1,"oracle","both",0,0.5,"Design 3","Saturation Quadrants",10,0.0436745489904413,0.000211435929574039,6.49781089576949e-06,0.00254908040198215,2,0.0524876284912857,0.0557982230875207,0.0707260371698237,0.94184,1.03879421503241,1.04879003503105,1.0490430749,0.00163104474443578,0.000286812444475462,0,0,0.2
"queen",1,"oracle","both",0,0.5,"Design 4","Isolation Buffer",10,0.160183283594331,0.000851583470400253,0.000206939904312083,0.0143854059488109,0,0.193123236114742,0.210339839632172,0.271463483666044,0.9386,3.80994130881823,3.85892316707959,3.95452650518285,0.118139779348326,0.000873355960104522,0,0,0
"queen",1,"oracle","both",0,0.5,"Design 5","2x2 Blocking",10,0.0614633989971313,0.000380223286519639,6.71405587515266e-05,0.00819393426575577,0,0.076447592673054,0.0843893284594073,0.112200112379591,0.93822,1.46190000332741,1.52754993323661,1.58657454874404,0.0194198947511258,0.00042676219795449,0,0,0
"queen",1,"oracle","both",0,0.5,"Design 6","Balanced Quartiles",10,0.0413311254174528,0.000199440021076683,5.00114326492992e-06,0.0022363236046981,3,0.0492324069115046,0.0531513376506142,0.0734094539719953,0.93979,0.983056150020597,0.983745298722199,0.999279898153578,-0.000712378828552712,0.000278087302835314,0.9,0.7,0.6
"queen",1,"oracle","both",0,0.5,"Design 7","Balanced Halves",10,0.0414724949630636,0.000193254425264496,2.91057143811792e-06,0.00170603969418004,3,0.0494535473511385,0.0526334014237791,0.0657903803178186,0.93989,0.986418608696344,0.988164052171289,0.989542358462594,-0.000571009282941903,0.000273685035899778,0.6,0.6,0.8
"queen",1,"oracle","both",0,0.5,"Design 8","Incidence-Guided Saturation Quadrants",10,0.044233316962225,0.000213432027160432,6.24622903834053e-06,0.00249924569387256,1,0.0531638668394365,0.0568111347436521,0.0661206248106548,0.94064,1.05208444813274,1.06230240092055,1.06808647627648,0.00218981271621951,0.000288287107254146,0,0,0
"queen",1,"oracle","both",0,0.5,"Design 9","Simple Random Sampling",10,0.0420435042460055,0.000193794287818687,2.22594907970406e-06,0.00149196148733942,2,0.0500458878689975,0.0531896396083066,0.0628927563161016,0.93967,1,1,1,0,0,0,0,0
"queen",1,"oracle","both",0,0.8,"Design 1","Checkerboard",10,0.063007076414096,0.00277006521412242,0,0,0,0.063007076414096,0.063007076414096,0.0810997459771563,0.936,1.49309693272551,1.25920702735128,1.17067962286214,0.02080815748719,0.00277688718319125,0,0,0
"queen",1,"oracle","both",0,0.8,"Design 2","High Incidence Focus",10,0.169819454458286,0.00707646203112162,-4.35031218024268e-06,NA,1,0.171636946823105,0.171636946823105,0.20240417879004,0.93269,4.02426078147726,3.43019327182147,3.18903665447855,0.12762053553138,0.00707913525902611,0,0,0
"queen",1,"oracle","both",0,0.8,"Design 3","Saturation Quadrants",10,0.0441687366946853,0.000200165171927148,1.68104553298533e-06,0.00129655140005529,2,0.0518452155954102,0.0554782045245749,0.0708905769103045,0.94155,1.04667934198009,1.03613536014944,1.03079221011702,0.00196981776777929,0.00027911867320799,0,0.2,0.2
"queen",1,"oracle","both",0,0.8,"Design 4","Isolation Buffer",10,0.160222139321739,0.0008337477020439,0.000173321484394512,0.013165161768642,0,0.194945894535676,0.211692417491408,0.260398790644169,0.93798,3.79683042589942,3.89602651516914,3.93327247629876,0.118023220394833,0.000856140390557675,0,0,0
"queen",1,"oracle","both",0,0.8,"Design 5","2x2 Blocking",10,0.0612253996892167,0.000373042900785896,6.34321993775154e-05,0.00796443339965345,0,0.0756698808999165,0.0842765443719241,0.108094364216576,0.9389,1.450876023513,1.51227530637642,1.56586908640275,0.0190264807623107,0.000420716226817459,0,0,0
"queen",1,"oracle","both",0,0.8,"Design 6","Balanced Quartiles",10,0.0414782059003434,0.000197607282500946,4.29550649428639e-06,0.00207256037168677,3,0.04964583427132,0.0533116180547433,0.0703866628399796,0.94027,0.982921054735763,0.99218035419237,0.990536753496071,-0.000720713026562597,0.00027729005712101,0.8,0.7,0.5
"queen",1,"oracle","both",0,0.8,"Design 7","Balanced Halves",10,0.0417529189025123,0.000194960422828087,3.1207166167644e-06,0.00176655501379504,4,0.0493622810142249,0.0535588538218744,0.0730019825275954,0.93969,0.989431008288004,0.986513494622248,0.995130426002327,-0.00044600002439367,0.000275410065447998,0.7,0.7,0.5
"queen",1,"oracle","both",0,0.8,"Design 8","Incidence-Guided Saturation Quadrants",10,0.0446008376215076,0.000216349441414206,6.74514293845411e-06,0.00259714130121064,0,0.0534022610133545,0.0569395899241015,0.070031068730033,0.94079,1.05691896275263,1.0672531749056,1.05794493971092,0.00240191869460161,0.000290943668913766,0,0,0.1
"queen",1,"oracle","both",0,0.8,"Design 9","Simple Random Sampling",10,0.042198918926906,0.000194527986883029,1.84701726744471e-06,0.00135905013426463,4,0.0500371067231336,0.0538209388663081,0.0680121127441533,0.9402,1,1,1,0,0,0,0,0
"queen",1,"oracle","control_only",0.5,0.5,"Design 1","Checkerboard",10,1.99792377204354,0.0873238884300503,0,0,0,1.99792377204354,1.99792377204354,2.3735632033632,0.958,8.97763258379591,6.61315364047125,5.71416366392646,1.77537915870642,0.0873466283775734,0,0,0
"queen",1,"oracle","control_only",0.5,0.5,"Design 2","High Incidence Focus",10,0.290447813740708,0.0121934452601415,0.000113359346761425,0.0106470346463898,0,0.295406015691809,0.295406015691809,0.37704730930336,0.9519,1.30512174339054,0.977797749556394,0.844876238318586,0.0679032004035939,0.0123552460800306,0,0.5,0.8
"queen",1,"oracle","control_only",0.5,0.5,"Design 3","Saturation Quadrants",10,0.142116494352261,0.000847695939322394,0.000265448730701666,0.0162925974203522,0,0.177045315362522,0.192811733012994,0.268546362222309,0.93124,0.638597772469923,0.586022293843818,0.551451368754991,-0.0804281189848526,0.00216577625612319,1,1,1
"queen",1,"oracle","control_only",0.5,0.5,"Design 4","Isolation Buffer",10,0.1644035509944,0.000843014247414683,0.000166281969418768,0.0128950366195202,0,0.196901532722136,0.215768739481412,0.284972293919364,0.93858,0.738744238870248,0.651746631256055,0.617109575554433,-0.0581410623427141,0.00216394810644512,1,1,1
"queen",1,"oracle","control_only",0.5,0.5,"Design 5","2x2 Blocking",10,0.586779286705374,0.00535376534307107,0.0211918324265183,0.14557414752118,0,0.807607316925322,0.939547786360029,1.45879416388085,0.93921,2.63668159793431,2.67319071064115,2.68715448330129,0.36423467336826,0.00571268778550974,0,0,0
"queen",1,"oracle","control_only",0.5,0.5,"Design 6","Balanced Quartiles",10,0.224452165706658,0.00204732499365452,0.0030745755870369,0.0554488555971798,0,0.306804564866489,0.358072633257422,0.629344961506534,0.93299,1.00857155040034,1.01552709540302,1.02410595370875,0.00190755236954424,0.00285719058091786,0.4,0.3,0.4
"queen",1,"oracle","control_only",0.5,0.5,"Design 7","Balanced Halves",10,0.220367249754446,0.00198051094445783,0.00284110913176126,0.053302055605401,0,0.303527888574247,0.350824113116595,0.534693145409742,0.93506,0.990216058029814,1.00468125430843,1.0033748172232,-0.00217736358266779,0.00280970140533839,0.7,0.6,0.5
"queen",1,"oracle","control_only",0.5,0.5,"Design 8","Incidence-Guided Saturation Quadrants",10,0.148511670172735,0.000869123491378182,0.00025766351440492,0.0160519006477401,0,0.183335913908882,0.201171390993691,0.25741774528854,0.93189,0.667334373749895,0.606844256753369,0.575360416009227,-0.0740329431643785,0.00217425252197363,1,1,1
"queen",1,"oracle","control_only",0.5,0.5,"Design 9","Simple Random Sampling",10,0.222544613337114,0.00199298730202761,0.00287675159042486,0.0536353576516915,0,0.302113617898822,0.349644128091122,0.56131333515504,0.93337,1,1,1,0,0,0,0,0
"queen",1,"oracle","control_only",0.5,0.8,"Design 1","Checkerboard",10,2.33232243359074,0.104996882979406,0,0,0,2.33232243359074,2.33232243359074,2.92282731898801,0.922,10.4766987523916,7.58136023452798,6.63017865954292,2.10970245675325,0.105015423254578,0,0,0
"queen",1,"oracle","control_only",0.5,0.8,"Design 2","High Incidence Focus",10,0.311772256650594,0.0133678621578199,0.000349177819957093,0.0186863003282376,0,0.317342858796368,0.317342858796368,0.418047071945482,0.93303,1.40046846235272,1.03154285005363,0.902122202250887,0.0891522798131068,0.0135127134439244,0.1,0.6,0.6
"queen",1,"oracle","control_only",0.5,0.8,"Design 3","Saturation Quadrants",10,0.142513675940263,0.000866031987857636,0.000296137512695473,0.0172086464515799,0,0.177256955514708,0.196170642798038,0.270255474774964,0.93091,0.640165711832314,0.576184842403534,0.557661492586148,-0.080106300897224,0.00215492397804105,1,1,1
"queen",1,"oracle","control_only",0.5,0.8,"Design 4","Isolation Buffer",10,0.16513604816289,0.000904483434233781,0.000254914838808333,0.0159660526996604,0,0.200870440695166,0.221238423120405,0.290283990945165,0.93792,0.741784499795537,0.652941955814359,0.628922592570334,-0.0574839286745978,0.0021706626246257,1,1,1
"queen",1,"oracle","control_only",0.5,0.8,"Design 5","2x2 Blocking",10,0.585367294488218,0.00505190686370837,0.0181445087801851,0.13470155448318,0,0.79104927699736,0.916297108740871,1.30867131018424,0.93861,2.62944639022911,2.57135524908828,2.604791451078,0.362747317650731,0.00542360110136497,0,0,0
"queen",1,"oracle","control_only",0.5,0.8,"Design 6","Balanced Quartiles",10,0.21732592800315,0.00190312291752122,0.00257960205907252,0.0507897830185612,0,0.292359704360709,0.341147686575309,0.4805413076084,0.93566,0.976219345138993,0.950333540893074,0.969793060645468,-0.00529404883433762,0.00274145267811394,0.7,0.9,0.7
"queen",1,"oracle","control_only",0.5,0.8,"Design 7","Balanced Halves",10,0.222771811758597,0.00197833443211827,0.00279493034697114,0.052867100799752,0,0.302560360600353,0.350320281533764,0.517963117813456,0.93295,1.00068203637098,0.983491413264202,0.995868333288003,0.000151834921109539,0.00279418916189444,0.3,0.6,0.4
"queen",1,"oracle","control_only",0.5,0.8,"Design 8","Incidence-Guided Saturation Quadrants",10,0.149889872446656,0.000872030068005553,0.000254187559477479,0.0159432606287885,0,0.184601476276785,0.20489710687736,0.256425261815392,0.9303,0.673299290458896,0.600058667413888,0.582468532590011,-0.0727301043908313,0.00215734150904519,1,1,1
"queen",1,"oracle","control_only",0.5,0.8,"Design 9","Simple Random Sampling",10,0.222619976837487,0.00197324249577785,0.0028029268083871,0.0529426747377491,0,0.307639046482527,0.351773693192082,0.471994827649707,0.9351,1,1,1,0,0,0,0,0
"queen",1,"oracle","control_only",0,0.5,"Design 1","Checkerboard",10,2.1022161770009,0.0942798064479203,0,0,0,2.1022161770009,2.1022161770009,2.49962282190557,0.938,9.90534652725807,7.26948806831927,6.04750186468601,1.88998572436445,0.0943014254692202,0,0,0
"queen",1,"oracle","control_only",0,0.5,"Design 2","High Incidence Focus",10,0.30433097303246,0.0133931092219503,-8.30088679703304e-05,NA,1,0.307433190679585,0.307433190679585,0.434510721907039,0.9377,1.43396467967664,1.06310756044078,0.884401335239256,0.0921005203960064,0.0135444570323316,0.1,0.4,0.7
"queen",1,"oracle","control_only",0,0.5,"Design 3","Saturation Quadrants",10,0.128040924525585,0.000790257900061431,0.000273504598972286,0.0165379744519178,0,0.159273053976895,0.17655426468364,0.227517252095062,0.93349,0.603310801701566,0.550768079019169,0.507898405774719,-0.0841895281108685,0.00216828255035972,1,1,1
"queen",1,"oracle","control_only",0,0.5,"Design 4","Isolation Buffer",10,0.16255861201601,0.000903216195437581,0.000276153944077158,0.016617880252221,0,0.197798447209947,0.217989573416871,0.297954103597526,0.93803,0.765953283313538,0.683989338325869,0.627096473780048,-0.0496718406204436,0.00221195415081003,1,1,1
"queen",1,"oracle","control_only",0,0.5,"Design 5","2x2 Blocking",10,0.582056391231034,0.00512813989668505,0.0191937139038612,0.138541379752986,0,0.804726220389072,0.918407096417168,1.44401068069612,0.93903,2.74256773238893,2.78275265949469,2.64200641631791,0.36982593859458,0.00551133019057631,0,0,0
"queen",1,"oracle","control_only",0,0.5,"Design 6","Balanced Quartiles",10,0.213668459300589,0.00209338508908027,0.00337662350144165,0.058108721388804,0,0.294850453298413,0.353678324569,0.674209004989674,0.93675,1.00677568485706,1.01959630776375,1.0174359567442,0.00143800666413524,0.00290847086985044,0.3,0.2,0.4
"queen",1,"oracle","control_only",0,0.5,"Design 7","Balanced Halves",10,0.213103284216506,0.00192007779837003,0.0027058009741249,0.0520173141763865,0,0.289283040612567,0.338398539722482,0.577043024761317,0.93541,1.00411265946621,1.0003441297366,0.973480188368778,0.000872831580052469,0.0027863309963783,0.4,0.4,0.8
"queen",1,"oracle","control_only",0,0.5,"Design 8","Incidence-Guided Saturation Quadrants",10,0.132605900986523,0.00081980520646106,0.000294651505976269,0.017165415986112,0,0.164872676927189,0.184646517681441,0.258089357594747,0.93352,0.624820327805051,0.570131640516598,0.53117760780404,-0.0796245516499302,0.00217922514810325,1,1,1
"queen",1,"oracle","control_only",0,0.5,"Design 9","Simple Random Sampling",10,0.212230452636453,0.00201914379616336,0.00310349392552542,0.0557090111698765,0,0.289183523962636,0.347617284630643,0.580496484907488,0.9366,1,1,1,0,0,0,0,0
"queen",1,"oracle","control_only",0,0.8,"Design 1","Checkerboard",10,2.08219498305422,0.0940133342583615,0,0,0,2.08219498305422,2.08219498305422,2.84210321357659,0.949,9.85558662280116,7.10722288352372,6.03171841434382,1.8709244557132,0.0940349217245215,0,0,0
"queen",1,"oracle","control_only",0,0.8,"Design 2","High Incidence Focus",10,0.29250527584644,0.0121381686287744,-3.22335940716363e-05,NA,1,0.295068588470136,0.295068588470136,0.382703813783401,0.94808,1.38450582543541,1.00716707188867,0.854756952664992,0.0812347485054295,0.0123042522333963,0,0.5,0.8
"queen",1,"oracle","control_only",0,0.8,"Design 3","Saturation Quadrants",10,0.128595945746872,0.000809997956024401,0.000296236648460358,0.0172115266162057,0,0.162195866310003,0.178049321996279,0.255913137977822,0.93219,0.608679058860423,0.553628349906266,0.515774643050529,-0.0826745815941391,0.00217153909733135,1,1,1
"queen",1,"oracle","control_only",0,0.8,"Design 4","Isolation Buffer",10,0.160575293245006,0.00089417124657158,0.000274808427873696,0.0165773468285397,0,0.195184901009827,0.215908043304068,0.305578732252353,0.93891,0.760045877037181,0.666230879559869,0.625444077620363,-0.0506952340960046,0.00220432020828879,1,1,1
"queen",1,"oracle","control_only",0,0.8,"Design 5","2x2 Blocking",10,0.570751077417704,0.005028895819955,0.0184163666187726,0.13570691441033,0,0.773760832797968,0.895518336217886,1.59039465518133,0.93846,2.70151773936957,2.64110265464649,2.59414439229168,0.359480550076693,0.00541749744166399,0,0,0
"queen",1,"oracle","control_only",0,0.8,"Design 6","Balanced Quartiles",10,0.210764405554111,0.00196635781630151,0.00291983972909351,0.0540355413509804,0,0.28912426819897,0.340606773904752,0.553561232536548,0.93464,0.997604390005223,0.986877132953049,0.986672317881596,-0.000506121786899932,0.00281532385778351,0.5,0.6,0.5
"queen",1,"oracle","control_only",0,0.8,"Design 7","Balanced Halves",10,0.2109903674716,0.00189753260309388,0.0026340559617241,0.0513230548752128,0,0.286784197494271,0.333079424645061,0.496372678116981,0.93638,0.998673928290248,0.978889694602246,0.964867034749909,-0.000280159869411323,0.00276769133797091,0.5,0.7,0.6
"queen",1,"oracle","control_only",0,0.8,"Design 8","Incidence-Guided Saturation Quadrants",10,0.132489786832396,0.000813779147819973,0.000292077288546323,0.0170902688260402,0,0.166175425355434,0.183601739242487,0.241495199114896,0.93419,0.627109651780936,0.567211906366734,0.531858927961709,-0.0787807405086149,0.00217295233815691,1,1,1
"queen",1,"oracle","control_only",0,0.8,"Design 9","Simple Random Sampling",10,0.211270527341011,0.00201481645875622,0.00306943123861041,0.0554024479478156,0,0.292968859592296,0.345207590941682,0.570082157702476,0.93586,1,1,1,0,0,0,0,0
