"Neighbor_Type","True_Tau","Estimator","Spillover_Type","Incidence_Mode","Rho_Incidence","Design","N_Fixed_Units","Main_Run_Mean_MSE","Nested_Mean_MSE","Nested_Minus_Main"
"queen",1,"oracle","both","iid",0,"Design 1",8,0.0632630969304021,0.0575979690210046,-0.00566512790939757
"queen",1,"oracle","both","iid",0,"Design 2",8,0.141035746263315,0.173921576935543,0.0328858306722282
"queen",1,"oracle","both","iid",0,"Design 3",8,0.0492092280721501,0.0449517921404689,-0.00425743593168112
"queen",1,"oracle","both","iid",0,"Design 4",8,0.174901909964264,0.163084906089712,-0.0118170038745528
"queen",1,"oracle","both","iid",0,"Design 5",8,0.0651820840782967,0.0610624709944846,-0.00411961308381201
"queen",1,"oracle","both","iid",0,"Design 6",8,0.0364784721523753,0.0420199714720589,0.00554149931968362
"queen",1,"oracle","both","iid",0,"Design 7",8,0.0408386326032799,0.0423503042780622,0.00151167167478235
"queen",1,"oracle","both","iid",0,"Design 8",8,0.0387298141520757,0.0455112502611287,0.00678143610905299
"queen",1,"oracle","both","iid",0,"Design 9",8,0.0488916645722808,0.0425204951007567,-0.00637116947152413
"queen",1,"oracle","both","poisson",0.2,"Design 1",8,0.062272030506987,0.0569062094694327,-0.0053658210375543
"queen",1,"oracle","both","poisson",0.2,"Design 2",8,0.148051606679511,0.170782346530178,0.0227307398506669
"queen",1,"oracle","both","poisson",0.2,"Design 3",8,0.0427394887785005,0.0452610606215807,0.00252157184308021
"queen",1,"oracle","both","poisson",0.2,"Design 4",8,0.186407995417183,0.161696572961252,-0.0247114224559313
"queen",1,"oracle","both","poisson",0.2,"Design 5",8,0.0702235022307516,0.0616405256642972,-0.00858297656645435
"queen",1,"oracle","both","poisson",0.2,"Design 6",8,0.0412279340314497,0.0425142137650166,0.00128627973356685
"queen",1,"oracle","both","poisson",0.2,"Design 7",8,0.0368633578227271,0.0426110404437098,0.00574768262098267
"queen",1,"oracle","both","poisson",0.2,"Design 8",8,0.0479382308220717,0.0454401944084623,-0.00249803641360939
"queen",1,"oracle","both","poisson",0.2,"Design 9",8,0.0446409621345989,0.0426795805110528,-0.00196138162354612
"queen",1,"oracle","both","poisson",0.5,"Design 1",8,0.0607191195555957,0.0677103210464294,0.00699120149083369
"queen",1,"oracle","both","poisson",0.5,"Design 2",8,0.184432171257592,0.164455203836265,-0.0199769674213267
"queen",1,"oracle","both","poisson",0.5,"Design 3",8,0.0481810031097583,0.0449758464691286,-0.00320515664062978
"queen",1,"oracle","both","poisson",0.5,"Design 4",8,0.135226194509152,0.162251763267082,0.0270255687579294
"queen",1,"oracle","both","poisson",0.5,"Design 5",8,0.0665332186127052,0.0622173054688408,-0.00431591314386439
"queen",1,"oracle","both","poisson",0.5,"Design 6",8,0.046303270783595,0.0420269993594207,-0.00427627142417425
"queen",1,"oracle","both","poisson",0.5,"Design 7",8,0.0429429401672057,0.0423711285007751,-0.000571811666430626
"queen",1,"oracle","both","poisson",0.5,"Design 8",8,0.0462471275491649,0.045899614855271,-0.000347512693893829
"queen",1,"oracle","both","poisson",0.5,"Design 9",8,0.0401254295853885,0.0425958404794249,0.00247041089403636
"queen",1,"oracle","both","spatial",0.2,"Design 1",8,0.064149091160383,0.0594199501381678,-0.00472914102221517
"queen",1,"oracle","both","spatial",0.2,"Design 2",8,0.152977456470009,0.175453780559414,0.0224763240894048
"queen",1,"oracle","both","spatial",0.2,"Design 3",8,0.0438662853822479,0.0452955560174106,0.00142927063516271
"queen",1,"oracle","both","spatial",0.2,"Design 4",8,0.147623745593548,0.161672372115446,0.0140486265218982
"queen",1,"oracle","both","spatial",0.2,"Design 5",8,0.0674946098909011,0.0621714461380787,-0.00532316375282237
"queen",1,"oracle","both","spatial",0.2,"Design 6",8,0.0416749512120446,0.0423272767547455,0.000652325542700875
"queen",1,"oracle","both","spatial",0.2,"Design 7",8,0.0392994195098859,0.0428516134189856,0.00355219390909974
"queen",1,"oracle","both","spatial",0.2,"Design 8",8,0.0398995106503701,0.0458737889220174,0.00597427827164727
"queen",1,"oracle","both","spatial",0.2,"Design 9",8,0.0393069389576547,0.0430419765978589,0.00373503764020422
"queen",1,"oracle","both","spatial",0.5,"Design 1",8,0.0698992287610256,0.0591522661053044,-0.0107469626557212
"queen",1,"oracle","both","spatial",0.5,"Design 2",8,0.165216391447873,0.151800019470312,-0.0134163719775609
"queen",1,"oracle","both","spatial",0.5,"Design 3",8,0.0480773081126583,0.045513043073169,-0.00256426503948928
"queen",1,"oracle","both","spatial",0.5,"Design 4",8,0.161993060784145,0.162792066544599,0.000799005760454057
"queen",1,"oracle","both","spatial",0.5,"Design 5",8,0.0634746489925615,0.0618855013104108,-0.00158914768215073
"queen",1,"oracle","both","spatial",0.5,"Design 6",8,0.0473829616440228,0.0422321264560021,-0.0051508351880207
"queen",1,"oracle","both","spatial",0.5,"Design 7",8,0.0449843848178536,0.0425245313865754,-0.00245985343127822
"queen",1,"oracle","both","spatial",0.5,"Design 8",8,0.0449413339979138,0.0460368824748312,0.00109554847691737
"queen",1,"oracle","both","spatial",0.5,"Design 9",8,0.0433847359457079,0.0430123845385575,-0.000372351407150352
"queen",1,"oracle","control_only","iid",0,"Design 1",8,2.23729946149679,2.00497769318452,-0.232321768312266
"queen",1,"oracle","control_only","iid",0,"Design 2",8,0.355836759226347,0.302503616585285,-0.0533331426410624
"queen",1,"oracle","control_only","iid",0,"Design 3",8,0.148889104751817,0.13423114332567,-0.0146579614261474
"queen",1,"oracle","control_only","iid",0,"Design 4",8,0.152544677094184,0.163068986000483,0.0105243089062988
"queen",1,"oracle","control_only","iid",0,"Design 5",8,0.570532396984274,0.579267742240168,0.0087353452558933
"queen",1,"oracle","control_only","iid",0,"Design 6",8,0.212191203646378,0.212279433816343,8.8230169964584e-05
"queen",1,"oracle","control_only","iid",0,"Design 7",8,0.181291922177868,0.211413830341991,0.0301219081641232
"queen",1,"oracle","control_only","iid",0,"Design 8",8,0.134287569248542,0.141668528849338,0.0073809596007958
"queen",1,"oracle","control_only","iid",0,"Design 9",8,0.192104364166743,0.217146546100067,0.0250421819333247
"queen",1,"oracle","control_only","poisson",0.2,"Design 1",8,2.04950815070247,2.2945758475265,0.245067696824021
"queen",1,"oracle","control_only","poisson",0.2,"Design 2",8,0.272431722003105,0.266790831710567,-0.00564089029253801
"queen",1,"oracle","control_only","poisson",0.2,"Design 3",8,0.136672843490032,0.133077154633257,-0.00359568885677556
"queen",1,"oracle","control_only","poisson",0.2,"Design 4",8,0.167419592266492,0.163941065424991,-0.00347852684150149
"queen",1,"oracle","control_only","poisson",0.2,"Design 5",8,0.555384395741063,0.583785191190743,0.0284007954496796
"queen",1,"oracle","control_only","poisson",0.2,"Design 6",8,0.226032218953099,0.219213676676486,-0.00681854227661331
"queen",1,"oracle","control_only","poisson",0.2,"Design 7",8,0.243561110750537,0.216332628618017,-0.0272284821325204
"queen",1,"oracle","control_only","poisson",0.2,"Design 8",8,0.11694948078812,0.141622209032495,0.0246727282443753
"queen",1,"oracle","control_only","poisson",0.2,"Design 9",8,0.22328486817317,0.217151142081975,-0.00613372609119494
"queen",1,"oracle","control_only","poisson",0.5,"Design 1",8,2.14770085196346,2.13498441415731,-0.0127164378061537
"queen",1,"oracle","control_only","poisson",0.5,"Design 2",8,0.316429231105079,0.292218998039014,-0.0242102330660651
"queen",1,"oracle","control_only","poisson",0.5,"Design 3",8,0.137208835205232,0.137410632545579,0.00020179734034683
"queen",1,"oracle","control_only","poisson",0.5,"Design 4",8,0.126903806036051,0.162805830868351,0.0359020248323005
"queen",1,"oracle","control_only","poisson",0.5,"Design 5",8,0.587534560280245,0.579085827125998,-0.00844873315424713
"queen",1,"oracle","control_only","poisson",0.5,"Design 6",8,0.195347203178398,0.21752655785442,0.0221793546760216
"queen",1,"oracle","control_only","poisson",0.5,"Design 7",8,0.227388049320475,0.217906790890134,-0.00948125843034175
"queen",1,"oracle","control_only","poisson",0.5,"Design 8",8,0.134437108532914,0.146965273023368,0.0125281644904538
"queen",1,"oracle","control_only","poisson",0.5,"Design 9",8,0.232809928788539,0.218659889722057,-0.0141500390664817
"queen",1,"oracle","control_only","spatial",0.2,"Design 1",8,1.97572735398536,2.10335234562939,0.127624991644025
"queen",1,"oracle","control_only","spatial",0.2,"Design 2",8,0.289696707861329,0.309359381732486,0.0196626738711572
"queen",1,"oracle","control_only","spatial",0.2,"Design 3",8,0.131398886216729,0.135762325837198,0.00436343962046865
"queen",1,"oracle","control_only","spatial",0.2,"Design 4",8,0.149826216871815,0.16210674133719,0.0122805244653748
"queen",1,"oracle","control_only","spatial",0.2,"Design 5",8,0.551698629184537,0.577295579106569,0.0255969499220327
"queen",1,"oracle","control_only","spatial",0.2,"Design 6",8,0.217517397192794,0.216594934317622,-0.000922462875171535
"queen",1,"oracle","control_only","spatial",0.2,"Design 7",8,0.202154330651398,0.220076400907783,0.0179220702563846
"queen",1,"oracle","control_only","spatial",0.2,"Design 8",8,0.140225885544921,0.135016851785441,-0.00520903375948093
"queen",1,"oracle","control_only","spatial",0.2,"Design 9",8,0.224835011746845,0.216971736927557,-0.00786327481928731
"queen",1,"oracle","control_only","spatial",0.5,"Design 1",8,2.10410887738472,2.10543140661402,0.00132252922929894
"queen",1,"oracle","control_only","spatial",0.5,"Design 2",8,0.337361616624525,0.327947571020401,-0.00941404560412385
"queen",1,"oracle","control_only","spatial",0.5,"Design 3",8,0.134792888818827,0.136102544364524,0.00130965554569656
"queen",1,"oracle","control_only","spatial",0.5,"Design 4",8,0.150031021187565,0.163919256891867,0.0138882357043026
"queen",1,"oracle","control_only","spatial",0.5,"Design 5",8,0.520310805320853,0.586758222639435,0.0664474173185821
"queen",1,"oracle","control_only","spatial",0.5,"Design 6",8,0.218743147504268,0.217149095540764,-0.00159405196350398
"queen",1,"oracle","control_only","spatial",0.5,"Design 7",8,0.231285830277145,0.218311240743511,-0.0129745895336337
"queen",1,"oracle","control_only","spatial",0.5,"Design 8",8,0.142322605392353,0.139098675357248,-0.00322393003510485
"queen",1,"oracle","control_only","spatial",0.5,"Design 9",8,0.194729855098652,0.215902647858425,0.0211727927597729
