"Neighbor_Type","True_Tau","Estimator","Spillover_Type","Incidence_Mode","Rho_Incidence","Rho","Gamma","Design","Design_Name","N_Fixed_Units","Mean_Allocation_MSE","MCSE_Mean_MSE","Average_Corrected_Within_Variance","RMS_Corrected_Within_SD","N_Negative_Variance","Average_Conditional_Q90","Average_Conditional_Worst10","Observed_Max_Sample_Dependent","Average_Conditional_Coverage","Mean_Allocation_MSE_Ratio_To_SRS","Average_Conditional_Q90_Ratio_To_SRS","Average_Conditional_Worst10_Ratio_To_SRS","Mean_Difference_To_SRS","MCSE_Difference_To_SRS","Share_Fixed_Units_Below_SRS_Mean_MSE","Share_Fixed_Units_Below_SRS_Q90_Estimated","Share_Fixed_Units_Below_SRS_Worst10_Mean_Estimated"
"queen",1,"oracle","both","iid",0,0.5,0.8,"Design 3","Saturation Quadrants",1,0.0470804957611849,0.000465808463907184,1.06183910794326e-05,0.00325858728277034,0,0.0530184152112569,0.0553835663214687,0.0625995646009902,0.94145,1.09108462802858,1.1409800801055,1.1366030873213,0.00393031789986545,0.00054744387785577,0,0,0
"queen",1,"oracle","both","iid",0,0.5,0.8,"Design 4","Isolation Buffer",1,0.163125973772078,0.00169947020909871,0.000152422794929857,0.0123459626975727,0,0.187229161667657,0.195657830751878,0.206567577861977,0.936000000000001,3.78042413397111,4.02925555255546,4.01536609615133,0.119975795910758,0.00172363460918149,0,0,0
"queen",1,"oracle","both","iid",0,0.5,0.8,"Design 6","Balanced Quartiles",1,0.0429996354156915,0.000391711256955289,6.08440598887874e-06,0.00246665887160725,0,0.0478599014011082,0.0509558284274026,0.0560753420267865,0.941125,0.996511197564195,1.02996654873387,1.04573532826379,-0.000150542445627989,0.000485957799793033,1,0,0
"queen",1,"oracle","both","iid",0,0.5,0.8,"Design 8","Incidence-Guided Saturation Quadrants",1,0.0473616525358779,0.000423482973697986,6.48618847455544e-06,0.00254679965339943,0,0.0527859995072229,0.055234540483973,0.0600778189282962,0.939625,1.09760040127977,1.13597838988994,1.13354472112645,0.00421147467455839,0.000511913179520006,0,0,0
"queen",1,"oracle","both","iid",0,0.5,0.8,"Design 9","Simple Random Sampling",1,0.0431501778613195,0.000287606109730292,-1.15605161066281e-06,NA,1,0.0464674328112326,0.0487272707062535,0.0500386311942986,0.940275,1,1,1,0,0,0,0,0
"queen",1,"oracle","both","poisson",0.2,0.5,0.8,"Design 3","Saturation Quadrants",1,0.0458951161456008,0.000358126425461938,2.17101272649714e-06,0.00147343568794065,0,0.0503345550104846,0.0530630913831198,0.0600718811092358,0.940875,1.03744461978851,1.03132911293364,1.03691575722872,0.00165649822789752,0.000525838273251867,0,0,0
"queen",1,"oracle","both","poisson",0.2,0.5,0.8,"Design 4","Isolation Buffer",1,0.166306944407514,0.00222122127434,0.000351547712164069,0.0187496056535616,0,0.193356323143194,0.213422404418539,0.248091765868219,0.937725,3.75931600568746,3.96177149447022,4.17052697682864,0.122068326489811,0.00225434587022111,0,0,0
"queen",1,"oracle","both","poisson",0.2,0.5,0.8,"Design 6","Balanced Quartiles",1,0.0437056805252026,0.000366581806560971,3.88197350280766e-06,0.00197027244380255,0,0.0484294664866612,0.0511812779296135,0.0553533595981799,0.938175,0.987953118393254,0.992294830085099,1.00014288985058,-0.000532937392500661,0.000531632931545691,1,1,0
"queen",1,"oracle","both","poisson",0.2,0.5,0.8,"Design 8","Incidence-Guided Saturation Quadrants",1,0.0484500674499123,0.000362583727207181,1.44994064176996e-06,0.0012041348104635,0,0.0526071727763156,0.0552818083264644,0.0599200839185803,0.93805,1.09519848789226,1.07789388069574,1.08027211848506,0.00421144953220896,0.000528884025319173,0,0,0
"queen",1,"oracle","both","poisson",0.2,0.5,0.8,"Design 9","Simple Random Sampling",1,0.0442386179177033,0.000385034223157319,5.04758361626517e-06,0.0022466828027706,0,0.0488055213212265,0.0511739656893024,0.0554720633853817,0.938175,1,1,1,0,0,0,0,0
"queen",1,"oracle","both","poisson",0.5,0.5,0.8,"Design 3","Saturation Quadrants",1,0.0469138075485862,0.000362017834203597,1.9882110207973e-06,0.00141003936852745,0,0.0519091445454803,0.0544523882560238,0.0585412575889965,0.94095,1.0675647551096,1.08623676180247,1.1155865828113,0.0029691125555692,0.000474874665838198,0,0,0
"queen",1,"oracle","both","poisson",0.5,0.5,0.8,"Design 4","Isolation Buffer",1,0.16228443681057,0.00195774024737313,0.000246411130267243,0.0156974880241153,0,0.183344142267718,0.20023857794783,0.229794658401583,0.939075,3.69292440956429,3.83661008356335,4.10236314832533,0.118339741817553,0.00198171539635693,0,0,0
"queen",1,"oracle","both","poisson",0.5,0.5,0.8,"Design 6","Balanced Quartiles",1,0.043071715363084,0.00036303339508985,3.87439593807993e-06,0.00196834853064185,0,0.0474507489293845,0.0496919736272284,0.0548653597632037,0.939825,0.980134584389043,0.992941577316829,1.0180581757278,-0.000872979629933011,0.000475649326630386,1,1,0
"queen",1,"oracle","both","poisson",0.5,0.5,0.8,"Design 8","Incidence-Guided Saturation Quadrants",1,0.047854173776236,0.000370793029247426,2.36907893260283e-06,0.0015391812539798,0,0.05331930715774,0.0544958960298048,0.0566731135340309,0.940525,1.08896361173607,1.11574544438563,1.11647794295606,0.00390947878321898,0.000481597868051718,0,0,0
"queen",1,"oracle","both","poisson",0.5,0.5,0.8,"Design 9","Simple Random Sampling",1,0.043944694993017,0.00030732561880435,-2.82216076249534e-07,NA,1,0.0477880572365677,0.0488105442419382,0.0513194539803504,0.93875,1,1,1,0,0,0,0,0
"queen",1,"oracle","both","spatial",0.2,0.5,0.8,"Design 3","Saturation Quadrants",1,0.0471837697662341,0.000346652573854651,9.23250750217608e-07,0.00096085938108425,0,0.0517312516662759,0.0539874096785741,0.0565916863156497,0.939024999999999,1.07590194633023,1.06366913980069,1.05360792192516,0.00332868619921176,0.000519326666303128,0,0,0
"queen",1,"oracle","both","spatial",0.2,0.5,0.8,"Design 4","Isolation Buffer",1,0.163085518730641,0.00175674630746832,0.00017291686652735,0.0131497857977744,0,0.187000397135507,0.199055111283994,0.225871007679251,0.938975,3.71873692775895,3.84499785249118,3.88472133405105,0.119230435163618,0.00179880231492431,0,0,0
"queen",1,"oracle","both","spatial",0.2,0.5,0.8,"Design 6","Balanced Quartiles",1,0.0436286110031226,0.000361119350492316,3.46906285811012e-06,0.00186254204197117,0,0.0484203232444342,0.0495733600320914,0.0513248729506818,0.939675,0.99483588798654,0.995591676507877,0.967464176503887,-0.000226472563899772,0.000529092964112601,1,1,1
"queen",1,"oracle","both","spatial",0.2,0.5,0.8,"Design 8","Incidence-Guided Saturation Quadrants",1,0.0466773059351615,0.000425056279292546,7.12902698878664e-06,0.00267002378056575,0,0.052794362722482,0.0547435037036313,0.0604353780761771,0.939775,1.06435336883639,1.08552823630897,1.06836370775122,0.00282222236813916,0.000574634683898813,0,0,0
"queen",1,"oracle","both","spatial",0.2,0.5,0.8,"Design 9","Simple Random Sampling",1,0.0438550835670224,0.000386693909149687,5.51175215815306e-06,0.00234771211142956,0,0.0486347208267878,0.0512405122960046,0.0557811862037757,0.939075,1,1,1,0,0,0,0,0
"queen",1,"oracle","both","spatial",0.5,0.5,0.8,"Design 3","Saturation Quadrants",1,0.047030521184876,0.000384408746443609,3.55880326503162e-06,0.00188647906562241,0,0.0525184112852802,0.0542407840701417,0.0562768662019021,0.939325,1.07233622528347,1.10448820896487,1.07797370904128,0.00317252210213181,0.000523510525177468,0,0,0
"queen",1,"oracle","both","spatial",0.5,0.5,0.8,"Design 4","Isolation Buffer",1,0.164782818289491,0.00180813434274737,0.00018830714204994,0.0137225049480749,0,0.186854983642492,0.198267961818865,0.216321892979429,0.938625,3.75718960590532,3.92965288112781,3.94034956997586,0.120924819206747,0.00184272705169586,0,0,0
"queen",1,"oracle","both","spatial",0.5,0.5,0.8,"Design 6","Balanced Quartiles",1,0.0436832228005752,0.000335609231312554,1.51216639965368e-06,0.00122970175231789,0,0.048201718285983,0.0505253338687182,0.0533700504556265,0.937,0.996014950845358,1.01370601653436,1.00413337463152,-0.000174776282168977,0.000488801331597455,1,0,0
"queen",1,"oracle","both","spatial",0.5,0.5,0.8,"Design 8","Incidence-Guided Saturation Quadrants",1,0.0477787743535155,0.000360306796923919,1.5079951006906e-06,0.00122800451981684,0,0.0526420210000879,0.0542408633852832,0.0572091192795815,0.940350000000001,1.08939703937187,1.10708778250827,1.07797528533924,0.0039207752707713,0.000506077240684479,0,0,0
"queen",1,"oracle","both","spatial",0.5,0.5,0.8,"Design 9","Simple Random Sampling",1,0.0438579990827442,0.000355377525498225,3.11462902841534e-06,0.00176483116144727,0,0.0475499972376351,0.0503173533966632,0.0559480187314321,0.9381,1,1,1,0,0,0,0,0
"queen",1,"oracle","control_only","iid",0,0.5,0.8,"Design 3","Saturation Quadrants",1,0.142289061885035,0.00189094027157318,0.000244292427699912,0.0156298569315241,0,0.166716495166427,0.179680905593654,0.201570208436974,0.933625,0.635875634266839,0.552946876409692,0.534076750299561,-0.0814796347235298,0.0058178858245969,1,1,1
"queen",1,"oracle","control_only","iid",0,0.5,0.8,"Design 4","Isolation Buffer",1,0.162338193060136,0.0021540959229542,0.000330656639766273,0.0181839665575548,0,0.192049618396861,0.207508014243577,0.244290690295313,0.937,0.725473203001722,0.636968984395989,0.616788999043417,-0.0614305035484287,0.00590866055910103,1,1,1
"queen",1,"oracle","control_only","iid",0,0.5,0.8,"Design 6","Balanced Quartiles",1,0.219945989197724,0.00530990274887056,0.00255771204601651,0.0505738276781233,0,0.279172051041245,0.340467685945611,0.397225974453604,0.935625,0.982916701626376,0.925927056288246,1.01199331498842,-0.00382270741084101,0.00764638526101395,1,1,0
"queen",1,"oracle","control_only","iid",0,0.5,0.8,"Design 8","Incidence-Guided Saturation Quadrants",1,0.14745559339203,0.00169815813811246,0.000163279065513246,0.0127780697099854,0,0.170664794863342,0.178290217651258,0.191611189306048,0.92905,0.658964348574508,0.566042161206551,0.529943121884781,-0.0763131032165353,0.00575811439791064,1,1,1
"queen",1,"oracle","control_only","iid",0,0.5,0.8,"Design 9","Simple Random Sampling",1,0.223768696608565,0.00550201239160621,0.00274791298746685,0.0524205397479542,0,0.301505447049316,0.33643274209722,0.410299110298127,0.934675,1,1,1,0,0,0,0,0
"queen",1,"oracle","control_only","poisson",0.2,0.5,0.8,"Design 3","Saturation Quadrants",1,0.143059854504143,0.00216805086154422,0.000357173401387649,0.0188990317579407,0,0.167680250400395,0.189113738382659,0.214840485370567,0.93045,0.594531883829183,0.481696578526411,0.4877738315781,-0.0975661882620445,0.00727865535093194,1,1,1
"queen",1,"oracle","control_only","poisson",0.2,0.5,0.8,"Design 4","Isolation Buffer",1,0.166312436836951,0.0022117661631704,0.000348809227576708,0.0186764350874761,0,0.194198631250515,0.213801944770804,0.256454243381727,0.937,0.691165573456046,0.557876172086543,0.551451177960887,-0.0743136059292364,0.00729179598864045,1,1,1
"queen",1,"oracle","control_only","poisson",0.2,0.5,0.8,"Design 6","Balanced Quartiles",1,0.22028574840124,0.00552479873061805,0.00278011007979634,0.0527267491866921,0,0.307093017243452,0.328342668287632,0.370635949764948,0.93785,0.915469272855426,0.882188900256882,0.846881684804775,-0.0203402943649472,0.00887703667860206,1,1,1
"queen",1,"oracle","control_only","poisson",0.2,0.5,0.8,"Design 8","Incidence-Guided Saturation Quadrants",1,0.147241156226242,0.00177744528579067,0.000195363506522094,0.013977249605058,0,0.169823011795848,0.181613112913594,0.19634476808799,0.9321,0.611908646851306,0.487852108651896,0.468427755213858,-0.093384886539945,0.00717200745421998,1,1,1
"queen",1,"oracle","control_only","poisson",0.2,0.5,0.8,"Design 9","Simple Random Sampling",1,0.240626042766187,0.00694826447247134,0.00451103600531481,0.0671642464806597,0,0.348103469850992,0.387707839452594,0.434387488728108,0.9336,1,1,1,0,0,0,0,0
"queen",1,"oracle","control_only","poisson",0.5,0.5,0.8,"Design 3","Saturation Quadrants",1,0.142913648845134,0.00194713217476255,0.000262848478961081,0.016212602473418,0,0.171497869901624,0.178945051697415,0.195121589480576,0.9324,0.653938794643154,0.568696911368706,0.511916980783479,-0.07562920258964,0.00628224772764665,1,1,1
"queen",1,"oracle","control_only","poisson",0.5,0.5,0.8,"Design 4","Isolation Buffer",1,0.166614413768818,0.00195290306911784,0.000237984684722163,0.0154267522415498,0,0.192503433743199,0.202838289047478,0.220294415139073,0.937875,0.762387846021792,0.638352582807156,0.580269549403646,-0.0519284376659561,0.0062840387652286,1,1,1
"queen",1,"oracle","control_only","poisson",0.5,0.5,0.8,"Design 6","Balanced Quartiles",1,0.217919121937578,0.00546445486038575,0.00272562381732334,0.0522075072889268,0,0.292466170920071,0.327655386262144,0.399425408429145,0.93485,0.997145962482412,0.96983483338589,0.93734000734698,-0.000623729497195497,0.00809540485255181,1,1,1
"queen",1,"oracle","control_only","poisson",0.5,0.5,0.8,"Design 8","Incidence-Guided Saturation Quadrants",1,0.15459985117747,0.00205186000532684,0.000288277351233495,0.0169787323211568,0,0.181976335996197,0.196178275583879,0.220060435164314,0.932375,0.707412071191045,0.603444114393929,0.561216918711024,-0.0639430002573037,0.00631549224423447,1,1,1
"queen",1,"oracle","control_only","poisson",0.5,0.5,0.8,"Design 9","Simple Random Sampling",1,0.218542851434774,0.00597288144914378,0.00330116964785023,0.0574558060412543,0,0.301562864987034,0.349558733964135,0.436097210391083,0.93375,1,1,1,0,0,0,0,0
"queen",1,"oracle","control_only","spatial",0.2,0.5,0.8,"Design 3","Saturation Quadrants",1,0.143936001182569,0.00206767423684658,0.000308023478607414,0.017550597670946,0,0.169023747357115,0.185930158494349,0.22503191975691,0.92995,0.633138117797542,0.563522488788875,0.541166067157838,-0.0834014424754913,0.00564273366831284,1,1,1
"queen",1,"oracle","control_only","spatial",0.2,0.5,0.8,"Design 4","Isolation Buffer",1,0.166595315187732,0.0022167922306793,0.000346111116684029,0.0186040618329447,0,0.190710774844588,0.212743107630824,0.269490966022491,0.93765,0.732810717438652,0.635826693939126,0.619207512131545,-0.0607421284703281,0.0056990643351161,1,1,1
"queen",1,"oracle","control_only","spatial",0.2,0.5,0.8,"Design 6","Balanced Quartiles",1,0.22264327058434,0.00492363941003059,0.00214667002324188,0.0463321705000087,0,0.285444120117659,0.325156026677899,0.38491777599225,0.934875,0.979351518174096,0.951666162264164,0.946395192662064,-0.004694173073721,0.00719773516752309,1,1,1
"queen",1,"oracle","control_only","spatial",0.2,0.5,0.8,"Design 8","Incidence-Guided Saturation Quadrants",1,0.146757306278861,0.00171596928007003,0.000173852730542395,0.0131853225422207,0,0.168419804613956,0.177905213803224,0.213105710827685,0.927375,0.645548326388324,0.561508953276659,0.517808760345305,-0.0805801373791997,0.00552356018089205,1,1,1
"queen",1,"oracle","control_only","spatial",0.2,0.5,0.8,"Design 9","Simple Random Sampling",1,0.227337443658061,0.00525025394640985,0.00248070137688952,0.0498066398875643,0,0.299941441060111,0.343573201976317,0.422879656993545,0.9331,1,1,1,0,0,0,0,0
"queen",1,"oracle","control_only","spatial",0.5,0.5,0.8,"Design 3","Saturation Quadrants",1,0.146787154267658,0.00194922909129883,0.000257438852789975,0.0160449011461578,0,0.170909403493072,0.182153794000521,0.199427026672695,0.928475,0.670255816345263,0.574946811152607,0.541843970051896,-0.0722145323839426,0.00598144548207545,1,1,1
"queen",1,"oracle","control_only","spatial",0.5,0.5,0.8,"Design 4","Isolation Buffer",1,0.166945022494251,0.002017828688313,0.000265290302434164,0.0162877347238394,0,0.194504399028916,0.205060230662192,0.226466988991419,0.93815,0.762300167851382,0.654321422292966,0.609982625349224,-0.0520566641573497,0.00600415094913961,1,1,1
"queen",1,"oracle","control_only","spatial",0.5,0.5,0.8,"Design 6","Balanced Quartiles",1,0.219184218865889,0.00492272436442054,0.00216183875435002,0.046495577793485,0,0.278634178732075,0.323726669430798,0.364598908192881,0.9353,1.00083347401145,0.937337731370796,0.962973869078783,0.000182532214288822,0.00749742697015014,0,1,1
"queen",1,"oracle","control_only","spatial",0.5,0.5,0.8,"Design 8","Incidence-Guided Saturation Quadrants",1,0.147115460986615,0.00205085651602216,0.000298552309936005,0.0172786663239963,0,0.168232035880249,0.190623923700264,0.227508027265245,0.93145,0.671754922237898,0.56594002779362,0.567039650046078,-0.0718862256649861,0.00601533111756832,1,1,1
"queen",1,"oracle","control_only","spatial",0.5,0.5,0.8,"Design 9","Simple Random Sampling",1,0.219001686651601,0.00565492670197193,0.00293311381473492,0.0541582294276218,0,0.29726124256685,0.336173887813267,0.416976818622921,0.936075,1,1,1,0,0,0,0,0
