"Incidence_Mode","Rho_Incidence","Surface","Neighbor_Type","Rho","Gamma","Spillover_Type","True_Tau","Estimator","Design","Design_Name","Mean_MSE_Pilot","Mean_MSE_Extended","Mean_MSE_Change","Mean_MSE_Ratio","Q90_Estimated_Pilot","Q90_Estimated_Extended","Q90_Estimated_Change","Q90_Estimated_Ratio","Worst10_Mean_Estimated_Pilot","Worst10_Mean_Estimated_Extended","Worst10_Mean_Estimated_Change","Worst10_Mean_Estimated_Ratio","SD_Corrected_Pilot","SD_Corrected_Extended","SD_Corrected_Change","SD_Corrected_Ratio","Variance_Corrected_Pilot","Variance_Corrected_Extended","Variance_Corrected_Change","Variance_Corrected_Ratio","Variance_MC_Noise_Pilot","Variance_MC_Noise_Extended","Variance_MC_Noise_Change","Variance_MC_Noise_Ratio","Variance_Noise_Fraction_Pilot","Variance_Noise_Fraction_Extended","Variance_Noise_Fraction_Change","Variance_Noise_Fraction_Ratio","SE_Mean_MSE_Joint_Pilot","SE_Mean_MSE_Joint_Extended","SE_Mean_MSE_Joint_Change","SE_Mean_MSE_Joint_Ratio","Tail_Half_Jaccard_Pilot","Tail_Half_Jaccard_Extended","Tail_Half_Jaccard_Change","Tail_Half_Jaccard_Ratio","Tail_Half_Rank_Cor_Pilot","Tail_Half_Rank_Cor_Extended","Tail_Half_Rank_Cor_Change","Tail_Half_Rank_Cor_Ratio"
"iid",0,1,"queen",0.5,0.8,"control_only",1,"oracle","Design 3","Design 3: Saturation Quadrants",0.141072463845589,0.142289061885035,0.00121659803944621,1.00862392281443,0.177775724084093,0.166716495166427,-0.0110592289176659,0.937791118699455,0.193423685968501,0.179680905593654,-0.0137427803748472,0.928949857893385,0.0153427825433893,0.0156298569315241,0.000287074388134748,1.01871071217512,0.000235400976173733,0.000244292427699912,8.89145152617899e-06,1.03777151510033,0.000470547832734179,0.000113273083365815,-0.000357274749368364,0.240725969786381,0.666546677034708,0.316789734636889,-0.34975694239782,0.475270143189676,0.00265696971926274,0.00189094027157318,-0.000766029447689554,0.711690561568721,0.0526315789473684,0.25,0.197368421052632,4.75,0.247200720072007,0.55024302430243,0.303042304230423,2.22589571803088
"spatial",0.2,1,"queen",0.5,0.8,"control_only",1,"oracle","Design 3","Design 3: Saturation Quadrants",0.141226763609715,0.143936001182569,0.00270923757285452,1.0191835987996,0.178298978777294,0.169023747357115,-0.00927523142017839,0.94797933513818,0.199957643605105,0.185930158494349,-0.0140274851107557,0.929847717457311,0.0195154185411442,0.017550597670946,-0.00196482087019822,0.899319562834084,0.000380851560836034,0.000308023478607414,-7.28280822286203e-05,0.808775676096088,0.000449873243614882,0.000119504196364496,-0.000330369047250386,0.265639706429838,0.541543049159624,0.279523884324793,-0.262019164834831,0.51616189102337,0.0028822297001643,0.00206767423684658,-0.000814555463317712,0.717387041264865,0.111111111111111,0.176470588235294,0.065359477124183,1.58823529411765,0.21992199219922,0.495877587758776,0.275955595559556,2.25478854024557
"spatial",0.5,1,"queen",0.5,0.8,"control_only",1,"oracle","Design 3","Design 3: Saturation Quadrants",0.147808516864284,0.146787154267658,-0.00102136259662558,0.993089961131513,0.178882248484886,0.170909403493072,-0.00797284499181394,0.955429646824416,0.197022533377763,0.182153794000521,-0.0148687393772419,0.924532797734698,0.0144815892907909,0.0160449011461578,0.00156331185536689,1.10795167740056,0.000209716428387149,0.000257438852789975,4.77224244028258e-05,1.22755691945472,0.000482896038632371,0.000122510552246592,-0.000360385486385779,0.25369964225335,0.697209567581695,0.322439121163518,-0.374770446418178,0.462470878421696,0.00263175315525511,0.00194922909129883,-0.000682524063956272,0.7406580238753,0.111111111111111,0.111111111111111,0,1,0.0741434143414341,0.512991299129913,0.438847884788479,6.91890579475558
"poisson",0.2,1,"queen",0.5,0.8,"control_only",1,"oracle","Design 3","Design 3: Saturation Quadrants",0.141180760803428,0.143059854504143,0.00187909370071518,1.0133098425736,0.175936274519757,0.167680250400395,-0.00825602411936269,0.95307378116367,0.201254412290385,0.189113738382659,-0.0121406739077258,0.939674992614779,0.0214746067488727,0.0188990317579407,-0.00257557499093208,0.880064160380153,0.00046115873501873,0.000357173401387649,-0.000103985333631081,0.774512926385624,0.000433618766175747,0.000112871052436613,-0.000320747713739134,0.260300202023235,0.484610716738955,0.240128463421488,-0.244482253317467,0.495507951283789,0.0029912831714742,0.00216805086154422,-0.000823232309929987,0.724789575998493,0.176470588235294,0.428571428571429,0.252100840336134,2.42857142857143,0.246444644464446,0.607452745274527,0.361008100810081,2.46486486486486
"poisson",0.5,1,"queen",0.5,0.8,"control_only",1,"oracle","Design 3","Design 3: Saturation Quadrants",0.143428981775088,0.142913648845134,-0.00051533292995451,0.996407051604378,0.183021498563778,0.171497869901624,-0.0115236286621541,0.937036748400689,0.20352540655523,0.178945051697415,-0.0245803548578148,0.879227093688942,0.0195292649052986,0.016212602473418,-0.0033166624318806,0.830169622463325,0.000381392187741329,0.000262848478961081,-0.000118543708780248,0.6891816020609,0.000468044387122568,0.000116283891638472,-0.000351760495484097,0.248446290219094,0.551005691269606,0.306710533459811,-0.244295157809795,0.556637686905013,0.00291450952110968,0.00194713217476255,-0.000967377346347133,0.668082283025512,0.176470588235294,0.111111111111111,-0.065359477124183,0.62962962962963,0.213765376537654,0.522388238823882,0.308622862286229,2.44374578935549
"iid",0,1,"queen",0.5,0.8,"both",1,"oracle","Design 3","Design 3: Saturation Quadrants",0.0466610035991364,0.0470804957611849,0.000419492162048556,1.00899020873302,0.0581382513706381,0.0530184152112569,-0.00511983615938126,0.911936873939643,0.0622127176136575,0.0553835663214687,-0.00682915129218881,0.890229014996612,0.00501174073549729,0.00325858728277034,-0.00175315345272695,0.650190713116968,2.51175451998429e-05,1.06183910794326e-05,-1.44991541204103e-05,0.422747963423552,4.33186297333043e-05,1.10793614253245e-05,-3.22392683079799e-05,0.255764355741068,0.632978534753304,0.510622536730262,-0.122355998023042,0.806698029545775,0.000827261596673913,0.000465808463907184,-0.000361453132766729,0.563072752053296,0.0526315789473684,0.0526315789473684,0,1,0.292937293729373,0.16990099009901,-0.123036303630363,0.57999098693105
"spatial",0.2,1,"queen",0.5,0.8,"both",1,"oracle","Design 3","Design 3: Saturation Quadrants",0.0481388907084416,0.0471837697662341,-0.000955120942207434,0.980159057922788,0.0597383680396852,0.0517312516662759,-0.00800711637340923,0.865963590299454,0.0627342070937507,0.0539874096785741,-0.00874679741517655,0.860573715355879,0.00321949717744094,0.00096085938108425,-0.00225863779635669,0.298450139300324,1.03651620755502e-05,9.23250750217608e-07,-9.4419113253326e-06,0.0890724856483829,4.65808713346457e-05,1.10935499457878e-05,-3.54873213888579e-05,0.23815677182356,0.817982720571818,0.923170003932535,0.105187283360717,1.12859352736349,0.000754625956419443,0.000346652573854651,-0.000407973382564792,0.459370063944595,0.0526315789473684,0.111111111111111,0.0584795321637427,2.11111111111111,0.181182118211821,0.014029402940294,-0.167152715271527,0.0774326025038087
"spatial",0.5,1,"queen",0.5,0.8,"both",1,"oracle","Design 3","Design 3: Saturation Quadrants",0.0469718438583726,0.047030521184876,5.86773265033591e-05,1.00124920211096,0.0565300782021379,0.0525184112852802,-0.00401166691685772,0.929034824566968,0.0595953092187878,0.0542407840701417,-0.00535452514864607,0.910151902576956,0.00128378534754054,0.00188647906562241,0.000602693718081877,1.46946611381452,1.64810481855978e-06,3.55880326503162e-06,1.91069844647184e-06,2.15933065964914,4.40015356343559e-05,1.12182051692031e-05,-3.27833304651528e-05,0.254950310426075,0.963896652805849,0.759166188415596,-0.204730464390253,0.787601229038099,0.000675645176501066,0.000384408746443609,-0.000291236430057457,0.568950626472803,0.176470588235294,0.0526315789473684,-0.123839009287926,0.298245614035088,0.0849204920492049,0.18010201020102,0.0951815181518152,2.12083097795365
"poisson",0.2,1,"queen",0.5,0.8,"both",1,"oracle","Design 3","Design 3: Saturation Quadrants",0.0465541124137924,0.0458951161456008,-0.00065899626819154,0.985844510097537,0.0551558569448472,0.0503345550104846,-0.00482130193436259,0.912587670622476,0.0576040111061168,0.0530630913831198,-0.00454091972299709,0.92117007764213,NA,0.00147343568794065,NA,NA,-1.61480671697853e-06,2.17101272649714e-06,3.78581944347567e-06,-1.34444122858203,4.32413557220729e-05,1.06544409349173e-05,-3.25869147871556e-05,0.246394701484318,1.03879271175665,0.830726242999992,-0.208066468756654,0.799703572809243,0.000645186399462158,0.000358126425461938,-0.000287059974000221,0.555074356434791,0.0526315789473684,0.176470588235294,0.123839009287926,3.35294117647059,-0.028034803480348,-0.0132253225322532,0.0148094809480948,0.471746575342466
"poisson",0.5,1,"queen",0.5,0.8,"both",1,"oracle","Design 3","Design 3: Saturation Quadrants",0.0458539984198298,0.0469138075485862,0.00105980912875635,1.02311268733978,0.053565121350471,0.0519091445454803,-0.00165597680499079,0.969084793178085,0.057265183788305,0.0544523882560238,-0.00281279553228121,0.950881227541687,0.000891722435162446,0.00141003936852745,0.000518316933365007,1.58125366473547,7.95168901372043e-07,1.9882110207973e-06,1.19304211942526e-06,2.50036315223934,4.31591242654248e-05,1.1117480207349e-05,-3.20416440580758e-05,0.257592812564442,0.981909186928463,0.848294074216602,-0.133615112711861,0.863923146365677,0.000662980340332931,0.000362017834203597,-0.000300962506129334,0.546046107523794,0.0526315789473684,0.176470588235294,0.123839009287926,3.35294117647059,-0.0324512451245125,0.0971497149714971,0.12960096009601,-2.99371301775148
"iid",0,1,"queen",0.5,0.8,"control_only",1,"oracle","Design 4","Design 4: Isolation Buffer",0.162951332393647,0.162338193060136,-0.000613139333510898,0.996237285547137,0.198570683952956,0.192049618396861,-0.00652106555609494,0.96715997837002,0.220578018757404,0.207508014243577,-0.0130700045138276,0.940746568549959,0.012764222058117,0.0181839665575548,0.00541974449943781,1.42460437265672,0.000162925364748921,0.000330656639766273,0.000167731275017352,2.02949761859264,0.00053956098484528,0.000133356284762516,-0.000406204700082764,0.24715701933259,0.768073265988675,0.287397780779364,-0.480675485209311,0.374180164192307,0.00265044590511521,0.0021540959229542,-0.000496349982161019,0.812729631190325,0.111111111111111,0.333333333333333,0.222222222222222,3,0.076963696369637,0.513531353135314,0.436567656765677,6.67238421955403
"spatial",0.2,1,"queen",0.5,0.8,"control_only",1,"oracle","Design 4","Design 4: Isolation Buffer",0.16648519165835,0.166595315187732,0.000110123529382139,1.00066146140858,0.203849604627997,0.190710774844588,-0.0131388297834094,0.935546454419736,0.221952527447306,0.212743107630824,-0.0092094198164826,0.958507254130418,0.0162693664710471,0.0186040618329447,0.0023346953618976,1.14350253687213,0.000264692285369231,0.000346111116684029,8.14188313147982e-05,1.30759805183299,0.000569005462272216,0.000145305662715981,-0.000423699799556235,0.255367781770899,0.682508095868014,0.29568722275497,-0.386820873113044,0.433236212940325,0.00288738246105612,0.0022167922306793,-0.000670590230376817,0.767751505239962,0.111111111111111,0.25,0.138888888888889,2.25,0.132649264926493,0.378913891389139,0.246264626462646,2.85650954491993
"spatial",0.5,1,"queen",0.5,0.8,"control_only",1,"oracle","Design 4","Design 4: Isolation Buffer",0.166776253008854,0.166945022494251,0.000168769485396569,1.00101195153598,0.209918592618959,0.194504399028916,-0.0154141935900435,0.926570612932686,0.224418957323666,0.205060230662192,-0.019358726661474,0.913738451990248,0.0191235368384394,0.0162877347238394,-0.00283580211460003,0.851711420405251,0.000365709661211151,0.000265290302434164,-0.000100419358776986,0.725412343648731,0.000562283087418375,0.000141872959103732,-0.000420410128314643,0.252315892614016,0.605913233965205,0.348442436991647,-0.257470796973557,0.575069857298507,0.00304629734042743,0.002017828688313,-0.00102846865211443,0.66238730590556,0.176470588235294,0.176470588235294,0,1,0.301434143414341,0.4398799879988,0.138445844584458,1.45929052036469
"poisson",0.2,1,"queen",0.5,0.8,"control_only",1,"oracle","Design 4","Design 4: Isolation Buffer",0.166747628864684,0.166312436836951,-0.000435192027733622,0.997390115645442,0.199242705725345,0.194198631250515,-0.00504407447483032,0.974683768439766,0.226717100236938,0.213801944770804,-0.0129151554661341,0.943034047927409,0.0172895091823588,0.0186764350874761,0.00138692590511733,1.0802177719731,0.000298927127766868,0.000348809227576708,4.98820998098402e-05,1.16687043488654,0.000550408499585418,0.000140381728477845,-0.000410026771107573,0.255050073869833,0.648045933621386,0.286967137761619,-0.361078795859767,0.442819131906283,0.00291433633500371,0.0022117661631704,-0.000702570171833305,0.758926187278102,0.111111111111111,0.25,0.138888888888889,2.25,0.0850645064506451,0.534425442544255,0.449360936093609,6.28259029345372
"poisson",0.5,1,"queen",0.5,0.8,"control_only",1,"oracle","Design 4","Design 4: Isolation Buffer",0.165652154316918,0.166614413768818,0.000962259451900205,1.00580891601361,0.200828860797975,0.192503433743199,-0.00832542705477668,0.958544668223002,0.216181981635767,0.202838289047478,-0.0133436925882892,0.938275648658031,0.0122944626484713,0.0154267522415498,0.00313228959307852,1.25477238677593,0.000151153811814656,0.000237984684722163,8.68308729075065e-05,1.57445374261536,0.000580119809116456,0.000143398355014827,-0.00043672145410163,0.247187482243069,0.79330060939133,0.375995626637507,-0.417304982753823,0.473963617557277,0.00270420713136238,0.00195290306911784,-0.000751304062244532,0.722172146677971,0.111111111111111,0.25,0.138888888888889,2.25,0.202544254425443,0.418865886588659,0.216321632163216,2.06802156781418
"iid",0,1,"queen",0.5,0.8,"both",1,"oracle","Design 4","Design 4: Isolation Buffer",0.16455665208482,0.163125973772078,-0.00143067831274171,0.991305861570371,0.198975304364574,0.187229161667657,-0.0117461426969173,0.940966831364181,0.210559023845741,0.195657830751878,-0.0149011930938621,0.92923032781165,0.00811094790116285,0.0123459626975727,0.00423501479640987,1.52213561818129,6.5787475855378e-05,0.000152422794929857,8.6635319074479e-05,2.31689684013613,0.000552619427716619,0.000136397104231546,-0.000416222323485073,0.246819234703941,0.893617817855232,0.472256602220203,-0.421361215635029,0.528477155204519,0.00248677884736861,0.00169947020909871,-0.000787308638269899,0.68340222971456,0.0526315789473684,0.25,0.197368421052632,4.75,0.0890969096909691,0.44968496849685,0.360588058805881,5.04714439655172
"spatial",0.2,1,"queen",0.5,0.8,"both",1,"oracle","Design 4","Design 4: Isolation Buffer",0.16293831224123,0.163085518730641,0.000147206489410884,1.00090344920962,0.199688781447999,0.187000397135507,-0.0126883843124921,0.936459203063462,0.220897826473188,0.199055111283994,-0.0218427151891938,0.901118469394062,0.0162449613331536,0.0131497857977744,-0.00309517553537917,0.809468580940087,0.000263898768715655,0.00017291686652735,-9.09819021883054e-05,0.655239383529158,0.000539191990437185,0.000135698892353008,-0.000403493098084177,0.251670823676333,0.671396083558432,0.439701760031038,-0.231694323527394,0.654906650185681,0.00283388559958379,0.00175674630746832,-0.00107713929211547,0.61990727774132,0.111111111111111,0.176470588235294,0.065359477124183,1.58823529411765,0.113123312331233,0.32014401440144,0.207020702070207,2.83004455760662
"spatial",0.5,1,"queen",0.5,0.8,"both",1,"oracle","Design 4","Design 4: Isolation Buffer",0.164544622510337,0.164782818289491,0.000238195779154654,1.00144760597776,0.19666744910115,0.186854983642492,-0.0098124654586571,0.95010630633842,0.205662056195161,0.198267961818865,-0.00739409437629543,0.964047357528708,0.00211751037393147,0.0137225049480749,0.0116049945741434,6.48049006843684,4.4838501837074e-06,0.00018830714204994,0.000183823291866232,41.9967515271085,0.000548251200466647,0.000138627838092308,-0.000409623362374339,0.252854600180199,0.991887885202084,0.424022654388318,-0.567865230813766,0.427490506451673,0.00235103179614899,0.00180813434274737,-0.000542897453401615,0.769081194779719,0.0526315789473684,0.25,0.197368421052632,4.75,0.0479327932793279,0.336105610561056,0.288172817281728,7.01201802704056
"poisson",0.2,1,"queen",0.5,0.8,"both",1,"oracle","Design 4","Design 4: Isolation Buffer",0.16460317125351,0.166306944407514,0.00170377315400427,1.01035079179234,0.205770433332968,0.193356323143194,-0.0124141101897745,0.939670097454251,0.221846208178685,0.213422404418539,-0.00842380376014593,0.962028633126959,0.0184941684533814,0.0187496056535616,0.000255437200180193,1.01381176995463,0.000342034266782047,0.000351547712164069,9.51344538202109e-06,1.02781430489853,0.000542796210528476,0.000141834682793993,-0.000400961527734482,0.261303745388901,0.613446557783957,0.287474146308057,-0.3259724114759,0.468621337360734,0.00297461002033968,0.00222122127434,-0.000753388745999678,0.746726884919978,0.111111111111111,0.428571428571429,0.317460317460317,3.85714285714286,0.493081308130813,0.484740474047405,-0.0083408340834083,0.983084262279122
"poisson",0.5,1,"queen",0.5,0.8,"both",1,"oracle","Design 4","Design 4: Isolation Buffer",0.162740136246313,0.16228443681057,-0.00045569943574314,0.997199833757953,0.19723694476348,0.183344142267718,-0.0138928024957612,0.929562879244449,0.209161109138674,0.20023857794783,-0.00892253119084371,0.957341346928276,0.0129042177878848,0.0156974880241153,0.00279327023623046,1.21646180203599,0.000166518836717163,0.000246411130267243,7.98922935500796e-05,1.47977931581265,0.000536170444530408,0.00013686355735122,-0.000399306887179189,0.255261286308103,0.763026360069814,0.357089997781077,-0.405936362288737,0.467991692644019,0.00265082870296738,0.00195774024737313,-0.000693088455594244,0.738538950171171,0,0.111111111111111,0.111111111111111,Inf,0.125124512451245,0.344998499849985,0.21987398739874,2.7572415116056
"iid",0,1,"queen",0.5,0.8,"control_only",1,"oracle","Design 6","Design 6: Balanced Quartiles",0.219555594043158,0.219945989197724,0.00039039515456632,1.00177811527084,0.286535289809871,0.279172051041245,-0.00736323876862643,0.974302506425955,0.358338239439652,0.340467685945611,-0.0178705534940417,0.950129370725305,0.0548476950721574,0.0505738276781233,-0.00427386739403412,0.922077538747774,0.00300826965472836,0.00255771204601651,-0.000450557608711851,0.850226987463152,0.00102835310260544,0.000261794674229804,-0.000766558428375641,0.254576636727714,0.254755810593674,0.09285123257551,-0.161904578018164,0.364471500607318,0.00635344218304834,0.00530990274887056,-0.00104353943417778,0.835752116079367,0.538461538461538,0.538461538461538,0,1,0.540714071407141,0.75018301830183,0.209468946894689,1.38739318610587
"spatial",0.2,1,"queen",0.5,0.8,"control_only",1,"oracle","Design 6","Design 6: Balanced Quartiles",0.222723173760634,0.22264327058434,-7.99031762942493e-05,0.999641244442843,0.300993426083939,0.285444120117659,-0.0155493059662797,0.948340047925354,0.344951929258998,0.325156026677899,-0.0197959025810993,0.942612576124379,0.0528732279508302,0.0463321705000087,-0.00654105745082148,0.876287911589124,0.00279557823394045,0.00214667002324188,-0.000648908210698573,0.767880503997229,0.00116114184362201,0.000277552480758765,-0.000883589362863246,0.239034087250685,0.293460699989,0.114491339099743,-0.178969360889257,0.3901419818873,0.00629024647971958,0.00492363941003059,-0.00136660706968899,0.782741888716909,0.25,0.333333333333333,0.0833333333333333,1.33333333333333,0.615241524152415,0.772457245724572,0.157215721572157,1.25553496537599
"spatial",0.5,1,"queen",0.5,0.8,"control_only",1,"oracle","Design 6","Design 6: Balanced Quartiles",0.21463778438431,0.219184218865889,0.00454643448157988,1.02118189252941,0.283780901123694,0.278634178732075,-0.0051467223916184,0.981863746392943,0.323380932389009,0.323726669430798,0.000345737041789862,1.00106913242916,0.0437966340749688,0.046495577793485,0.00269894371851626,1.06162445529253,0.00191814515629672,0.00216183875435002,0.000243693598053303,1.12704648407516,0.00101459023812172,0.000261482762455943,-0.000753107475665775,0.257722529382915,0.345953555868927,0.10790262895061,-0.238050926918317,0.311899175828941,0.00541547356601289,0.00492272436442054,-0.000492749201592347,0.909010874933486,0.25,0.428571428571429,0.178571428571429,1.71428571428571,0.402388238823882,0.766264626462646,0.363876387638764,1.90429180709237
"poisson",0.2,1,"queen",0.5,0.8,"control_only",1,"oracle","Design 6","Design 6: Balanced Quartiles",0.222770690064735,0.22028574840124,-0.00248494166349486,0.988845293504398,0.311170256159803,0.307093017243452,-0.00407723891635114,0.986897080181541,0.344280053006517,0.328342668287632,-0.0159373847188846,0.953708079861999,0.0554951998301623,0.0527267491866921,-0.00276845064347023,0.950113691779779,0.00307971720418965,0.00278011007979634,-0.000299607124393312,0.902716027307401,0.0010912284478688,0.000272230021587542,-0.000818998426281262,0.249471155301362,0.261626148815979,0.0891873161395474,-0.172438832676431,0.340896032537938,0.00645828588098921,0.00552479873061805,-0.000933487150371159,0.855458992126843,0.111111111111111,0.428571428571429,0.317460317460317,3.85714285714286,0.521116111611161,0.853261326132613,0.332145214521452,1.6373727603519
"poisson",0.5,1,"queen",0.5,0.8,"control_only",1,"oracle","Design 6","Design 6: Balanced Quartiles",0.216698803047085,0.217919121937578,0.00122031889049382,1.00563140577306,0.289405843277497,0.292466170920071,0.00306032764257425,1.01057451918702,0.340470784137372,0.327655386262144,-0.0128153978752284,0.962359772196907,0.0496927360663267,0.0522075072889268,0.00251477122260008,1.05060641497469,0.0024693680177576,0.00272562381732334,0.000256255799565736,1.10377383918596,0.00101331077636531,0.000260402874796006,-0.000752907901569302,0.256982241647579,0.290957287842706,0.0872071490463415,-0.203750138796364,0.299724917333868,0.00590142253539171,0.00546445486038575,-0.000436967675005959,0.925955534892579,0.25,0.538461538461538,0.288461538461538,2.15384615384615,0.496993699369937,0.851161116111611,0.354167416741674,1.71261953057085
"iid",0,1,"queen",0.5,0.8,"both",1,"oracle","Design 6","Design 6: Balanced Quartiles",0.0434372786157392,0.0429996354156915,-0.000437643200047716,0.989924709512323,0.0522833313714111,0.0478599014011082,-0.0044234299703029,0.915395024489169,0.0575821054458474,0.0509558284274026,-0.0066262770184448,0.884924718067553,0.00329697050210321,0.00246665887160725,-0.000830311630495967,0.748159217692032,1.08700144917387e-05,6.08440598887874e-06,-4.78560850285998e-06,0.559742215017554,3.73515639120139e-05,9.25936489367053e-06,-2.80921990183433e-05,0.247897649358996,0.774581943363081,0.603460841832653,-0.171121101530428,0.779079407935261,0.000694417586209858,0.000391711256955289,-0.000302706329254569,0.564086026526568,0.111111111111111,0.0526315789473684,-0.0584795321637427,0.473684210526316,0.0828202820282028,0.231527152715272,0.148706870687069,2.79553687871323
"spatial",0.2,1,"queen",0.5,0.8,"both",1,"oracle","Design 6","Design 6: Balanced Quartiles",0.0432941426856783,0.0436286110031226,0.000334468317444332,1.00772548655999,0.052630429868792,0.0484203232444342,-0.00421010662435781,0.920006227673731,0.0564031684636362,0.0495733600320914,-0.00682980843154474,0.878910908419125,0.00259306204209804,0.00186254204197117,-0.000730520000126872,0.718279012122745,6.72397075416965e-06,3.46906285811012e-06,-3.25490789605952e-06,0.515924739256026,3.81139811307433e-05,9.57165567188907e-06,-2.85423254588542e-05,0.251132403068974,0.850038405602729,0.733982230340314,-0.116056175262415,0.863469492087097,0.000669611468576464,0.000361119350492316,-0.000308492118084149,0.539296842182264,0.0526315789473684,0.0526315789473684,0,1,0.0313111311131113,0.0373477347734774,0.00603660366036604,1.19279417401303
"spatial",0.5,1,"queen",0.5,0.8,"both",1,"oracle","Design 6","Design 6: Balanced Quartiles",0.0442090219259597,0.0436832228005752,-0.00052579912538446,0.988106519835136,0.0529359342804625,0.048201718285983,-0.00473421599447948,0.910567064531309,0.0571916578641781,0.0505253338687182,-0.00666632399545993,0.883438874751778,0.00205430825448729,0.00122970175231789,-0.000824606502169401,0.598596510349317,4.22018240445461e-06,1.51216639965368e-06,-2.70801600480093e-06,0.35831778220238,4.03129516233021e-05,9.75118921456665e-06,-3.05617624087355e-05,0.241887255135398,0.905235000936062,0.865744592335829,-0.0394904086002328,0.956375517341467,0.000667331507031975,0.000335609231312554,-0.000331722275719422,0.502912312360629,0.176470588235294,0.111111111111111,-0.065359477124183,0.62962962962963,0.023042304230423,0.133993399339934,0.110951095109511,5.81510416666667
"poisson",0.2,1,"queen",0.5,0.8,"both",1,"oracle","Design 6","Design 6: Balanced Quartiles",0.043427336043871,0.0437056805252026,0.000278344481331683,1.00640943025035,0.0505039742160438,0.0484294664866612,-0.00207450772938269,0.958923871604471,0.0556976949681587,0.0511812779296135,-0.0045164170385452,0.918911957826493,NA,0.00197027244380255,NA,NA,-2.58670985228942e-06,3.88197350280766e-06,6.46868335509708e-06,-1.50073789658776,3.78891470681158e-05,9.55624858734287e-06,-2.8332898480773e-05,0.252215986022672,1.07327284052586,0.711124471915602,-0.362148368610258,0.662575670476465,0.000594158541265094,0.000366581806560971,-0.000227576734704123,0.616976414713215,0.176470588235294,0.0526315789473684,-0.123839009287926,0.298245614035088,-0.0391719171917192,0.0574137413741374,0.0965856585658566,-1.4656862745098
"poisson",0.5,1,"queen",0.5,0.8,"both",1,"oracle","Design 6","Design 6: Balanced Quartiles",0.0421315269768372,0.043071715363084,0.000940188386246744,1.02231555449589,0.0489854541606306,0.0474507489293845,-0.00153470523124607,0.968670184699859,0.0547472862932029,0.0496919736272284,-0.00505531266597449,0.907660945258539,0.0023840868905099,0.00196834853064185,-0.000415738359868047,0.825619459792789,5.68387030150115e-06,3.87439593807993e-06,-1.80947436342122e-06,0.681647492388536,3.64234385697028e-05,9.3049286569664e-06,-2.71185099127364e-05,0.255465409702046,0.865014638696414,0.706024697234015,-0.158989941462399,0.816199709981789,0.000648901447611299,0.00036303339508985,-0.000285868052521448,0.559458445386783,0.111111111111111,0.0526315789473684,-0.0584795321637427,0.473684210526316,-0.0587218721872187,0.102634263426343,0.161356135613561,-1.74780298385449
"iid",0,1,"queen",0.5,0.8,"control_only",1,"oracle","Design 8","Design 8: Incidence-Guided Saturation Quadrants",0.146679305195997,0.14745559339203,0.000776288196032343,1.00529241800672,0.179865465976034,0.170664794863342,-0.00920067111269213,0.948846928103931,0.193254154785939,0.178290217651258,-0.0149639371346813,0.922568613589414,0.0109548801949809,0.0127780697099854,0.00182318951500451,1.16642715233343,0.000120009400086384,0.000163279065513246,4.32696654268617e-05,1.36055230170066,0.000502467621035522,0.000125095040690513,-0.00037737258034501,0.248961396622349,0.807206698377254,0.433794290122995,-0.373412408254259,0.537401747278686,0.00249494893960158,0.00169815813811246,-0.000796790801489121,0.680638433579984,0.111111111111111,0.111111111111111,0,1,0.082016201620162,0.412949294929493,0.330933093309331,5.03497219783436
"spatial",0.2,1,"queen",0.5,0.8,"control_only",1,"oracle","Design 8","Design 8: Incidence-Guided Saturation Quadrants",0.14569741124167,0.146757306278861,0.00105989503719051,1.00727463191115,0.185047006276363,0.168419804613956,-0.0166272016624069,0.910146065062114,0.197922027240372,0.177905213803224,-0.0200168134371485,0.89886515555523,0.0138041360986771,0.0131853225422207,-0.000618813556456313,0.955171873702722,0.000190554173430799,0.000173852730542395,-1.67014428884045e-05,0.912353308312768,0.000481991430409248,0.00012060232647201,-0.000361389103937239,0.25021674424711,0.716667282719881,0.409578044591403,-0.307089238128478,0.571503756997223,0.00259334842209844,0.00171596928007003,-0.000877379142028415,0.661680962514681,0.0526315789473684,0.0526315789473684,0,1,0.0928772877287729,0.341590159015902,0.248712871287129,3.6778653572813
"spatial",0.5,1,"queen",0.5,0.8,"control_only",1,"oracle","Design 8","Design 8: Incidence-Guided Saturation Quadrants",0.148282148959308,0.147115460986615,-0.00116668797269362,0.992131972857948,0.180108407061536,0.168232035880249,-0.0118763711812867,0.934059873300478,0.209372225616443,0.190623923700264,-0.0187483019161783,0.910454684899209,0.0175928233069605,0.0172786663239963,-0.00031415698296414,0.982142889888524,0.000309507431909932,0.000298552309936005,-1.09551219739267e-05,0.964604656158581,0.000488870713781047,0.000122048934995052,-0.000366821778785995,0.249654830110593,0.612329779340265,0.290177303243735,-0.32215247609653,0.473890561971977,0.00282555860971062,0.00205085651602216,-0.000774702093688452,0.72582338549764,0.428571428571429,0.25,-0.178571428571429,0.583333333333333,0.206972697269727,0.384074407440744,0.177101710171017,1.85567667865012
"poisson",0.2,1,"queen",0.5,0.8,"control_only",1,"oracle","Design 8","Design 8: Incidence-Guided Saturation Quadrants",0.149142215673288,0.147241156226242,-0.00190105944704594,0.987253378002574,0.189162578896436,0.169823011795848,-0.0193395671005882,0.897762193699123,0.203964378239245,0.181613112913594,-0.0223512653256508,0.890415838693983,0.0167126873100679,0.013977249605058,-0.00273543770500988,0.836325681546018,0.000279313917124104,0.000195363506522094,-8.395041060201e-05,0.699440645613411,0.000505998617368544,0.000120567667875854,-0.00038543094949269,0.238276674554702,0.644327697755957,0.381626371964123,-0.262701325791834,0.592286150809966,0.00280234283144059,0.00177744528579067,-0.00102489754564992,0.634271176905555,0.111111111111111,0.176470588235294,0.065359477124183,1.58823529411765,0.218229822982298,0.438319831983198,0.2200900090009,2.00852397712275
"poisson",0.5,1,"queen",0.5,0.8,"control_only",1,"oracle","Design 8","Design 8: Incidence-Guided Saturation Quadrants",0.154008932964716,0.15459985117747,0.00059091821275431,1.00383690868691,0.184687310303334,0.181976335996197,-0.00271097430713726,0.9853212746307,0.206328406589299,0.196178275583879,-0.0101501310054204,0.9508059448856,0.0160219820159896,0.0169787323211568,0.000956750305167165,1.05971485326924,0.000256703907720695,0.000288277351233495,3.15734435127993e-05,1.12299557023944,0.000520916222725716,0.000132735596912491,-0.000388180625813225,0.254811793378111,0.669885207867075,0.31527675691928,-0.354608450947795,0.470642959743992,0.0027885841038893,0.00205186000532684,-0.000736724098562465,0.735807108153941,0.176470588235294,0.176470588235294,0,1,0.19048304830483,0.46000600060006,0.26952295229523,2.41494455645161
"iid",0,1,"queen",0.5,0.8,"both",1,"oracle","Design 8","Design 8: Incidence-Guided Saturation Quadrants",0.047802664936295,0.0473616525358779,-0.000441012400417176,0.99077431350313,0.0558914501863407,0.0527859995072229,-0.00310545067911783,0.944437822443964,0.0601344934770037,0.055234540483973,-0.00489995299303067,0.918516766173403,NA,0.00254679965339943,NA,NA,-2.04994596857403e-06,6.48618847455544e-06,8.53613444312947e-06,-3.16407777277531,4.64093620005799e-05,1.14475944266535e-05,-3.49617675739264e-05,0.246665628079749,1.04621219465772,0.638325694568422,-0.407886500089302,0.610130237276822,0.000666028648272774,0.000423482973697986,-0.000242545674574788,0.635832970242667,0.0526315789473684,0.111111111111111,0.0584795321637427,2.11111111111111,-0.152571257125713,0.161272127212721,0.313843384338434,-1.05702823881067
"spatial",0.2,1,"queen",0.5,0.8,"both",1,"oracle","Design 8","Design 8: Incidence-Guided Saturation Quadrants",0.0466271860664063,0.0466773059351615,5.0119868755194e-05,1.0010749065724,0.0569053564826213,0.052794362722482,-0.00411099376013926,0.927757349848169,0.0623908524064731,0.0547435037036313,-0.00764734870284189,0.877428366373009,0.00464118792898853,0.00267002378056575,-0.00197116414842278,0.575288874619571,2.15406253921889e-05,7.12902698878664e-06,-1.44115984034022e-05,0.330957289261053,4.20139866252118e-05,1.09382570678156e-05,-3.10757295573962e-05,0.260347992333862,0.661069044268711,0.605417894219607,-0.0556511500491036,0.915816433197736,0.000797211465154639,0.000425056279292546,-0.000372155185862094,0.533178833811798,0.111111111111111,0.176470588235294,0.065359477124183,1.58823529411765,0.112211221122112,0.276207620762076,0.163996399639964,2.46149732620321
"spatial",0.5,1,"queen",0.5,0.8,"both",1,"oracle","Design 8","Design 8: Incidence-Guided Saturation Quadrants",0.0474850838493034,0.0477787743535155,0.000293690504212137,1.0061849001919,0.0565469235722868,0.0526420210000879,-0.00390490257219896,0.930944031513808,0.059451156389968,0.0542408633852832,-0.0052102930046848,0.912360106664569,NA,0.00122800451981684,NA,NA,-6.01923987257694e-06,1.5079951006906e-06,7.52723497326754e-06,-0.250529158600386,4.62059588994944e-05,1.14741036902668e-05,-3.47318552092275e-05,0.248325193623293,1.14978181892742,0.883840423264921,-0.265941395662501,0.768702730131369,0.000633929956910994,0.000360306796923919,-0.000273623159987074,0.568370043087438,0.0526315789473684,0,-0.0526315789473684,0,-0.0759075907590759,0.118691869186919,0.194599459945995,-1.56363636363636
"poisson",0.2,1,"queen",0.5,0.8,"both",1,"oracle","Design 8","Design 8: Incidence-Guided Saturation Quadrants",0.047670139295647,0.0484500674499123,0.000779928154265301,1.01636093717764,0.057672874095819,0.0526071727763156,-0.00506570131950344,0.91216492330368,0.0619918360408368,0.0552818083264644,-0.00671002771437238,0.891759493783146,0.00310797555603457,0.0012041348104635,-0.00190384074557108,0.387433809807641,9.65951205690841e-06,1.44994064176996e-06,-8.20957141513845e-06,0.150104956982063,4.50587270954089e-05,1.16967552817752e-05,-3.33619718136337e-05,0.259589119262248,0.823468148709618,0.88971064287163,0.0662424941620111,1.08044329858515,0.000739717778293298,0.000362583727207181,-0.000377134051086117,0.490164949183385,0.111111111111111,0.0526315789473684,-0.0584795321637427,0.473684210526316,0.102394239423942,0.00896489648964897,-0.0934293429342934,0.0875527426160338
"poisson",0.5,1,"queen",0.5,0.8,"both",1,"oracle","Design 8","Design 8: Incidence-Guided Saturation Quadrants",0.0475338492865163,0.047854173776236,0.000320324489719713,1.00673887123656,0.0567332334179413,0.05331930715774,-0.00341392626020125,0.939824930564919,0.0604585414218252,0.0544958960298048,-0.00596264539202039,0.90137629436975,0.00161308416146995,0.0015391812539798,-7.39029074901488e-05,0.954185336850122,2.6020405119852e-06,2.36907893260283e-06,-2.32961579382378e-07,0.910469657059781,4.41211192911772e-05,1.13796681212455e-05,-3.27414511699318e-05,0.257918844853989,0.94430940623564,0.827687648676341,-0.116621757559299,0.876500480891962,0.000683543413421287,0.000370793029247426,-0.00031275038417386,0.542457175311697,0.111111111111111,0.0526315789473684,-0.0584795321637427,0.473684210526316,-0.0888808880888089,0.122172217221722,0.211053105310531,-1.37456116662166
"iid",0,1,"queen",0.5,0.8,"control_only",1,"oracle","Design 9","Design 9: Simple Random Sampling",0.219505891249147,0.223768696608565,0.00426280535941823,1.0194200043341,0.286963037750796,0.301505447049316,0.0145424092985197,1.05067694227278,0.32642394191622,0.33643274209722,0.0100088001810003,1.03066196714078,0.0447682886145496,0.0524205397479542,0.00765225113340468,1.17093016888114,0.00200419966547561,0.00274791298746685,0.000743713321991243,1.37107746039602,0.00108010227393005,0.000279301048271974,-0.000800801225658073,0.258587593983774,0.350193429550604,0.0922633963025372,-0.257930033248067,0.263464098743762,0.00555364919616432,0.00550201239160621,-5.16368045581092e-05,0.990702184683582,0.25,0.538461538461538,0.288461538461538,2.15384615384615,0.528412841284128,0.87033903390339,0.341926192619262,1.64708153531683
"spatial",0.2,1,"queen",0.5,0.8,"control_only",1,"oracle","Design 9","Design 9: Simple Random Sampling",0.228667904049764,0.227337443658061,-0.00133046039170331,0.994181691579183,0.325693017981158,0.299941441060111,-0.0257515769210469,0.920932978297568,0.378674000100963,0.343573201976317,-0.0351007981246462,0.907306025459135,0.0580467167631832,0.0498066398875643,-0.00824007687561883,0.858044049084871,0.00336942132698521,0.00248070137688952,-0.000888719950095695,0.73623959016996,0.00116164097501709,0.000275815273289701,-0.000885825701727388,0.237435902504768,0.256372765941389,0.100059353268107,-0.156313412673282,0.390288542937443,0.00673131658890168,0.00525025394640985,-0.00148106264249184,0.779974300282689,0.333333333333333,0.666666666666667,0.333333333333333,2,0.51013501350135,0.748910891089109,0.238775877587759,1.46806408356271
"spatial",0.5,1,"queen",0.5,0.8,"control_only",1,"oracle","Design 9","Design 9: Simple Random Sampling",0.217872734838313,0.219001686651601,0.00112895181328779,1.00518170304387,0.301379925022357,0.29726124256685,-0.00411868245550706,0.986333919038564,0.359063567513108,0.336173887813267,-0.0228896796998407,0.936251734314412,0.0551535536069822,0.0541582294276218,-0.000995324179360386,0.981953580245201,0.00304191447547826,0.00293311381473492,-0.000108800660743338,0.964232833756369,0.00108737308086653,0.000264705785732595,-0.000822667295133939,0.243436029813842,0.26333188619808,0.0827769601805855,-0.180554926017495,0.314344614226931,0.00642595328052172,0.00565492670197193,-0.000771026578549792,0.880013665694253,0.333333333333333,0.428571428571429,0.0952380952380952,1.28571428571429,0.562772277227723,0.797395739573957,0.234623462346235,1.41690657454204
"poisson",0.2,1,"queen",0.5,0.8,"control_only",1,"oracle","Design 9","Design 9: Simple Random Sampling",0.238876173635377,0.240626042766187,0.00174986913081029,1.00732542347853,0.354417098803533,0.348103469850992,-0.00631362895254106,0.982185879366839,0.405208229255061,0.387707839452594,-0.0175003898024664,0.956811366258185,0.0688295571348743,0.0671642464806597,-0.00166531065421457,0.975805297556233,0.00473750793538292,0.00451103600531481,-0.000226471930068113,0.952195978738807,0.0012571643330438,0.000316801912625943,-0.000940362420417861,0.251997216512588,0.209713605139876,0.065619831902118,-0.144093773237758,0.312902121244593,0.00774252689270546,0.00694826447247134,-0.000794262420234114,0.897415607173103,0.25,0.538461538461538,0.288461538461538,2.15384615384615,0.622994299429943,0.858985898589859,0.235991599159916,1.37880218065535
"poisson",0.5,1,"queen",0.5,0.8,"control_only",1,"oracle","Design 9","Design 9: Simple Random Sampling",0.214717664903385,0.218542851434774,0.00382518653138861,1.01781495962668,0.310265017795575,0.301562864987034,-0.0087021528085417,0.97195251701152,0.364943459185442,0.349558733964135,-0.0153847252213066,0.957843537583478,0.05786143046949,0.0574558060412543,-0.000405624428235669,0.992989726922677,0.00334794513597562,0.00330116964785023,-4.67754881253884e-05,0.986028597773972,0.00103336524644197,0.000266361632702359,-0.000767003613739608,0.25776136135745,0.235857575986607,0.0746627322244812,-0.161194843762126,0.316558549845865,0.00661914675952844,0.00597288144914378,-0.000646265310384662,0.902364257227815,0.333333333333333,0.428571428571429,0.0952380952380952,1.28571428571429,0.482736273627363,0.805880588058806,0.323144314431443,1.66940135242641
"iid",0,1,"queen",0.5,0.8,"both",1,"oracle","Design 9","Design 9: Simple Random Sampling",0.0424665497531099,0.0431501778613195,0.000683628108209565,1.01609803744792,0.0494852591355602,0.0464674328112326,-0.00301782632432758,0.93901565078076,0.0550556906039345,0.0487272707062535,-0.00632841989768101,0.885054209142392,0.0019120384973578,NA,NA,NA,3.65589121537825e-06,-1.15605161066281e-06,-4.81194282604107e-06,-0.316216085916332,3.65384017511211e-05,9.42777904608209e-06,-2.71106227050391e-05,0.258023848724932,0.909044519866904,1.13975939363193,0.230714873765028,1.25379931204998,0.000633989692081026,0.000287606109730292,-0.000346383582350734,0.453644772655917,0.111111111111111,0,-0.111111111111111,0,0.0902130213021302,0.0074047404740474,-0.0828082808280828,0.0820806172675269
"spatial",0.2,1,"queen",0.5,0.8,"both",1,"oracle","Design 9","Design 9: Simple Random Sampling",0.0436423943027057,0.0438550835670224,0.000212689264316633,1.00487345544888,0.05235237821546,0.0486347208267878,-0.00371765738867222,0.928987803125735,0.0566091990025851,0.0512405122960046,-0.00536868670658052,0.905162291620919,0.0026508157151354,0.00234771211142956,-0.000303103603705835,0.885656478503881,7.0268239556088e-06,5.51175215815306e-06,-1.51507179745574e-06,0.784387397915895,3.643598197258e-05,9.44146577919355e-06,-2.69945161933865e-05,0.259124779079613,0.838325579641158,0.631400265732294,-0.206925313908864,0.753168316780412,0.00065926327008403,0.000386693909149687,-0.000272569360934343,0.58655460829844,0.111111111111111,0.111111111111111,0,1,0.10983498349835,0.136285628562856,0.0264506450645065,1.24082167832168
"spatial",0.5,1,"queen",0.5,0.8,"both",1,"oracle","Design 9","Design 9: Simple Random Sampling",0.0436906775716704,0.0438579990827442,0.00016732151107382,1.00382968450877,0.0534654168999658,0.0475499972376351,-0.00591541966233065,0.889359888965264,0.0551525797075939,0.0503173533966632,-0.00483522631093067,0.912330006382912,NA,0.00176483116144727,NA,NA,-9.48483238547862e-07,3.11462902841534e-06,4.0631122669632e-06,-3.28379975716162,3.77092957908256e-05,9.51468953450885e-06,-2.81946062563168e-05,0.252316818306209,1.02580147642817,0.753381070174369,-0.272420406253798,0.734431649287186,0.000606306956518542,0.000355377525498225,-0.000250929431020317,0.586134666075462,0,0.0526315789473684,0.0526315789473684,Inf,-0.041044104410441,0.143438343834383,0.184482448244824,-3.49473684210526
"poisson",0.2,1,"queen",0.5,0.8,"both",1,"oracle","Design 9","Design 9: Simple Random Sampling",0.0443818770617984,0.0442386179177033,-0.000143259144095104,0.996772125165062,0.0532635991372771,0.0488055213212265,-0.00445807781605056,0.916301603942297,0.0566368493290499,0.0511739656893024,-0.00546288363974744,0.90354541778959,0.000475203157465587,0.0022466828027706,0.00177147964530501,4.72783643684712,2.25818040865263e-07,5.04758361626517e-06,4.8217655753999e-06,22.3524373735793,3.93554173340497e-05,9.77755168397085e-06,-2.95778656500788e-05,0.248442332626758,0.994294820797625,0.659525291739846,-0.334769529057779,0.663309591827878,0.000629136196502116,0.000385034223157319,-0.000244101973344797,0.612004563237722,0,0.111111111111111,0.111111111111111,Inf,-0.15968796879688,0.303486348634864,0.463174317431743,-1.90049601683451
"poisson",0.5,1,"queen",0.5,0.8,"both",1,"oracle","Design 9","Design 9: Simple Random Sampling",0.0438469124036396,0.043944694993017,9.77825893774056e-05,1.00223009064988,0.0516281996947599,0.0477880572365677,-0.00384014245819216,0.925619284017337,0.0552789065602746,0.0488105442419382,-0.0064683623183364,0.882986789702805,NA,NA,NA,NA,-1.17134264039748e-06,-2.82216076249534e-07,8.89126564147945e-07,0.240933836536308,3.92233531704203e-05,9.7271196735972e-06,-2.94962334968231e-05,0.247993067582319,1.03078267413684,1.02988024952725,-0.000902424609598551,0.99912452485646,0.000616863117150173,0.00030732561880435,-0.000309537498345823,0.498207155299143,0,0.111111111111111,0.111111111111111,Inf,-0.0262946294629463,0.119459945994599,0.145754575457546,-4.54313099041534
