"Neighbor_Type","True_Tau","Estimator","Spillover_Type","Design","Design_Name","N_Fixed_Units","Mean_Allocation_MSE","MCSE_Mean_MSE","Average_Corrected_Within_Variance","RMS_Corrected_Within_SD","N_Negative_Variance","Average_Conditional_Q90","Average_Conditional_Worst10","Observed_Max_Sample_Dependent","Average_Conditional_Coverage","Mean_Allocation_MSE_Ratio_To_SRS","Average_Conditional_Q90_Ratio_To_SRS","Average_Conditional_Worst10_Ratio_To_SRS","Mean_Difference_To_SRS","MCSE_Difference_To_SRS","Share_Fixed_Units_Below_SRS_Mean_MSE","Share_Fixed_Units_Below_SRS_Q90_Estimated","Share_Fixed_Units_Below_SRS_Worst10_Mean_Estimated"
"queen",1,"oracle","both","Design 3","Saturation Quadrants",5,0.0468207420812964,0.000172537191961105,3.85193376839525e-06,0.00196263439498936,0,0.0519023555437556,0.0542254479418656,0.0625995646009902,0.940325,1.068739431754,1.08470808792834,1.08334048369434,0.00301142739693515,0.000231988800900243,0,0,0
"queen",1,"oracle","both","Design 4","Isolation Buffer",5,0.163917138402059,0.000848770338963499,0.000222321129187692,0.0149104369214216,0,0.187557001571314,0.201328377244221,0.248091765868219,0.93808,3.74160471541393,3.91975652011556,4.02222922748338,0.120107823717698,0.000862821423840138,0,0,0
"queen",1,"oracle","both","Design 6","Balanced Quartiles",5,0.0434177730215352,0.00016280711496979,3.76440093750603e-06,0.00194020641621092,0,0.0480724316695142,0.0503855547770108,0.0560753420267865,0.93916,0.991062593294438,1.00466645284229,1.006625364199,-0.000391541662826081,0.000224846342683389,1,0.6,0.2
"queen",1,"oracle","both","Design 8","Incidence-Guided Saturation Quadrants",5,0.0476243948101406,0.000174216656753781,3.78844602768109e-06,0.0019463930814923,0,0.0528297726327697,0.0547993223858313,0.0604353780761771,0.939665,1.08708376639229,1.10409019124133,1.09480560646054,0.00381508012577936,0.000233240572422069,0,0,0
"queen",1,"oracle","both","Design 9","Simple Random Sampling",5,0.0438093146843613,0.000155079725087806,2.44713942318424e-06,0.00156433353962134,2,0.04784914588669,0.0500539292660324,0.0559480187314321,0.938875,1,1,1,0,0,0,0,0
"queen",1,"oracle","control_only","Design 3","Saturation Quadrants",5,0.143797144136908,0.000897601117534514,0.000285955327889206,0.016910213715066,0,0.169165553263727,0.18316472963372,0.22503191975691,0.93098,0.63667806768564,0.546268222033541,0.522299196256336,-0.0820582000869296,0.0027850413928972,1,1,1
"queen",1,"oracle","control_only","Design 4","Isolation Buffer",5,0.165761076269578,0.000945127919650718,0.000305770394236667,0.0174862916090481,0,0.192793371452816,0.208390317270975,0.269490966022491,0.937535,0.733925853467065,0.622567007357545,0.594230643835678,-0.0600942679542598,0.00280072036777234,1,1,1
"queen",1,"oracle","control_only","Design 6","Balanced Quartiles",5,0.219995669797354,0.00234140278760884,0.00247439094414562,0.0497432502370484,0,0.2885619076109,0.329069687320817,0.399425408429145,0.9357,0.974055630843626,0.93182209484142,0.938351141858403,-0.00585967442648316,0.00352603669972024,0.8,1,0.8
"queen",1,"oracle","control_only","Design 8","Incidence-Guided Saturation Quadrants",5,0.148633873612244,0.000834355926614812,0.000223864992749447,0.0149621185916115,0,0.171823196629918,0.184922148730444,0.227508027265245,0.93047,0.658093232741651,0.554850265413174,0.527310524493711,-0.077221470611594,0.00276530606013671,1,1,1
"queen",1,"oracle","control_only","Design 9","Simple Random Sampling",5,0.225855344223837,0.00263643088169433,0.00319478676645126,0.0565224448024965,0,0.309674893102861,0.350689281060707,0.436097210391083,0.93424,1,1,1,0,0,0,0,0
