"Incidence_Mode","Rho_Incidence","Surface","Neighbor_Type","Rho","Gamma","Spillover_Type","True_Tau","Design","Design_Name","Estimator","N_Draws","N_Unique","Complete","Mean_MSE","Variance_Raw","Variance_MC_Noise","Variance_Corrected","SD_Raw","SD_Corrected","Q90_Estimated","Worst10_Mean_Estimated","Sampled_Max_Estimated","SE_Mean_MSE_Noise","SE_Mean_MSE_Joint","Variance_Split_Half","Variance_Noise_Fraction","Q90_Half1","Q90_Half2","Worst10_Half1","Worst10_Half2","Tail_Half_Jaccard","Tail_Half_Rank_Cor","Tail_Boundary_Uncertain","No_Sampled_Allocation_Variation"
"iid",0,1,"queen",0.5,0.5,"both",1,"Design 1","Design 1: Checkerboard","oracle",1,1,TRUE,0.0661172654939205,0,0,0,0,0,0.0661172654939205,0.0661172654939205,0.0661172654939205,0.0349236853384127,0.0349236853384127,0,NA,0.0468617940600092,0.0853727369278317,0.0468617940600092,0.0853727369278317,1,NA,FALSE,TRUE
"iid",0,1,"queen",0.5,0.5,"both",1,"Design 2","Design 2: High Incidence Focus","oracle",4,1,TRUE,0.15927003454037,0,0,0,0,0,0.15927003454037,0.15927003454037,0.15927003454037,0.0531566329921124,0.0531566329921124,0,NA,0.120381542994265,0.198158526086474,0.120381542994265,0.198158526086474,1,NA,FALSE,TRUE
"iid",0,1,"queen",0.5,0.5,"both",1,"Design 3","Design 3: Saturation Quadrants","oracle",4,4,TRUE,0.0601104366574678,0.000782988958757418,0.000551472574212353,0.000231516384545065,0.0279819398676614,0.0152156624747352,0.0857284041770876,0.094071880460233,0.094071880460233,0.0117417266001678,0.0139909699338307,0.000402402709289058,0.704317178479151,0.074623772626682,0.109634513900708,0.0776775673739361,0.12064550937071,0,0.4,TRUE,FALSE
"iid",0,1,"queen",0.5,0.5,"both",1,"Design 4","Design 4: Isolation Buffer","oracle",4,4,TRUE,0.134183018152492,0.000976327979131081,0.00267559661091436,-0.00169926863178328,0.0312462474407901,NA,0.162088853265884,0.174582694801953,0.174582694801953,0.0258630847488963,0.015623123720395,-0.00464153930544056,2.74046905149191,0.183365316995259,0.225069648659033,0.2178791400458,0.246332326393246,0,-0.2,TRUE,FALSE
"iid",0,1,"queen",0.5,0.5,"both",1,"Design 5","Design 5: 2x2 Blocking","oracle",4,4,TRUE,0.0329394035877037,5.86425060723704e-05,0.000226604897985005,-0.000167962391912634,0.00765783951727708,NA,0.0399828229487061,0.0408136121465699,0.0408136121465699,0.00752670077100526,0.00382891975863854,-0.000201895940519364,3.86417486499217,0.0427315302116036,0.0514620403950763,0.0448971737745472,0.0546819738236499,0,-0.4,TRUE,FALSE
"iid",0,1,"queen",0.5,0.5,"both",1,"Design 6","Design 6: Balanced Quartiles","oracle",4,4,TRUE,0.0391511341326084,0.000204472748842375,0.000370922614598577,-0.000166449865756202,0.0142993967999484,NA,0.0526271817647381,0.0582434529475071,0.0582434529475071,0.0096296756772824,0.00714969839997421,7.61257428338036e-05,1.81404425136631,0.0553510815086096,0.0559697793531443,0.0568921853273722,0.0595947205676421,1,0.4,TRUE,FALSE
"iid",0,1,"queen",0.5,0.5,"both",1,"Design 7","Design 7: Balanced Halves","oracle",4,4,TRUE,0.0482448797210533,0.000202473731807669,0.00067795055428331,-0.000475476822475642,0.0142293264706264,NA,0.0602165341308251,0.062180842254581,0.062180842254581,0.0130187418198084,0.00711466323531319,-0.000269435793608441,3.34833831643554,0.0562466370841669,0.0891374486905568,0.0685460744746462,0.0969064564127337,0,-0.6,TRUE,FALSE
"iid",0,1,"queen",0.5,0.5,"both",1,"Design 8","Design 8: Incidence-Guided Saturation Quadrants","oracle",4,4,TRUE,0.0439199331398732,5.56241696802157e-05,0.000341314264449691,-0.000285690094769475,0.00745816128011561,NA,0.0497474076436953,0.050117904815907,0.050117904815907,0.00923734627002921,0.00372908064005781,-0.0003918637389767,6.13607837046219,0.0640303128657974,0.0643829445462694,0.0749898014431247,0.0699519637079075,0,-0.8,TRUE,FALSE
"iid",0,1,"queen",0.5,0.5,"both",1,"Design 9","Design 9: Simple Random Sampling","oracle",4,4,TRUE,0.0291105494450542,4.37177613701893e-05,0.000138055775769083,-9.4338014398894e-05,0.00661194081720257,NA,0.034210451567683,0.0349304048355146,0.0349304048355146,0.00587485692951504,0.00330597040860128,-6.34733433679635e-05,3.15788758257924,0.0251114067172223,0.051602709083587,0.0273048413428528,0.0522377384003062,0,-0.8,TRUE,FALSE
