"Design","Incidence_Mode","Rho_Incidence","Spillover_Type","MSE","Squared_Bias","Error_Variance","Label","Regime","Configuration","Bias_Percent","Variance_Percent"
"Design 1","poisson",0.2,"both",0.0611500375168252,0.00021379537035377,0.0609362421464714,"Checkerboard","Both arms","Poisson (0.2)",0.349624266861562,99.6503757331384
"Design 2","poisson",0.2,"both",0.158490489190612,0.00127259924362777,0.157217889946984,"High incidence focus","Both arms","Poisson (0.2)",0.802949912090468,99.1970500879095
"Design 4","poisson",0.2,"both",0.161837681705717,0.000818369778189709,0.161019311927528,"Isolation buffer","Both arms","Poisson (0.2)",0.505673196479555,99.4943268035204
"Design 5","poisson",0.2,"both",0.0601361128340707,0.000199935302384789,0.0599361775316859,"2 x 2 blocking","Both arms","Poisson (0.2)",0.332471277178251,99.6675287228217
"Design 6","poisson",0.2,"both",0.0410977835921965,0.000411511469137335,0.0406862721230591,"Balanced quartiles","Both arms","Poisson (0.2)",1.00129844767461,98.9987015523254
"Design 8","poisson",0.2,"both",0.0465000141946143,0.000576676165639702,0.0459233380289746,"Guided saturation","Both arms","Poisson (0.2)",1.24016341850169,98.7598365814983
"Design 1","poisson",0.2,"control_only",2.16211421770154,0.00959278845290352,2.15252142924864,"Checkerboard","Control only","Poisson (0.2)",0.443676304164043,99.556323695836
"Design 2","poisson",0.2,"control_only",0.306284612311594,0.00355122086508467,0.302733391446509,"High incidence focus","Control only","Poisson (0.2)",1.15945128234907,98.8405487176509
"Design 4","poisson",0.2,"control_only",0.1621050105012,0.00042509800948868,0.161679912491711,"Isolation buffer","Control only","Poisson (0.2)",0.262236193794598,99.7377638062054
"Design 5","poisson",0.2,"control_only",0.592688521775324,0.0017247492949042,0.59096377248042,"2 x 2 blocking","Control only","Poisson (0.2)",0.291004335588942,99.7089956644111
"Design 6","poisson",0.2,"control_only",0.215815358893693,0.001368643979754,0.214446714913939,"Balanced quartiles","Control only","Poisson (0.2)",0.634173576324647,99.3658264236754
"Design 8","poisson",0.2,"control_only",0.133556934653875,0.00286907032576085,0.130687864328114,"Guided saturation","Control only","Poisson (0.2)",2.14820019132387,97.8517998086762
