"Design","Incidence_Mode","Rho_Incidence","Spillover_Type","MSE","Squared_Bias","Error_Variance"
"Design 1","iid",0,"both",0.0635428942337478,0.000235471692843839,0.063307422540904
"Design 2","iid",0,"both",0.161388625988693,0.00121950151368975,0.160169124475003
"Design 3","iid",0,"both",0.0449034162117201,0.000204302103222147,0.044699114108498
"Design 4","iid",0,"both",0.162353939467416,0.000657684962744396,0.161696254504671
"Design 5","iid",0,"both",0.0621173007920025,0.000134126820818568,0.0619831739711839
"Design 6","iid",0,"both",0.0423038588644412,0.000103071285797793,0.0422007875786434
"Design 7","iid",0,"both",0.0418182147163011,0.000142259149935156,0.0416759555663659
"Design 8","iid",0,"both",0.0456221516948983,0.000375432072909663,0.0452467196219886
"Design 9","iid",0,"both",0.0419468169906808,0.000275233572556978,0.0416715834181238
"Design 1","poisson",0.2,"both",0.0611500375168252,0.00021379537035377,0.0609362421464714
"Design 2","poisson",0.2,"both",0.158490489190612,0.00127259924362777,0.157217889946984
"Design 3","poisson",0.2,"both",0.0440678779970618,0.000308752668918057,0.0437591253281438
"Design 4","poisson",0.2,"both",0.161837681705717,0.000818369778189709,0.161019311927528
"Design 5","poisson",0.2,"both",0.0601361128340707,0.000199935302384789,0.0599361775316859
"Design 6","poisson",0.2,"both",0.0410977835921965,0.000411511469137335,0.0406862721230591
"Design 7","poisson",0.2,"both",0.0420694467725869,0.000191942694981487,0.0418775040776054
"Design 8","poisson",0.2,"both",0.0465000141946143,0.000576676165639702,0.0459233380289746
"Design 9","poisson",0.2,"both",0.0427440200896563,0.000424163084851999,0.0423198570048043
"Design 1","spatial",0.2,"both",0.0628804094392101,0.000367150130399761,0.0625132593088104
"Design 2","spatial",0.2,"both",0.168064530461543,0.00095650859969528,0.167108021861848
"Design 3","spatial",0.2,"both",0.0440402479311866,0.000291376220370572,0.043748871710816
"Design 4","spatial",0.2,"both",0.159352784851877,0.000386781810270364,0.158966003041607
"Design 5","spatial",0.2,"both",0.0639763341624474,0.000165821248282511,0.0638105129141649
"Design 6","spatial",0.2,"both",0.0418782539890152,0.00019751649566023,0.0416807374933549
"Design 7","spatial",0.2,"both",0.0424167013457554,0.000377451879661199,0.0420392494660942
"Design 8","spatial",0.2,"both",0.0453203725396334,0.000467730987006421,0.0448526415526269
"Design 9","spatial",0.2,"both",0.0419516052391723,0.00014143045656644,0.0418101747826059
"Design 1","poisson",0.5,"both",0.0624665951325314,0.000245530632893948,0.0622210644996374
"Design 2","poisson",0.5,"both",0.16354425122354,0.00111812070995362,0.162426130513586
"Design 3","poisson",0.5,"both",0.0441925671174459,0.000197785512351403,0.0439947816050945
"Design 4","poisson",0.5,"both",0.161989674597868,0.000408730540581022,0.161580944057287
"Design 5","poisson",0.5,"both",0.0628377007323985,0.000132108854624064,0.0627055918777745
"Design 6","poisson",0.5,"both",0.044049732641246,0.000197216161816344,0.0438525164794297
"Design 7","poisson",0.5,"both",0.0416413094105736,0.00017652456672618,0.0414647848438474
"Design 8","poisson",0.5,"both",0.0471545370639452,0.000619362051082843,0.0465351750128624
"Design 9","poisson",0.5,"both",0.0429983916985313,0.000293915271585321,0.042704476426946
"Design 1","spatial",0.5,"both",0.0619011212107699,8.16253049786588e-05,0.0618194959057913
"Design 2","spatial",0.5,"both",0.157212041079064,0.000658256345423104,0.156553784733641
"Design 3","spatial",0.5,"both",0.0437161846698577,0.000252198293162252,0.0434639863766954
"Design 4","spatial",0.5,"both",0.15862610835736,0.000527332170019516,0.15809877618734
"Design 5","spatial",0.5,"both",0.0625083463161934,0.000221025219997565,0.0622873210961958
"Design 6","spatial",0.5,"both",0.041354869297324,0.00027158019486811,0.0410832891024559
"Design 7","spatial",0.5,"both",0.0422274936264322,0.000163649156368951,0.0420638444700632
"Design 8","spatial",0.5,"both",0.0448340935841358,0.000360226045840209,0.0444738675382956
"Design 9","spatial",0.5,"both",0.0421886840397142,0.000225960449347292,0.0419627235903669
"Design 1","iid",0,"control_only",2.11943121814113,0.0127641126782901,2.10666710546284
"Design 2","iid",0,"control_only",0.329584790215817,0.00396500744391004,0.325619782771907
"Design 3","iid",0,"control_only",0.13767433888409,0.00204737468481223,0.135626964199277
"Design 4","iid",0,"control_only",0.156761711434044,0.00105539834128987,0.155706313092754
"Design 5","iid",0,"control_only",0.560788172023552,0.00157354759735854,0.559214624426194
"Design 6","iid",0,"control_only",0.216964062364628,0.00128571526520478,0.215678347099423
"Design 7","iid",0,"control_only",0.221362585647348,0.00141443237009928,0.219948153277249
"Design 8","iid",0,"control_only",0.139386223481103,0.00324208243190137,0.136144141049201
"Design 9","iid",0,"control_only",0.202505241923612,0.00163371361837997,0.200871528305232
"Design 1","poisson",0.2,"control_only",2.16211421770154,0.00959278845290352,2.15252142924864
"Design 2","poisson",0.2,"control_only",0.306284612311594,0.00355122086508467,0.302733391446509
"Design 3","poisson",0.2,"control_only",0.129098840315884,0.00176590122666783,0.127332939089216
"Design 4","poisson",0.2,"control_only",0.1621050105012,0.00042509800948868,0.161679912491711
"Design 5","poisson",0.2,"control_only",0.592688521775324,0.0017247492949042,0.59096377248042
"Design 6","poisson",0.2,"control_only",0.215815358893693,0.001368643979754,0.214446714913939
"Design 7","poisson",0.2,"control_only",0.220347509366012,0.00106984648651474,0.219277662879497
"Design 8","poisson",0.2,"control_only",0.133556934653875,0.00286907032576085,0.130687864328114
"Design 9","poisson",0.2,"control_only",0.220451763102485,0.00143959073550623,0.219012172366979
"Design 1","spatial",0.2,"control_only",2.07352698302503,0.00621052418603948,2.06731645883899
"Design 2","spatial",0.2,"control_only",0.36502150154364,0.00359706960072433,0.361424431942916
"Design 3","spatial",0.2,"control_only",0.135474003964056,0.00246656369831211,0.133007440265744
"Design 4","spatial",0.2,"control_only",0.158774216749643,0.000508958181328343,0.158265258568314
"Design 5","spatial",0.2,"control_only",0.566327946891822,0.00392908085305256,0.562398866038769
"Design 6","spatial",0.2,"control_only",0.218683357586763,0.00141647458657673,0.217266883000186
"Design 7","spatial",0.2,"control_only",0.216821232571,0.00153155153157132,0.215289681039429
"Design 8","spatial",0.2,"control_only",0.128791755750425,0.0022367015258705,0.126555054224554
"Design 9","spatial",0.2,"control_only",0.216552608594864,0.00180316246327395,0.21474944613159
"Design 1","poisson",0.5,"control_only",2.09223184747762,0.00656591941297986,2.08566592806464
"Design 2","poisson",0.5,"control_only",0.311606435659854,0.00372371500281958,0.307882720657034
"Design 3","poisson",0.5,"control_only",0.135641607028536,0.00236156426766957,0.133280042760866
"Design 4","poisson",0.5,"control_only",0.159878362903976,0.000546091315123907,0.159332271588852
"Design 5","poisson",0.5,"control_only",0.577258876474059,0.00396492071613476,0.573293955757924
"Design 6","poisson",0.5,"control_only",0.22623962803347,0.00196922975627474,0.224270398277195
"Design 7","poisson",0.5,"control_only",0.216403787639706,0.00157867659828739,0.214825111041419
"Design 8","poisson",0.5,"control_only",0.137100649259589,0.00266346678592721,0.134437182473662
"Design 9","poisson",0.5,"control_only",0.217396548171298,0.00211469313656884,0.215281855034729
"Design 1","spatial",0.5,"control_only",2.1097049262605,0.00870261606615408,2.10100231019435
"Design 2","spatial",0.5,"control_only",0.333354433158109,0.00365941734348019,0.329695015814628
"Design 3","spatial",0.5,"control_only",0.141599183252159,0.00253406817129772,0.139065115080861
"Design 4","spatial",0.5,"control_only",0.159948403495987,0.00072083984718833,0.159227563648799
"Design 5","spatial",0.5,"control_only",0.583679958467493,0.00200025270530514,0.581679705762188
"Design 6","spatial",0.5,"control_only",0.219749653761108,0.00253403443656637,0.217215619324541
"Design 7","spatial",0.5,"control_only",0.214326701717354,0.00148119678758571,0.212845504929768
"Design 8","spatial",0.5,"control_only",0.138440498888069,0.00381702094015985,0.134623477947909
"Design 9","spatial",0.5,"control_only",0.216072656457064,0.0026571631194535,0.21341549333761
